0 0.415625 0.0546875 0.40937500000000004 0.0546875 0.40937500000000004 0.0765625 0.415625 0.0765625 0.41718750000000004 0.078125 0.41875 0.078125 0.42031250000000003 0.07968750000000001 0.421875 0.07968750000000001 0.4234375 0.08125 0.4265625 0.08125 0.4296875 0.084375 0.4296875 0.0890625 0.446875 0.0890625 0.446875 0.084375 0.453125 0.078125 0.4546875 0.078125 0.4546875 0.0765625 0.45625000000000004 0.07500000000000001 0.45625000000000004 0.0734375 0.45937500000000003 0.07031250000000001 0.46406250000000004 0.07031250000000001 0.46406250000000004 0.0578125 0.4578125 0.0578125 0.45625000000000004 0.05625 0.45625000000000004 0.0546875 0.4546875 0.0546875 0.453125 0.053125000000000006 0.453125 0.046875 0.41718750000000004 0.046875 0.41718750000000004 0.053125000000000006 0.415625 0.0546875
0 0.5953125 0.61875 0.596875 0.6203125 0.5984375000000001 0.6203125 0.6015625 0.6234375000000001 0.603125 0.6234375000000001 0.6046875 0.625 0.6171875 0.625 0.61875 0.6234375000000001 0.6265625 0.6234375000000001 0.6265625 0.6125 0.6218750000000001 0.6125 0.6203125 0.6109375 0.6203125 0.609375 0.61875 0.6078125000000001 0.61875 0.6062500000000001 0.6125 0.6000000000000001 0.6125 0.5984375000000001 0.6109375 0.596875 0.6109375 0.5953125 0.609375 0.59375 0.609375 0.5921875000000001 0.6078125000000001 0.5906250000000001 0.6078125000000001 0.5843750000000001 0.5906250000000001 0.5843750000000001 0.5906250000000001 0.61875 0.5953125 0.61875
0 0.5640625 0.11406250000000001 0.5671875000000001 0.1171875 0.5687500000000001 0.1171875 0.571875 0.1203125 0.5750000000000001 0.1203125 0.5765625000000001 0.12187500000000001 0.5765625000000001 0.12656250000000002 0.6000000000000001 0.12656250000000002 0.6000000000000001 0.12187500000000001 0.603125 0.11875000000000001 0.6046875 0.11875000000000001 0.609375 0.11406250000000001 0.6140625000000001 0.11406250000000001 0.6140625000000001 0.09062500000000001 0.5593750000000001 0.09062500000000001 0.5593750000000001 0.11406250000000001 0.5640625 0.11406250000000001
0 0.5765625000000001 0.37343750000000003 0.58125 0.37812500000000004 0.58125 0.3796875 0.5828125000000001 0.38125000000000003 0.5843750000000001 0.38125000000000003 0.5875 0.384375 0.5875 0.38906250000000003 0.6062500000000001 0.38906250000000003 0.6062500000000001 0.384375 0.6125 0.37812500000000004 0.6125 0.375 0.6140625000000001 0.37343750000000003 0.6140625000000001 0.3640625 0.6109375 0.3609375 0.609375 0.3609375 0.6062500000000001 0.35781250000000003 0.6062500000000001 0.353125 0.571875 0.353125 0.571875 0.37343750000000003 0.5765625000000001 0.37343750000000003
0 0.384375 0.4609375 0.3796875 0.4609375 0.37812500000000004 0.4625 0.3765625 0.4625 0.375 0.46406250000000004 0.37343750000000003 0.46406250000000004 0.371875 0.465625 0.36562500000000003 0.465625 0.3640625 0.46718750000000003 0.3609375 0.46718750000000003 0.359375 0.465625 0.353125 0.465625 0.353125 0.48125 0.359375 0.48125 0.3609375 0.48281250000000003 0.36250000000000004 0.48281250000000003 0.36875 0.4890625 0.37031250000000004 0.4890625 0.371875 0.49062500000000003 0.371875 0.4921875 0.37343750000000003 0.4921875 0.37812500000000004 0.496875 0.37812500000000004 0.5015625 0.38593750000000004 0.5015625 0.38593750000000004 0.496875 0.3875 0.49531250000000004 0.38906250000000003 0.49531250000000004 0.390625 0.49375 0.390625 0.4921875 0.4 0.48281250000000003 0.40156250000000004 0.48281250000000003 0.40625 0.478125 0.4078125 0.478125 0.4140625 0.47187500000000004 0.42031250000000003 0.47187500000000004 0.42031250000000003 0.453125 0.3875 0.453125 0.3875 0.4578125 0.384375 0.4609375
0 0.6578125 0.30312500000000003 0.6687500000000001 0.3140625 0.6703125000000001 0.3140625 0.671875 0.31562500000000004 0.671875 0.3171875 0.6734375 0.31875000000000003 0.675 0.31875000000000003 0.6765625000000001 0.3203125 0.6781250000000001 0.3203125 0.6796875 0.321875 0.6796875 0.32656250000000003 0.7000000000000001 0.32656250000000003 0.7000000000000001 0.321875 0.7156250000000001 0.30625 0.7203125 0.30625 0.7203125 0.28437500000000004 0.6531250000000001 0.28437500000000004 0.6531250000000001 0.30312500000000003 0.6578125 0.30312500000000003
0 0.4703125 0.084375 0.47968750000000004 0.09375 0.48125 0.09375 0.48281250000000003 0.09531250000000001 0.48281250000000003 0.1015625 0.5109375 0.1015625 0.5109375 0.096875 0.5125000000000001 0.09531250000000001 0.5140625000000001 0.09531250000000001 0.5156250000000001 0.09375 0.5171875 0.09375 0.51875 0.0921875 0.5203125000000001 0.0921875 0.5218750000000001 0.09062500000000001 0.5218750000000001 0.0890625 0.525 0.0859375 0.525 0.084375 0.5265625 0.08281250000000001 0.5265625 0.07968750000000001 0.5281250000000001 0.078125 0.5281250000000001 0.07500000000000001 0.5296875000000001 0.0734375 0.5296875000000001 0.07031250000000001 0.5312500000000001 0.06875 0.5312500000000001 0.065625 0.5328125 0.06406250000000001 0.5328125 0.0578125 0.534375 0.05625 0.5390625000000001 0.05625 0.5390625000000001 0.05 0.534375 0.05 0.5328125 0.0484375 0.5328125 0.040625 0.465625 0.040625 0.465625 0.084375 0.4703125 0.084375
0 0.3609375 0.34218750000000003 0.3609375 0.34375 0.35625 0.3484375 0.35625 0.35000000000000003 0.35468750000000004 0.3515625 0.35468750000000004 0.35468750000000004 0.3515625 0.35781250000000003 0.34687500000000004 0.35781250000000003 0.34687500000000004 0.3828125 0.359375 0.3828125 0.359375 0.37812500000000004 0.3640625 0.37343750000000003 0.36562500000000003 0.37343750000000003 0.37343750000000003 0.36562500000000003 0.375 0.36562500000000003 0.37812500000000004 0.36250000000000004 0.3828125 0.36250000000000004 0.3828125 0.33437500000000003 0.36250000000000004 0.33437500000000003 0.36250000000000004 0.340625 0.3609375 0.34218750000000003
0 0.6671875 0.4546875 0.6687500000000001 0.45625000000000004 0.6703125000000001 0.45625000000000004 0.675 0.4609375 0.6765625000000001 0.4609375 0.6781250000000001 0.4625 0.6796875 0.4625 0.6828125 0.465625 0.6828125 0.4703125 0.690625 0.4703125 0.690625 0.46406250000000004 0.696875 0.4578125 0.6984375 0.4578125 0.703125 0.453125 0.7078125000000001 0.453125 0.7078125000000001 0.4453125 0.703125 0.4453125 0.7015625000000001 0.44375000000000003 0.7000000000000001 0.44375000000000003 0.6984375 0.4421875 0.696875 0.4421875 0.6937500000000001 0.4390625 0.6937500000000001 0.434375 0.659375 0.434375 0.659375 0.4546875 0.6671875 0.4546875
0 0.5453125000000001 0.0890625 0.5531250000000001 0.096875 0.5531250000000001 0.1015625 0.5593750000000001 0.1015625 0.5593750000000001 0.096875 0.565625 0.09062500000000001 0.5671875000000001 0.09062500000000001 0.5687500000000001 0.0890625 0.5703125000000001 0.0890625 0.571875 0.08750000000000001 0.5765625000000001 0.08750000000000001 0.5765625000000001 0.059375000000000004 0.540625 0.059375000000000004 0.540625 0.0890625 0.5453125000000001 0.0890625
0 0.3328125 0.30781250000000004 0.33437500000000003 0.30781250000000004 0.3375 0.3046875 0.33906250000000004 0.3046875 0.340625 0.30312500000000003 0.3453125 0.30312500000000003 0.3453125 0.290625 0.309375 0.290625 0.309375 0.296875 0.3046875 0.3015625 0.3046875 0.30312500000000003 0.30312500000000003 0.3046875 0.3015625 0.3046875 0.30000000000000004 0.30625 0.30000000000000004 0.30781250000000004 0.29531250000000003 0.3125 0.29375 0.3125 0.29218750000000004 0.3140625 0.29218750000000004 0.31562500000000004 0.290625 0.3171875 0.28437500000000004 0.3171875 0.28437500000000004 0.33125000000000004 0.28906250000000006 0.33125000000000004 0.290625 0.3328125 0.30000000000000004 0.3328125 0.3015625 0.33125000000000004 0.3046875 0.33125000000000004 0.3140625 0.321875 0.31562500000000004 0.321875 0.32343750000000004 0.3140625 0.325 0.3140625 0.3296875 0.309375 0.33125000000000004 0.309375 0.3328125 0.30781250000000004
0 0.22187500000000002 0.31093750000000003 0.2234375 0.3125 0.225 0.3125 0.22968750000000002 0.3171875 0.2328125 0.3171875 0.234375 0.31875000000000003 0.23593750000000002 0.31875000000000003 0.24375000000000002 0.32656250000000003 0.24531250000000002 0.32656250000000003 0.246875 0.328125 0.2484375 0.328125 0.25 0.3296875 0.2546875 0.3296875 0.25625000000000003 0.33125000000000004 0.259375 0.33125000000000004 0.259375 0.3296875 0.26562500000000006 0.32343750000000004 0.2671875 0.32343750000000004 0.27187500000000003 0.31875000000000003 0.27343750000000006 0.31875000000000003 0.27656250000000004 0.31562500000000004 0.2828125 0.31562500000000004 0.2828125 0.3046875 0.27656250000000004 0.3046875 0.275 0.30312500000000003 0.27187500000000003 0.30312500000000003 0.2671875 0.2984375 0.26562500000000006 0.2984375 0.2625 0.29531250000000003 0.2625 0.290625 0.215625 0.290625 0.215625 0.31093750000000003 0.22187500000000002 0.31093750000000003
0 0.2421875 0.2484375 0.240625 0.2484375 0.23750000000000002 0.2515625 0.23593750000000002 0.2515625 0.234375 0.25312500000000004 0.22812500000000002 0.25312500000000004 0.22812500000000002 0.27656250000000004 0.2328125 0.27656250000000004 0.234375 0.278125 0.234375 0.2828125 0.2484375 0.2828125 0.2484375 0.278125 0.25312500000000004 0.27343750000000006 0.25312500000000004 0.27187500000000003 0.2546875 0.2703125 0.25625000000000003 0.2703125 0.26093750000000004 0.26562500000000006 0.2625 0.26562500000000006 0.26406250000000003 0.26406250000000003 0.2671875 0.26406250000000003 0.26875000000000004 0.2625 0.27187500000000003 0.2625 0.275 0.259375 0.27656250000000004 0.259375 0.278125 0.25781250000000006 0.2828125 0.25781250000000006 0.2828125 0.25625000000000003 0.278125 0.25625000000000003 0.27656250000000004 0.2546875 0.27656250000000004 0.2515625 0.27187500000000003 0.246875 0.27187500000000003 0.240625 0.24375000000000002 0.240625 0.24375000000000002 0.246875 0.2421875 0.2484375
0 0.045312500000000006 0.325 0.05 0.3296875 0.05 0.33125000000000004 0.053125000000000006 0.33437500000000003 0.053125000000000006 0.33906250000000004 0.0546875 0.340625 0.0546875 0.34218750000000003 0.059375000000000004 0.34687500000000004 0.059375000000000004 0.3515625 0.065625 0.3515625 0.065625 0.34687500000000004 0.06718750000000001 0.3453125 0.06875 0.3453125 0.07031250000000001 0.34375 0.07187500000000001 0.34375 0.0734375 0.34218750000000003 0.07500000000000001 0.34218750000000003 0.07500000000000001 0.340625 0.0765625 0.33906250000000004 0.078125 0.33906250000000004 0.084375 0.3328125 0.0859375 0.3328125 0.096875 0.321875 0.1015625 0.321875 0.1015625 0.2828125 0.09531250000000001 0.2828125 0.09375 0.28125000000000006 0.09375 0.27968750000000003 0.0921875 0.27968750000000003 0.0890625 0.27656250000000004 0.0890625 0.27187500000000003 0.040625 0.27187500000000003 0.040625 0.325 0.045312500000000006 0.325
0 0.2828125 0.5859375000000001 0.28437500000000004 0.5875 0.2859375 0.5875 0.290625 0.5921875000000001 0.29218750000000004 0.5921875000000001 0.29375 0.59375 0.29531250000000003 0.59375 0.296875 0.5953125 0.3015625 0.5953125 0.30312500000000003 0.596875 0.3046875 0.5953125 0.33125000000000004 0.5953125 0.3328125 0.59375 0.3359375 0.59375 0.33906250000000004 0.5906250000000001 0.33906250000000004 0.5890625 0.3375 0.5875 0.3375 0.5859375000000001 0.33437500000000003 0.5828125000000001 0.3328125 0.5828125000000001 0.33125000000000004 0.58125 0.32656250000000003 0.58125 0.325 0.5796875 0.3171875 0.5796875 0.31562500000000004 0.5781250000000001 0.3125 0.5781250000000001 0.31093750000000003 0.5765625000000001 0.31093750000000003 0.571875 0.278125 0.571875 0.278125 0.5859375000000001 0.2828125 0.5859375000000001
0 0.051562500000000004 0.43281250000000004 0.0546875 0.43593750000000003 0.0546875 0.4375 0.05625 0.4390625 0.05625 0.4453125 0.06406250000000001 0.4453125 0.06406250000000001 0.4390625 0.065625 0.4375 0.065625 0.43593750000000003 0.078125 0.4234375 0.07968750000000001 0.4234375 0.084375 0.41875 0.0890625 0.41875 0.0890625 0.4078125 0.084375 0.4078125 0.08125 0.40468750000000003 0.08125 0.403125 0.07968750000000001 0.40156250000000004 0.07968750000000001 0.39687500000000003 0.046875 0.39687500000000003 0.046875 0.43281250000000004 0.051562500000000004 0.43281250000000004
0 0.33437500000000003 0.7609375 0.3359375 0.7625000000000001 0.3375 0.7625000000000001 0.33906250000000004 0.7640625000000001 0.359375 0.7640625000000001 0.3609375 0.7625000000000001 0.3671875 0.7625000000000001 0.36875 0.7609375 0.37031250000000004 0.7609375 0.371875 0.759375 0.37343750000000003 0.759375 0.375 0.7578125 0.3765625 0.7578125 0.37812500000000004 0.7562500000000001 0.3796875 0.7562500000000001 0.38125000000000003 0.7546875000000001 0.3828125 0.7546875000000001 0.384375 0.753125 0.38906250000000003 0.753125 0.38906250000000003 0.734375 0.328125 0.734375 0.328125 0.7609375 0.33437500000000003 0.7609375
0 0.3375 0.26875000000000004 0.3375 0.27187500000000003 0.33906250000000004 0.27343750000000006 0.33906250000000004 0.275 0.340625 0.27656250000000004 0.340625 0.278125 0.34218750000000003 0.278125 0.3453125 0.28125000000000006 0.34687500000000004 0.28125000000000006 0.3515625 0.2859375 0.353125 0.2859375 0.35468750000000004 0.28750000000000003 0.35625 0.28750000000000003 0.35781250000000003 0.28906250000000006 0.359375 0.28906250000000006 0.36250000000000004 0.29218750000000004 0.36562500000000003 0.29218750000000004 0.3671875 0.29375 0.38125000000000003 0.29375 0.3828125 0.29218750000000004 0.384375 0.29218750000000004 0.38906250000000003 0.28750000000000003 0.390625 0.28750000000000003 0.403125 0.275 0.4078125 0.275 0.4078125 0.259375 0.34218750000000003 0.259375 0.34218750000000003 0.26406250000000003 0.3375 0.26875000000000004
0 0.1078125 0.5125000000000001 0.1125 0.5171875 0.1125 0.51875 0.115625 0.5218750000000001 0.115625 0.5265625 0.13281250000000003 0.5265625 0.13281250000000003 0.5218750000000001 0.13437500000000002 0.5203125000000001 0.13593750000000002 0.5203125000000001 0.14062500000000003 0.5156250000000001 0.14218750000000002 0.5156250000000001 0.146875 0.5109375 0.15156250000000002 0.5109375 0.15156250000000002 0.5 0.146875 0.5 0.14218750000000002 0.49531250000000004 0.14062500000000003 0.49531250000000004 0.1375 0.4921875 0.13593750000000002 0.4921875 0.13437500000000002 0.49062500000000003 0.13281250000000003 0.49062500000000003 0.1203125 0.478125 0.1203125 0.47187500000000004 0.10312500000000001 0.47187500000000004 0.10312500000000001 0.5125000000000001 0.1078125 0.5125000000000001
0 0.240625 0.22031250000000002 0.24531250000000002 0.225 0.246875 0.225 0.25 0.22812500000000002 0.25 0.2328125 0.26406250000000003 0.2328125 0.26406250000000003 0.22812500000000002 0.2671875 0.225 0.26875000000000004 0.225 0.27187500000000003 0.22187500000000002 0.27343750000000006 0.22187500000000002 0.27656250000000004 0.21875 0.27656250000000004 0.2171875 0.278125 0.215625 0.2828125 0.215625 0.2828125 0.20625000000000002 0.278125 0.20625000000000002 0.27656250000000004 0.20468750000000002 0.275 0.20468750000000002 0.27187500000000003 0.2015625 0.27187500000000003 0.19687500000000002 0.234375 0.19687500000000002 0.234375 0.22031250000000002 0.240625 0.22031250000000002
0 0.34687500000000004 0.45625000000000004 0.353125 0.4625 0.35468750000000004 0.4625 0.35781250000000003 0.465625 0.35781250000000003 0.4703125 0.3671875 0.4703125 0.3671875 0.465625 0.37031250000000004 0.4625 0.371875 0.4625 0.37343750000000003 0.4609375 0.375 0.4609375 0.37812500000000004 0.4578125 0.3796875 0.4578125 0.38125000000000003 0.45625000000000004 0.3828125 0.45625000000000004 0.384375 0.4546875 0.38906250000000003 0.4546875 0.38906250000000003 0.44375000000000003 0.384375 0.44375000000000003 0.38125000000000003 0.44062500000000004 0.38125000000000003 0.434375 0.340625 0.434375 0.340625 0.45625000000000004 0.34687500000000004 0.45625000000000004
0 0.4765625 0.16875 0.47500000000000003 0.16875 0.4734375 0.1703125 0.4734375 0.171875 0.47187500000000004 0.17343750000000002 0.465625 0.17343750000000002 0.465625 0.18906250000000002 0.4703125 0.18906250000000002 0.47187500000000004 0.19062500000000002 0.4734375 0.19062500000000002 0.4765625 0.19375 0.47968750000000004 0.19375 0.4859375 0.2 0.48750000000000004 0.2 0.49062500000000003 0.203125 0.49062500000000003 0.2078125 0.5046875000000001 0.2078125 0.5046875000000001 0.203125 0.5156250000000001 0.1921875 0.5171875 0.1921875 0.5203125000000001 0.18906250000000002 0.5265625 0.18906250000000002 0.5265625 0.16875 0.5218750000000001 0.16875 0.5171875 0.1640625 0.5171875 0.15937500000000002 0.48125 0.15937500000000002 0.48125 0.1640625 0.4765625 0.16875
0 0.5015625 0.34687500000000004 0.44062500000000004 0.34687500000000004 0.44062500000000004 0.3671875 0.4453125 0.3671875 0.446875 0.36875 0.44843750000000004 0.36875 0.45 0.37031250000000004 0.45156250000000003 0.37031250000000004 0.453125 0.371875 0.453125 0.3765625 0.465625 0.3765625 0.465625 0.371875 0.46875 0.36875 0.47187500000000004 0.36875 0.4734375 0.3671875 0.47500000000000003 0.3671875 0.4765625 0.36562500000000003 0.47968750000000004 0.36562500000000003 0.48125 0.3640625 0.48281250000000003 0.3640625 0.484375 0.36250000000000004 0.4859375 0.36250000000000004 0.49531250000000004 0.353125 0.5015625 0.353125 0.5015625 0.34687500000000004
0 0.34687500000000004 0.08281250000000001 0.3484375 0.084375 0.35000000000000003 0.084375 0.3515625 0.0859375 0.35468750000000004 0.0859375 0.35625 0.08750000000000001 0.359375 0.08750000000000001 0.3609375 0.0890625 0.36562500000000003 0.0890625 0.3671875 0.09062500000000001 0.36875 0.09062500000000001 0.37031250000000004 0.0921875 0.371875 0.0921875 0.37343750000000003 0.09375 0.3765625 0.09375 0.37812500000000004 0.09531250000000001 0.38593750000000004 0.09531250000000001 0.3875 0.096875 0.3921875 0.096875 0.39375000000000004 0.09843750000000001 0.39687500000000003 0.09843750000000001 0.3984375 0.1 0.4 0.1 0.40156250000000004 0.1015625 0.40468750000000003 0.1015625 0.40625 0.10312500000000001 0.40937500000000004 0.10312500000000001 0.4109375 0.1046875 0.415625 0.1046875 0.41718750000000004 0.10625000000000001 0.42031250000000003 0.10625000000000001 0.421875 0.1078125 0.4234375 0.1078125 0.4265625 0.11093750000000001 0.4296875 0.11093750000000001 0.43125 0.1125 0.434375 0.1125 0.43593750000000003 0.11406250000000001 0.4390625 0.11406250000000001 0.44062500000000004 0.115625 0.44375000000000003 0.115625 0.4453125 0.1171875 0.45 0.1171875 0.45156250000000003 0.11875000000000001 0.46406250000000004 0.11875000000000001 0.46875 0.11406250000000001 0.4703125 0.11406250000000001 0.47187500000000004 0.1125 0.4765625 0.1125 0.4765625 0.09843750000000001 0.47187500000000004 0.09843750000000001 0.4703125 0.096875 0.46875 0.096875 0.46718750000000003 0.09531250000000001 0.46406250000000004 0.09531250000000001 0.4625 0.09375 0.45937500000000003 0.09375 0.4578125 0.0921875 0.4546875 0.0921875 0.453125 0.09062500000000001 0.44843750000000004 0.09062500000000001 0.446875 0.0890625 0.44062500000000004 0.0890625 0.4390625 0.08750000000000001 0.43593750000000003 0.08750000000000001 0.434375 0.0859375 0.43125 0.0859375 0.4296875 0.084375 0.4265625 0.084375 0.42500000000000004 0.08281250000000001 0.421875 0.08281250000000001 0.42031250000000003 0.08125 0.41875 0.08125 0.41718750000000004 0.07968750000000001 0.415625 0.07968750000000001 0.4140625 0.078125 0.41250000000000003 0.078125 0.4109375 0.0765625 0.40937500000000004 0.0765625 0.4078125 0.07500000000000001 0.40468750000000003 0.07500000000000001 0.403125 0.0734375 0.39687500000000003 0.0734375 0.3953125 0.07187500000000001 0.39375000000000004 0.07187500000000001 0.3921875 0.07031250000000001 0.3921875 0.065625 0.340625 0.065625 0.340625 0.08281250000000001 0.34687500000000004 0.08281250000000001
0 0.28906250000000006 0.1046875 0.2859375 0.1046875 0.28437500000000004 0.10625000000000001 0.28125000000000006 0.10625000000000001 0.27968750000000003 0.1078125 0.27656250000000004 0.1078125 0.275 0.109375 0.27187500000000003 0.109375 0.2703125 0.11093750000000001 0.26875000000000004 0.11093750000000001 0.2671875 0.1125 0.259375 0.1125 0.259375 0.1453125 0.26406250000000003 0.1453125 0.27187500000000003 0.153125 0.27187500000000003 0.15781250000000002 0.296875 0.15781250000000002 0.296875 0.153125 0.30000000000000004 0.15000000000000002 0.3015625 0.15000000000000002 0.30312500000000003 0.1484375 0.30625 0.1484375 0.30781250000000004 0.146875 0.31093750000000003 0.146875 0.3125 0.1453125 0.3171875 0.1453125 0.31875000000000003 0.14375000000000002 0.325 0.14375000000000002 0.32656250000000003 0.14218750000000002 0.328125 0.14218750000000002 0.3296875 0.14062500000000003 0.33125000000000004 0.14062500000000003 0.3328125 0.1390625 0.33437500000000003 0.1390625 0.3359375 0.1375 0.33906250000000004 0.1375 0.340625 0.13593750000000002 0.34218750000000003 0.13593750000000002 0.34375 0.13437500000000002 0.3453125 0.13437500000000002 0.3484375 0.13125 0.3484375 0.1171875 0.35000000000000003 0.115625 0.35000000000000003 0.11406250000000001 0.3484375 0.11406250000000001 0.3453125 0.11093750000000001 0.3453125 0.109375 0.34375 0.1078125 0.34375 0.10625000000000001 0.34218750000000003 0.1046875 0.34218750000000003 0.10312500000000001 0.340625 0.1015625 0.340625 0.096875 0.29218750000000004 0.096875 0.29218750000000004 0.1015625 0.28906250000000006 0.1046875
0 0.07500000000000001 0.34687500000000004 0.07500000000000001 0.3484375 0.0734375 0.35000000000000003 0.0734375 0.353125 0.07031250000000001 0.35625 0.065625 0.35625 0.065625 0.375 0.07187500000000001 0.375 0.0734375 0.3765625 0.07500000000000001 0.3765625 0.0765625 0.37812500000000004 0.078125 0.37812500000000004 0.07968750000000001 0.3796875 0.08281250000000001 0.3796875 0.084375 0.38125000000000003 0.0859375 0.38125000000000003 0.08750000000000001 0.3828125 0.0890625 0.3828125 0.096875 0.390625 0.096875 0.3953125 0.1171875 0.3953125 0.1171875 0.390625 0.1203125 0.3875 0.12187500000000001 0.3875 0.1234375 0.38593750000000004 0.1234375 0.384375 0.125 0.3828125 0.12656250000000002 0.3828125 0.13281250000000003 0.3765625 0.13281250000000003 0.375 0.13437500000000002 0.37343750000000003 0.1390625 0.37343750000000003 0.1390625 0.36562500000000003 0.13437500000000002 0.36562500000000003 0.13281250000000003 0.3640625 0.13281250000000003 0.36250000000000004 0.1296875 0.359375 0.12812500000000002 0.359375 0.12656250000000002 0.35781250000000003 0.125 0.35781250000000003 0.1234375 0.35625 0.12187500000000001 0.35625 0.1203125 0.35468750000000004 0.1171875 0.35468750000000004 0.115625 0.353125 0.11406250000000001 0.353125 0.1125 0.3515625 0.11093750000000001 0.3515625 0.109375 0.35000000000000003 0.1078125 0.35000000000000003 0.10312500000000001 0.3453125 0.10312500000000001 0.340625 0.0765625 0.340625 0.0765625 0.3453125 0.07500000000000001 0.34687500000000004
0 0.07187500000000001 0.5578125 0.0734375 0.5593750000000001 0.0734375 0.5609375000000001 0.07500000000000001 0.5625000000000001 0.0765625 0.5625000000000001 0.07968750000000001 0.565625 0.07968750000000001 0.5703125000000001 0.1 0.5703125000000001 0.1 0.5640625 0.10312500000000001 0.5609375000000001 0.1078125 0.5609375000000001 0.1078125 0.5421875 0.1015625 0.5421875 0.09843750000000001 0.5390625000000001 0.09843750000000001 0.534375 0.065625 0.534375 0.065625 0.5578125 0.07187500000000001 0.5578125
0 0.4765625 0.6109375 0.47968750000000004 0.6140625000000001 0.48125 0.6140625000000001 0.4859375 0.61875 0.5 0.61875 0.5015625 0.6171875 0.503125 0.6171875 0.509375 0.6109375 0.5140625000000001 0.6109375 0.5140625000000001 0.5906250000000001 0.47187500000000004 0.5906250000000001 0.47187500000000004 0.6109375 0.4765625 0.6109375
0 0.415625 0.26406250000000003 0.40937500000000004 0.26406250000000003 0.40937500000000004 0.28125000000000006 0.4140625 0.28125000000000006 0.41718750000000004 0.28437500000000004 0.41718750000000004 0.28906250000000006 0.4296875 0.28906250000000006 0.4296875 0.28437500000000004 0.43281250000000004 0.28125000000000006 0.434375 0.28125000000000006 0.44062500000000004 0.275 0.4421875 0.275 0.4453125 0.27187500000000003 0.446875 0.27187500000000003 0.44843750000000004 0.2703125 0.45 0.2703125 0.453125 0.2671875 0.4578125 0.2671875 0.4578125 0.25312500000000004 0.42031250000000003 0.25312500000000004 0.42031250000000003 0.259375 0.415625 0.26406250000000003
0 0.5421875 0.7578125 0.5468750000000001 0.7625000000000001 0.55 0.7625000000000001 0.5515625000000001 0.7640625000000001 0.565625 0.7640625000000001 0.5671875000000001 0.765625 0.5671875000000001 0.7703125000000001 0.5703125000000001 0.7703125000000001 0.5703125000000001 0.765625 0.571875 0.7640625000000001 0.5750000000000001 0.7640625000000001 0.5765625000000001 0.7625000000000001 0.5796875 0.7625000000000001 0.5843750000000001 0.7578125 0.5859375000000001 0.7578125 0.5890625 0.7546875000000001 0.5906250000000001 0.7546875000000001 0.5953125 0.75 0.5953125 0.7484375000000001 0.596875 0.7468750000000001 0.6015625 0.7468750000000001 0.6015625 0.734375 0.534375 0.734375 0.534375 0.7578125 0.5421875 0.7578125
0 0.38906250000000003 0.5828125000000001 0.3921875 0.5859375000000001 0.39375000000000004 0.5859375000000001 0.3953125 0.5875 0.39687500000000003 0.5875 0.3984375 0.5890625 0.4 0.5890625 0.40468750000000003 0.59375 0.40625 0.59375 0.40937500000000004 0.596875 0.40937500000000004 0.6015625 0.42500000000000004 0.6015625 0.42500000000000004 0.596875 0.4265625 0.5953125 0.42812500000000003 0.5953125 0.4296875 0.59375 0.43281250000000004 0.59375 0.434375 0.5921875000000001 0.43593750000000003 0.5921875000000001 0.4390625 0.5890625 0.4453125 0.5890625 0.4453125 0.5828125000000001 0.44062500000000004 0.5828125000000001 0.434375 0.5765625000000001 0.434375 0.571875 0.384375 0.571875 0.384375 0.5828125000000001 0.38906250000000003 0.5828125000000001
0 0.44062500000000004 0.7140625 0.44375000000000003 0.7171875000000001 0.4453125 0.7171875000000001 0.446875 0.71875 0.44843750000000004 0.71875 0.45 0.7203125 0.45156250000000003 0.7203125 0.4578125 0.7265625 0.46406250000000004 0.7265625 0.46718750000000003 0.7234375000000001 0.46718750000000003 0.721875 0.46875 0.7203125 0.4703125 0.7203125 0.48125 0.7093750000000001 0.48281250000000003 0.7093750000000001 0.484375 0.7078125000000001 0.4859375 0.7078125000000001 0.49062500000000003 0.703125 0.49531250000000004 0.703125 0.49531250000000004 0.696875 0.434375 0.696875 0.434375 0.7140625 0.44062500000000004 0.7140625
0 0.534375 0.5984375000000001 0.5281250000000001 0.5984375000000001 0.5281250000000001 0.6265625 0.5484375 0.6265625 0.5484375 0.6218750000000001 0.55 0.6203125 0.5515625000000001 0.6203125 0.55625 0.6156250000000001 0.5578125 0.6156250000000001 0.565625 0.6078125000000001 0.5703125000000001 0.6078125000000001 0.5703125000000001 0.6062500000000001 0.565625 0.6062500000000001 0.5640625 0.6046875 0.5640625 0.5906250000000001 0.5359375000000001 0.5906250000000001 0.5359375000000001 0.596875 0.534375 0.5984375000000001
0 0.25781250000000006 0.275 0.25312500000000004 0.275 0.25312500000000004 0.290625 0.25781250000000006 0.290625 0.259375 0.29218750000000004 0.26093750000000004 0.29218750000000004 0.26406250000000003 0.29531250000000003 0.2671875 0.29531250000000003 0.2703125 0.2984375 0.27187500000000003 0.2984375 0.27343750000000006 0.30000000000000004 0.27656250000000004 0.30000000000000004 0.28125000000000006 0.3046875 0.290625 0.3046875 0.29218750000000004 0.30312500000000003 0.29531250000000003 0.30312500000000003 0.296875 0.3015625 0.2984375 0.3015625 0.3015625 0.2984375 0.30312500000000003 0.2984375 0.3046875 0.296875 0.30625 0.296875 0.30781250000000004 0.29531250000000003 0.3140625 0.29531250000000003 0.3140625 0.275 0.30781250000000004 0.275 0.30625 0.27343750000000006 0.30312500000000003 0.27343750000000006 0.3015625 0.27187500000000003 0.2984375 0.27187500000000003 0.296875 0.2703125 0.296875 0.26562500000000006 0.2625 0.26562500000000006 0.2625 0.2703125 0.25781250000000006 0.275
0 0.4765625 0.33437500000000003 0.478125 0.3359375 0.47968750000000004 0.3359375 0.48125 0.3375 0.48281250000000003 0.3375 0.484375 0.33906250000000004 0.4859375 0.3375 0.4890625 0.3375 0.4921875 0.33437500000000003 0.4921875 0.3328125 0.49843750000000003 0.32656250000000003 0.49843750000000003 0.325 0.5 0.32343750000000004 0.5 0.31875000000000003 0.49843750000000003 0.3171875 0.49843750000000003 0.309375 0.47187500000000004 0.309375 0.47187500000000004 0.33437500000000003 0.4765625 0.33437500000000003
0 0.39687500000000003 0.6203125 0.39687500000000003 0.6156250000000001 0.40156250000000004 0.6109375 0.4078125 0.6109375 0.4078125 0.5906250000000001 0.36562500000000003 0.5906250000000001 0.36562500000000003 0.6203125 0.39687500000000003 0.6203125
0 0.6531250000000001 0.6984375 0.6468750000000001 0.6984375 0.6468750000000001 0.7171875000000001 0.6531250000000001 0.7171875000000001 0.6546875000000001 0.71875 0.65625 0.71875 0.659375 0.721875 0.6609375000000001 0.721875 0.6625000000000001 0.7234375000000001 0.6640625 0.7234375000000001 0.665625 0.7250000000000001 0.6687500000000001 0.7250000000000001 0.6703125000000001 0.7265625 0.671875 0.7265625 0.6734375 0.7250000000000001 0.6765625000000001 0.7250000000000001 0.6781250000000001 0.7234375000000001 0.6796875 0.7234375000000001 0.6843750000000001 0.71875 0.6859375000000001 0.71875 0.6875 0.7171875000000001 0.6875 0.7156250000000001 0.690625 0.7125 0.6921875000000001 0.7125 0.6953125 0.7093750000000001 0.7015625000000001 0.7093750000000001 0.7015625000000001 0.690625 0.65625 0.690625 0.65625 0.6953125 0.6531250000000001 0.6984375
0 0.0203125 0.5734375 0.018750000000000003 0.5734375 0.0171875 0.5750000000000001 0.015625 0.5750000000000001 0.0140625 0.5765625000000001 0.0125 0.5765625000000001 0.009375000000000001 0.5796875 0.00625 0.5796875 0.003125 0.5828125000000001 0 0.5828125000000001 0 0.609375 0.00625 0.609375 0.0078125 0.6109375 0.009375000000000001 0.6109375 0.010937500000000001 0.6125 0.0125 0.6125 0.0171875 0.6171875 0.018750000000000003 0.6171875 0.0203125 0.61875 0.021875000000000002 0.61875 0.0234375 0.6203125 0.025 0.6203125 0.026562500000000003 0.6218750000000001 0.026562500000000003 0.6265625 0.0390625 0.6265625 0.0390625 0.6203125 0.040625 0.61875 0.040625 0.6171875 0.0421875 0.6156250000000001 0.0421875 0.6125 0.043750000000000004 0.6109375 0.043750000000000004 0.6078125000000001 0.045312500000000006 0.6062500000000001 0.045312500000000006 0.603125 0.0484375 0.6000000000000001 0.0484375 0.5984375000000001 0.051562500000000004 0.5953125 0.051562500000000004 0.59375 0.053125000000000006 0.5921875000000001 0.0546875 0.5921875000000001 0.0578125 0.5890625 0.0578125 0.5875 0.059375000000000004 0.5859375000000001 0.06406250000000001 0.5859375000000001 0.06406250000000001 0.565625 0.0234375 0.565625 0.0234375 0.5703125000000001 0.0203125 0.5734375
0 0.45156250000000003 0.2546875 0.453125 0.25625000000000003 0.4546875 0.25625000000000003 0.4578125 0.259375 0.4578125 0.26406250000000003 0.465625 0.26406250000000003 0.465625 0.259375 0.46875 0.25625000000000003 0.4703125 0.25625000000000003 0.47500000000000003 0.2515625 0.47500000000000003 0.240625 0.47187500000000004 0.23750000000000002 0.47187500000000004 0.23593750000000002 0.46875 0.2328125 0.46875 0.22812500000000002 0.446875 0.22812500000000002 0.446875 0.2546875 0.45156250000000003 0.2546875
0 0.6125 0.51875 0.6109375 0.51875 0.609375 0.5203125000000001 0.603125 0.5203125000000001 0.603125 0.5531250000000001 0.609375 0.5531250000000001 0.6140625000000001 0.5578125 0.6140625000000001 0.5593750000000001 0.6156250000000001 0.5593750000000001 0.61875 0.5625000000000001 0.6203125 0.5625000000000001 0.6218750000000001 0.5640625 0.634375 0.5640625 0.6359375 0.565625 0.6359375 0.5703125000000001 0.6546875000000001 0.5703125000000001 0.6546875000000001 0.565625 0.65625 0.5640625 0.6578125 0.5640625 0.659375 0.5625000000000001 0.6609375000000001 0.5625000000000001 0.6625000000000001 0.5609375000000001 0.6640625 0.5609375000000001 0.6671875 0.5578125 0.6687500000000001 0.5578125 0.671875 0.5546875000000001 0.6734375 0.5546875000000001 0.6828125 0.5453125000000001 0.6890625 0.5453125000000001 0.6890625 0.5234375000000001 0.6843750000000001 0.5234375000000001 0.6781250000000001 0.5171875 0.6765625000000001 0.5171875 0.675 0.5156250000000001 0.675 0.509375 0.6171875 0.509375 0.6171875 0.5140625000000001 0.6125 0.51875
0 0.27343750000000006 0.2015625 0.275 0.203125 0.275 0.2078125 0.2828125 0.2078125 0.2828125 0.203125 0.2859375 0.2 0.2859375 0.19843750000000002 0.29531250000000003 0.18906250000000002 0.29531250000000003 0.1859375 0.296875 0.184375 0.3015625 0.184375 0.3015625 0.171875 0.26562500000000006 0.171875 0.26562500000000006 0.2015625 0.27343750000000006 0.2015625
0 0.30781250000000004 0.4765625 0.31562500000000004 0.484375 0.31562500000000004 0.4890625 0.33437500000000003 0.4890625 0.33437500000000003 0.48281250000000003 0.33906250000000004 0.478125 0.340625 0.478125 0.34687500000000004 0.47187500000000004 0.3515625 0.47187500000000004 0.3515625 0.453125 0.30312500000000003 0.453125 0.30312500000000003 0.4765625 0.30781250000000004 0.4765625
0 0.5265625 0.390625 0.5296875000000001 0.39375000000000004 0.5296875000000001 0.3953125 0.534375 0.4 0.5359375000000001 0.4 0.540625 0.40468750000000003 0.5421875 0.40468750000000003 0.5437500000000001 0.40625 0.5453125000000001 0.40625 0.5468750000000001 0.4078125 0.5484375 0.4078125 0.55 0.40937500000000004 0.55 0.4140625 0.5734375 0.4140625 0.5734375 0.40937500000000004 0.5750000000000001 0.4078125 0.5781250000000001 0.4078125 0.5796875 0.40625 0.5843750000000001 0.40625 0.5859375000000001 0.40468750000000003 0.5875 0.40468750000000003 0.5890625 0.403125 0.5921875000000001 0.403125 0.59375 0.40156250000000004 0.5953125 0.40156250000000004 0.596875 0.4 0.6015625 0.4 0.6015625 0.384375 0.5218750000000001 0.384375 0.5218750000000001 0.390625 0.5265625 0.390625
0 0.5203125000000001 0.325 0.5218750000000001 0.32656250000000003 0.5234375000000001 0.32656250000000003 0.525 0.328125 0.5265625 0.328125 0.5281250000000001 0.3296875 0.5296875000000001 0.3296875 0.5312500000000001 0.33125000000000004 0.5328125 0.33125000000000004 0.5359375000000001 0.33437500000000003 0.5359375000000001 0.3359375 0.5375000000000001 0.3375 0.5390625000000001 0.3375 0.5421875 0.340625 0.5421875 0.3453125 0.5515625000000001 0.3453125 0.5515625000000001 0.340625 0.5578125 0.33437500000000003 0.5640625 0.33437500000000003 0.5640625 0.3171875 0.5593750000000001 0.3171875 0.5578125 0.31562500000000004 0.5578125 0.309375 0.5156250000000001 0.309375 0.5156250000000001 0.325 0.5203125000000001 0.325
0 0.5734375 0.46875 0.5765625000000001 0.47187500000000004 0.5765625000000001 0.4765625 0.5921875000000001 0.4765625 0.5921875000000001 0.47187500000000004 0.5953125 0.46875 0.596875 0.46875 0.6000000000000001 0.465625 0.6015625 0.465625 0.6046875 0.4625 0.6062500000000001 0.4625 0.6078125000000001 0.4609375 0.6140625000000001 0.4609375 0.6140625000000001 0.446875 0.565625 0.446875 0.565625 0.46875 0.5734375 0.46875
0 0.534375 0.18906250000000002 0.5453125000000001 0.2 0.5468750000000001 0.2 0.5531250000000001 0.20625000000000002 0.5593750000000001 0.20625000000000002 0.5609375000000001 0.2078125 0.5687500000000001 0.2078125 0.5703125000000001 0.209375 0.5703125000000001 0.21406250000000002 0.5781250000000001 0.21406250000000002 0.5781250000000001 0.209375 0.5796875 0.2078125 0.5843750000000001 0.2078125 0.5859375000000001 0.20625000000000002 0.5890625 0.20625000000000002 0.5906250000000001 0.20468750000000002 0.5921875000000001 0.20468750000000002 0.5984375000000001 0.19843750000000002 0.6000000000000001 0.19843750000000002 0.6156250000000001 0.18281250000000002 0.6203125 0.18281250000000002 0.6203125 0.1609375 0.6140625000000001 0.1609375 0.6109375 0.15781250000000002 0.609375 0.15781250000000002 0.6078125000000001 0.15625 0.6046875 0.15625 0.603125 0.1546875 0.5750000000000001 0.1546875 0.5734375 0.15625 0.5703125000000001 0.15625 0.5687500000000001 0.1546875 0.5640625 0.1546875 0.5625000000000001 0.153125 0.5609375000000001 0.153125 0.5593750000000001 0.15156250000000002 0.5593750000000001 0.146875 0.5281250000000001 0.146875 0.5281250000000001 0.18906250000000002 0.534375 0.18906250000000002
0 0.5640625 0.5781250000000001 0.5593750000000001 0.5781250000000001 0.5593750000000001 0.5921875000000001 0.5640625 0.5921875000000001 0.5687500000000001 0.596875 0.5687500000000001 0.6015625 0.5765625000000001 0.6015625 0.5765625000000001 0.596875 0.5781250000000001 0.5953125 0.5781250000000001 0.59375 0.5843750000000001 0.5875 0.5859375000000001 0.5875 0.5890625 0.5843750000000001 0.5906250000000001 0.5843750000000001 0.59375 0.58125 0.59375 0.5796875 0.5953125 0.5781250000000001 0.5953125 0.571875 0.565625 0.571875 0.565625 0.5765625000000001 0.5640625 0.5781250000000001
0 0.634375 0.13281250000000003 0.634375 0.12812500000000002 0.6375000000000001 0.125 0.6375000000000001 0.1234375 0.640625 0.1203125 0.6453125000000001 0.1203125 0.6453125000000001 0.10312500000000001 0.6156250000000001 0.10312500000000001 0.6156250000000001 0.13281250000000003 0.634375 0.13281250000000003
0 0.6046875 0.30781250000000004 0.6062500000000001 0.30625 0.609375 0.30625 0.6140625000000001 0.3015625 0.6140625000000001 0.30000000000000004 0.6171875 0.296875 0.61875 0.296875 0.61875 0.28437500000000004 0.596875 0.28437500000000004 0.596875 0.30781250000000004 0.6046875 0.30781250000000004
0 0.353125 0.31562500000000004 0.36250000000000004 0.325 0.36562500000000003 0.325 0.3671875 0.32656250000000003 0.37343750000000003 0.32656250000000003 0.375 0.325 0.3765625 0.325 0.384375 0.3171875 0.38593750000000004 0.3171875 0.3875 0.31562500000000004 0.3875 0.3140625 0.38906250000000003 0.3125 0.38906250000000003 0.30312500000000003 0.34687500000000004 0.30312500000000003 0.34687500000000004 0.31562500000000004 0.353125 0.31562500000000004
0 0.45156250000000003 0.13593750000000002 0.446875 0.13593750000000002 0.446875 0.15937500000000002 0.45156250000000003 0.15937500000000002 0.45625000000000004 0.1640625 0.45625000000000004 0.1703125 0.47500000000000003 0.1703125 0.47500000000000003 0.16562500000000002 0.478125 0.1625 0.47968750000000004 0.1625 0.4859375 0.15625 0.4859375 0.153125 0.48750000000000004 0.15156250000000002 0.48750000000000004 0.1484375 0.4890625 0.146875 0.4890625 0.1453125 0.48750000000000004 0.14375000000000002 0.48750000000000004 0.14062500000000003 0.4859375 0.1390625 0.4859375 0.1375 0.48281250000000003 0.13437500000000002 0.48281250000000003 0.12812500000000002 0.453125 0.12812500000000002 0.453125 0.13437500000000002 0.45156250000000003 0.13593750000000002
0 0.5296875000000001 0.22031250000000002 0.5296875000000001 0.215625 0.5312500000000001 0.21406250000000002 0.5312500000000001 0.21250000000000002 0.534375 0.209375 0.5390625000000001 0.209375 0.5390625000000001 0.19687500000000002 0.509375 0.19687500000000002 0.509375 0.22031250000000002 0.5296875000000001 0.22031250000000002
0 0.5703125000000001 0.5640625 0.5781250000000001 0.571875 0.5781250000000001 0.5765625000000001 0.5843750000000001 0.5765625000000001 0.5843750000000001 0.571875 0.5875 0.5687500000000001 0.5890625 0.5687500000000001 0.5906250000000001 0.5671875000000001 0.5921875000000001 0.5671875000000001 0.5921875000000001 0.565625 0.5953125 0.5625000000000001 0.596875 0.5625000000000001 0.5984375000000001 0.5609375000000001 0.6000000000000001 0.5609375000000001 0.6015625 0.5593750000000001 0.6078125000000001 0.5593750000000001 0.6078125000000001 0.5468750000000001 0.565625 0.5468750000000001 0.565625 0.5640625 0.5703125000000001 0.5640625
0 0.5218750000000001 0.5046875000000001 0.5234375000000001 0.5062500000000001 0.525 0.5062500000000001 0.5265625 0.5078125000000001 0.5281250000000001 0.5078125000000001 0.5296875000000001 0.5062500000000001 0.5312500000000001 0.5062500000000001 0.5375000000000001 0.5 0.5375000000000001 0.49843750000000003 0.5390625000000001 0.496875 0.5390625000000001 0.484375 0.5156250000000001 0.484375 0.5156250000000001 0.5046875000000001 0.5218750000000001 0.5046875000000001
0 0.2328125 0.33437500000000003 0.22812500000000002 0.33437500000000003 0.22812500000000002 0.34375 0.234375 0.34375 0.23593750000000002 0.3453125 0.23593750000000002 0.34687500000000004 0.240625 0.3515625 0.2421875 0.3515625 0.24375000000000002 0.353125 0.24375000000000002 0.35781250000000003 0.259375 0.35781250000000003 0.259375 0.353125 0.26093750000000004 0.3515625 0.2625 0.3515625 0.26406250000000003 0.35000000000000003 0.26562500000000006 0.35000000000000003 0.2703125 0.3453125 0.2703125 0.34375 0.27187500000000003 0.34218750000000003 0.27656250000000004 0.34218750000000003 0.27656250000000004 0.340625 0.27187500000000003 0.340625 0.26562500000000006 0.33437500000000003 0.26562500000000006 0.328125 0.234375 0.328125 0.234375 0.3328125 0.2328125 0.33437500000000003
0 0.034375 0.11875000000000001 0.040625 0.125 0.0421875 0.125 0.045312500000000006 0.12812500000000002 0.045312500000000006 0.13281250000000003 0.0578125 0.13281250000000003 0.0578125 0.1171875 0.053125000000000006 0.1171875 0.0390625 0.10312500000000001 0.0390625 0.096875 0.028125 0.096875 0.028125 0.11875000000000001 0.034375 0.11875000000000001
0 0.171875 0.3203125 0.178125 0.32656250000000003 0.178125 0.3328125 0.19062500000000002 0.3328125 0.19062500000000002 0.32656250000000003 0.19375 0.32343750000000004 0.19375 0.321875 0.1953125 0.3203125 0.1953125 0.31093750000000003 0.19375 0.309375 0.19375 0.30625 0.18906250000000002 0.3015625 0.18906250000000002 0.296875 0.16562500000000002 0.296875 0.16562500000000002 0.3203125 0.171875 0.3203125
0 0.1703125 0.17500000000000002 0.1765625 0.16875 0.178125 0.16875 0.18125000000000002 0.16562500000000002 0.18125000000000002 0.153125 0.15937500000000002 0.153125 0.15937500000000002 0.17500000000000002 0.1703125 0.17500000000000002
0 0.434375 0.61875 0.43593750000000003 0.6203125 0.4390625 0.6203125 0.44062500000000004 0.61875 0.4421875 0.61875 0.45 0.6109375 0.45156250000000003 0.6109375 0.45937500000000003 0.603125 0.46406250000000004 0.603125 0.46406250000000004 0.596875 0.42812500000000003 0.596875 0.42812500000000003 0.61875 0.434375 0.61875
0 0.5843750000000001 0.325 0.5859375000000001 0.32656250000000003 0.5859375000000001 0.328125 0.5875 0.3296875 0.5890625 0.3296875 0.5906250000000001 0.33125000000000004 0.5921875000000001 0.33125000000000004 0.5953125 0.33437500000000003 0.5953125 0.33906250000000004 0.6046875 0.33906250000000004 0.6046875 0.33437500000000003 0.6078125000000001 0.33125000000000004 0.609375 0.33125000000000004 0.6140625000000001 0.32656250000000003 0.6203125 0.32656250000000003 0.6203125 0.309375 0.5781250000000001 0.309375 0.5781250000000001 0.325 0.5843750000000001 0.325
0 0.5578125 0.5765625000000001 0.5578125 0.571875 0.5609375000000001 0.5687500000000001 0.5625000000000001 0.5687500000000001 0.5625000000000001 0.5671875000000001 0.565625 0.5640625 0.5703125000000001 0.5640625 0.5703125000000001 0.5531250000000001 0.540625 0.5531250000000001 0.540625 0.5765625000000001 0.5578125 0.5765625000000001
0 0.44843750000000004 0.39375000000000004 0.45 0.3953125 0.45937500000000003 0.3953125 0.4609375 0.39375000000000004 0.46406250000000004 0.39375000000000004 0.46875 0.38906250000000003 0.46875 0.37812500000000004 0.434375 0.37812500000000004 0.434375 0.39375000000000004 0.44843750000000004 0.39375000000000004
0 0.321875 0.43593750000000003 0.32656250000000003 0.44062500000000004 0.32656250000000003 0.4453125 0.33906250000000004 0.4453125 0.33906250000000004 0.44062500000000004 0.340625 0.4390625 0.34375 0.4390625 0.3453125 0.4375 0.3453125 0.434375 0.34687500000000004 0.43281250000000004 0.3515625 0.43281250000000004 0.3515625 0.40937500000000004 0.31562500000000004 0.40937500000000004 0.31562500000000004 0.43593750000000003 0.321875 0.43593750000000003
0 0.525 0.5453125000000001 0.5265625 0.5468750000000001 0.5265625 0.5515625000000001 0.534375 0.5515625000000001 0.534375 0.5468750000000001 0.5437500000000001 0.5375000000000001 0.5437500000000001 0.5359375000000001 0.5453125000000001 0.534375 0.5515625000000001 0.534375 0.5515625000000001 0.5218750000000001 0.5156250000000001 0.5218750000000001 0.5156250000000001 0.5453125000000001 0.525 0.5453125000000001
0 0.5593750000000001 0.30625 0.5625000000000001 0.309375 0.5625000000000001 0.3140625 0.5765625000000001 0.3140625 0.5765625000000001 0.309375 0.5890625 0.296875 0.5890625 0.28437500000000004 0.5531250000000001 0.28437500000000004 0.5531250000000001 0.30625 0.5593750000000001 0.30625
0 0.6203125 0.453125 0.6156250000000001 0.453125 0.6156250000000001 0.4734375 0.6234375000000001 0.4734375 0.6296875000000001 0.47968750000000004 0.6421875 0.47968750000000004 0.64375 0.478125 0.65 0.478125 0.6515625 0.4765625 0.6531250000000001 0.4765625 0.6546875000000001 0.47500000000000003 0.65625 0.47500000000000003 0.6578125 0.4734375 0.659375 0.4734375 0.6609375000000001 0.47187500000000004 0.6625000000000001 0.47187500000000004 0.6640625 0.4703125 0.6640625 0.46718750000000003 0.665625 0.465625 0.665625 0.4625 0.6640625 0.4609375 0.6640625 0.45937500000000003 0.6578125 0.453125 0.6578125 0.446875 0.6218750000000001 0.446875 0.6218750000000001 0.45156250000000003 0.6203125 0.453125
0 0.34687500000000004 0.6140625000000001 0.34687500000000004 0.6078125000000001 0.35000000000000003 0.6046875 0.35000000000000003 0.596875 0.309375 0.596875 0.309375 0.6140625000000001 0.34687500000000004 0.6140625000000001
0 0.5593750000000001 0.33437500000000003 0.5578125 0.3359375 0.5578125 0.3375 0.5515625000000001 0.34375 0.5468750000000001 0.34375 0.5468750000000001 0.36250000000000004 0.5531250000000001 0.36250000000000004 0.5546875000000001 0.3640625 0.5625000000000001 0.3640625 0.5640625 0.36250000000000004 0.565625 0.36250000000000004 0.571875 0.35625 0.571875 0.35468750000000004 0.5734375 0.353125 0.5750000000000001 0.353125 0.5765625000000001 0.3515625 0.5765625000000001 0.35000000000000003 0.5843750000000001 0.34218750000000003 0.5890625 0.34218750000000003 0.5890625 0.32656250000000003 0.5843750000000001 0.32656250000000003 0.5796875 0.321875 0.5796875 0.31562500000000004 0.5671875000000001 0.31562500000000004 0.5671875000000001 0.321875 0.5625000000000001 0.32656250000000003 0.5625000000000001 0.328125 0.5609375000000001 0.3296875 0.5609375000000001 0.33125000000000004 0.5593750000000001 0.3328125 0.5593750000000001 0.33437500000000003
0 0.3453125 0.2234375 0.34687500000000004 0.225 0.3484375 0.225 0.3515625 0.22812500000000002 0.3515625 0.2328125 0.35468750000000004 0.2328125 0.35468750000000004 0.22812500000000002 0.35625 0.2265625 0.359375 0.2265625 0.3640625 0.22187500000000002 0.3640625 0.22031250000000002 0.36562500000000003 0.21875 0.37031250000000004 0.21875 0.37031250000000004 0.209375 0.340625 0.209375 0.340625 0.2234375 0.3453125 0.2234375
0 0.225 0.33906250000000004 0.225 0.328125 0.215625 0.328125 0.215625 0.33906250000000004 0.225 0.33906250000000004
0 0.0140625 0.5453125000000001 0.0140625 0.540625 0.0171875 0.5375000000000001 0.018750000000000003 0.5375000000000001 0.021875000000000002 0.534375 0.026562500000000003 0.534375 0.026562500000000003 0.5156250000000001 0.021875000000000002 0.5156250000000001 0.0171875 0.5109375 0.015625 0.5109375 0.0140625 0.509375 0.0140625 0.503125 0.003125 0.503125 0.003125 0.5453125000000001 0.0140625 0.5453125000000001
0 0.5531250000000001 0.44062500000000004 0.5546875000000001 0.4421875 0.55625 0.4421875 0.5578125 0.44375000000000003 0.5671875000000001 0.44375000000000003 0.5687500000000001 0.4421875 0.5703125000000001 0.4421875 0.571875 0.44062500000000004 0.5734375 0.44062500000000004 0.5750000000000001 0.4390625 0.5750000000000001 0.43593750000000003 0.5765625000000001 0.434375 0.5765625000000001 0.43281250000000004 0.5750000000000001 0.43125 0.5750000000000001 0.42812500000000003 0.5734375 0.4265625 0.5734375 0.421875 0.5468750000000001 0.421875 0.5468750000000001 0.44062500000000004 0.5531250000000001 0.44062500000000004
0 0.434375 0.5750000000000001 0.43593750000000003 0.5765625000000001 0.4375 0.5765625000000001 0.4390625 0.5781250000000001 0.4390625 0.5828125000000001 0.44843750000000004 0.5828125000000001 0.44843750000000004 0.5781250000000001 0.45625000000000004 0.5703125000000001 0.45625000000000004 0.5671875000000001 0.4578125 0.565625 0.4578125 0.5593750000000001 0.42812500000000003 0.5593750000000001 0.42812500000000003 0.5750000000000001 0.434375 0.5750000000000001
0 0.2421875 0.7484375000000001 0.24375000000000002 0.75 0.24531250000000002 0.75 0.246875 0.7484375000000001 0.2484375 0.7484375000000001 0.25 0.7468750000000001 0.2515625 0.7468750000000001 0.25312500000000004 0.7453125 0.25781250000000006 0.7453125 0.25781250000000006 0.7406250000000001 0.234375 0.7406250000000001 0.234375 0.7484375000000001 0.2421875 0.7484375000000001
0 0.484375 0.13437500000000002 0.4859375 0.13593750000000002 0.4859375 0.1375 0.48750000000000004 0.1390625 0.48750000000000004 0.14062500000000003 0.4890625 0.14218750000000002 0.4890625 0.14375000000000002 0.496875 0.15156250000000002 0.49843750000000003 0.15156250000000002 0.5 0.153125 0.5 0.1546875 0.5015625 0.15625 0.503125 0.15625 0.5046875000000001 0.15781250000000002 0.5062500000000001 0.15781250000000002 0.5078125000000001 0.15937500000000002 0.5078125000000001 0.1640625 0.51875 0.1640625 0.51875 0.15937500000000002 0.5281250000000001 0.15000000000000002 0.5281250000000001 0.1484375 0.5359375000000001 0.14062500000000003 0.5375000000000001 0.14062500000000003 0.540625 0.1375 0.5453125000000001 0.1375 0.5453125000000001 0.12812500000000002 0.540625 0.12812500000000002 0.5390625000000001 0.12656250000000002 0.5390625000000001 0.12187500000000001 0.478125 0.12187500000000001 0.478125 0.13437500000000002 0.484375 0.13437500000000002
0 0.571875 0.42031250000000003 0.5734375 0.421875 0.5734375 0.4265625 0.596875 0.4265625 0.596875 0.421875 0.5984375000000001 0.42031250000000003 0.6000000000000001 0.42031250000000003 0.6015625 0.41875 0.603125 0.41875 0.6046875 0.41718750000000004 0.6062500000000001 0.41718750000000004 0.6078125000000001 0.415625 0.6140625000000001 0.415625 0.6140625000000001 0.40937500000000004 0.565625 0.40937500000000004 0.565625 0.42031250000000003 0.571875 0.42031250000000003
0 0.640625 0.2109375 0.6421875 0.21250000000000002 0.6578125 0.21250000000000002 0.659375 0.21406250000000002 0.665625 0.21406250000000002 0.6671875 0.215625 0.6687500000000001 0.215625 0.6703125000000001 0.2171875 0.671875 0.2171875 0.6734375 0.21875 0.675 0.21875 0.6781250000000001 0.22187500000000002 0.6781250000000001 0.2265625 0.6937500000000001 0.2265625 0.6937500000000001 0.22187500000000002 0.696875 0.21875 0.6984375 0.21875 0.7000000000000001 0.2171875 0.7015625000000001 0.2171875 0.7046875 0.21406250000000002 0.70625 0.21406250000000002 0.7093750000000001 0.2109375 0.7140625 0.2109375 0.7140625 0.1921875 0.7093750000000001 0.1921875 0.7046875 0.1875 0.703125 0.1875 0.6984375 0.18281250000000002 0.6984375 0.18125000000000002 0.6921875000000001 0.17500000000000002 0.6921875000000001 0.17343750000000002 0.6875 0.16875 0.6875 0.16718750000000002 0.6859375000000001 0.16562500000000002 0.6843750000000001 0.16562500000000002 0.6828125 0.1640625 0.6828125 0.1625 0.68125 0.1609375 0.6796875 0.1609375 0.6765625000000001 0.15781250000000002 0.6765625000000001 0.153125 0.6531250000000001 0.153125 0.6531250000000001 0.15781250000000002 0.6484375 0.1625 0.6468750000000001 0.1625 0.6375000000000001 0.171875 0.6375000000000001 0.1765625 0.6359375 0.178125 0.6359375 0.18281250000000002 0.6328125 0.1859375 0.628125 0.1859375 0.628125 0.21250000000000002 0.6359375 0.21250000000000002 0.6375000000000001 0.2109375 0.640625 0.2109375
0 0.225 0.4765625 0.225 0.465625 0.215625 0.465625 0.215625 0.4765625 0.225 0.4765625
0 0.27343750000000006 0.7312500000000001 0.275 0.7296875 0.2828125 0.7296875 0.2828125 0.721875 0.26562500000000006 0.721875 0.26562500000000006 0.7312500000000001 0.27343750000000006 0.7312500000000001
0 0.47968750000000004 0.5953125 0.47968750000000004 0.5906250000000001 0.484375 0.5859375000000001 0.4890625 0.5859375000000001 0.4890625 0.5781250000000001 0.453125 0.5781250000000001 0.453125 0.5953125 0.47968750000000004 0.5953125
0 0.6609375000000001 0.4734375 0.659375 0.4734375 0.6578125 0.47500000000000003 0.65625 0.47500000000000003 0.6531250000000001 0.478125 0.6515625 0.478125 0.65 0.47968750000000004 0.6453125000000001 0.47968750000000004 0.64375 0.48125 0.6390625000000001 0.48125 0.6375000000000001 0.48281250000000003 0.6312500000000001 0.48281250000000003 0.6296875000000001 0.484375 0.6265625 0.484375 0.625 0.4859375 0.6234375000000001 0.4859375 0.6218750000000001 0.48750000000000004 0.6156250000000001 0.48750000000000004 0.6156250000000001 0.49843750000000003 0.6218750000000001 0.49843750000000003 0.6234375000000001 0.5 0.6265625 0.5 0.628125 0.5015625 0.6375000000000001 0.5015625 0.6390625000000001 0.5 0.6468750000000001 0.5 0.6484375 0.49843750000000003 0.65 0.49843750000000003 0.6531250000000001 0.49531250000000004 0.6546875000000001 0.49531250000000004 0.65625 0.49375 0.659375 0.49375 0.6609375000000001 0.4921875 0.6625000000000001 0.4921875 0.6640625 0.49062500000000003 0.665625 0.49062500000000003 0.6671875 0.4890625 0.6703125000000001 0.4890625 0.671875 0.48750000000000004 0.6734375 0.48750000000000004 0.675 0.4859375 0.6781250000000001 0.4859375 0.6796875 0.484375 0.68125 0.484375 0.6828125 0.48281250000000003 0.6890625 0.48281250000000003 0.6890625 0.465625 0.6625000000000001 0.465625 0.6625000000000001 0.47187500000000004 0.6609375000000001 0.4734375
0 0.503125 0.5312500000000001 0.5078125000000001 0.5265625 0.5078125000000001 0.525 0.5109375 0.5218750000000001 0.5109375 0.509375 0.49062500000000003 0.509375 0.49062500000000003 0.5312500000000001 0.503125 0.5312500000000001
0 0.49531250000000004 0.36250000000000004 0.49062500000000003 0.36250000000000004 0.49062500000000003 0.3828125 0.49531250000000004 0.3828125 0.49531250000000004 0.37812500000000004 0.496875 0.3765625 0.49843750000000003 0.3765625 0.5 0.375 0.5062500000000001 0.375 0.5078125000000001 0.37343750000000003 0.509375 0.37343750000000003 0.5140625000000001 0.36875 0.5156250000000001 0.36875 0.51875 0.36562500000000003 0.5203125000000001 0.36562500000000003 0.5218750000000001 0.3640625 0.5265625 0.3640625 0.5265625 0.353125 0.5 0.353125 0.5 0.35781250000000003 0.49531250000000004 0.36250000000000004
0 0.4578125 0.7578125 0.4578125 0.753125 0.45937500000000003 0.7515625 0.4625 0.7515625 0.46406250000000004 0.75 0.4703125 0.75 0.4703125 0.7406250000000001 0.453125 0.7406250000000001 0.453125 0.7578125 0.4578125 0.7578125
0 0.6265625 0.234375 0.628125 0.23593750000000002 0.6312500000000001 0.23593750000000002 0.6328125 0.23750000000000002 0.634375 0.23750000000000002 0.6359375 0.2390625 0.6375000000000001 0.2390625 0.6390625000000001 0.240625 0.640625 0.240625 0.6421875 0.2421875 0.64375 0.2421875 0.6453125000000001 0.24375000000000002 0.65 0.24375000000000002 0.6515625 0.24531250000000002 0.6578125 0.24531250000000002 0.659375 0.24375000000000002 0.6609375000000001 0.24375000000000002 0.6625000000000001 0.2421875 0.6640625 0.2421875 0.665625 0.240625 0.6671875 0.240625 0.671875 0.23593750000000002 0.6734375 0.23593750000000002 0.675 0.234375 0.6765625000000001 0.234375 0.6781250000000001 0.2328125 0.6828125 0.2328125 0.6828125 0.22187500000000002 0.6781250000000001 0.22187500000000002 0.6765625000000001 0.22031250000000002 0.6765625000000001 0.215625 0.6218750000000001 0.215625 0.6218750000000001 0.234375 0.6265625 0.234375
0 0.215625 0.5906250000000001 0.22031250000000002 0.5953125 0.22187500000000002 0.5953125 0.2265625 0.6000000000000001 0.22812500000000002 0.6000000000000001 0.22968750000000002 0.6015625 0.23125 0.6015625 0.234375 0.6046875 0.23593750000000002 0.6046875 0.23750000000000002 0.6062500000000001 0.240625 0.6062500000000001 0.2421875 0.6078125000000001 0.26093750000000004 0.6078125000000001 0.2625 0.6062500000000001 0.26406250000000003 0.6062500000000001 0.26562500000000006 0.6046875 0.2671875 0.6046875 0.27187500000000003 0.6000000000000001 0.27343750000000006 0.6000000000000001 0.27656250000000004 0.596875 0.2828125 0.596875 0.2828125 0.5765625000000001 0.278125 0.5765625000000001 0.275 0.5734375 0.275 0.571875 0.27343750000000006 0.5703125000000001 0.27343750000000006 0.565625 0.209375 0.565625 0.209375 0.5906250000000001 0.215625 0.5906250000000001
0 0.43593750000000003 0.18281250000000002 0.43593750000000003 0.178125 0.4375 0.1765625 0.4390625 0.1765625 0.4421875 0.17343750000000002 0.44375000000000003 0.17343750000000002 0.446875 0.1703125 0.45156250000000003 0.1703125 0.45156250000000003 0.15937500000000002 0.421875 0.15937500000000002 0.421875 0.18281250000000002 0.43593750000000003 0.18281250000000002
0 0.6156250000000001 0.5984375000000001 0.6203125 0.603125 0.6203125 0.6046875 0.6218750000000001 0.6046875 0.625 0.6078125000000001 0.6265625 0.6078125000000001 0.6312500000000001 0.6125 0.634375 0.6125 0.6359375 0.6140625000000001 0.6484375 0.6140625000000001 0.65 0.6125 0.6578125 0.6125 0.6609375000000001 0.609375 0.6625000000000001 0.609375 0.6687500000000001 0.603125 0.6703125000000001 0.603125 0.6843750000000001 0.5890625 0.6890625 0.5890625 0.6890625 0.5734375 0.68125 0.5734375 0.6781250000000001 0.5703125000000001 0.6781250000000001 0.565625 0.6765625000000001 0.565625 0.6765625000000001 0.5703125000000001 0.675 0.571875 0.6734375 0.571875 0.671875 0.5734375 0.6515625 0.5734375 0.65 0.571875 0.640625 0.571875 0.6390625000000001 0.5703125000000001 0.6390625000000001 0.565625 0.609375 0.565625 0.609375 0.5984375000000001 0.6156250000000001 0.5984375000000001
0 0.6171875 0.4890625 0.6171875 0.48281250000000003 0.61875 0.48125 0.61875 0.478125 0.6203125 0.4765625 0.6203125 0.47187500000000004 0.603125 0.47187500000000004 0.603125 0.4890625 0.6171875 0.4890625
0 0.109375 0.25781250000000006 0.11093750000000001 0.25625000000000003 0.1125 0.25625000000000003 0.115625 0.25312500000000004 0.1203125 0.25312500000000004 0.1203125 0.240625 0.096875 0.240625 0.096875 0.25781250000000006 0.109375 0.25781250000000006
0 0.390625 0.5390625000000001 0.390625 0.534375 0.39375000000000004 0.5312500000000001 0.3953125 0.5312500000000001 0.3984375 0.5281250000000001 0.3984375 0.5265625 0.4 0.525 0.4 0.5234375000000001 0.40156250000000004 0.5218750000000001 0.40156250000000004 0.509375 0.37812500000000004 0.509375 0.37812500000000004 0.5390625000000001 0.390625 0.5390625000000001
0 0.246875 0.4078125 0.2484375 0.40937500000000004 0.2484375 0.4140625 0.2515625 0.4140625 0.2515625 0.40937500000000004 0.25625000000000003 0.40468750000000003 0.25625000000000003 0.403125 0.25781250000000006 0.40156250000000004 0.25781250000000006 0.39687500000000003 0.234375 0.39687500000000003 0.234375 0.4078125 0.246875 0.4078125
0 0.25625000000000003 0.5515625000000001 0.25625000000000003 0.5468750000000001 0.259375 0.5437500000000001 0.26406250000000003 0.5437500000000001 0.26406250000000003 0.5281250000000001 0.234375 0.5281250000000001 0.234375 0.5515625000000001 0.25625000000000003 0.5515625000000001
0 0.27187500000000003 0.7015625000000001 0.27187500000000003 0.696875 0.27343750000000006 0.6953125 0.275 0.6953125 0.27656250000000004 0.6937500000000001 0.278125 0.6937500000000001 0.28125000000000006 0.690625 0.28125000000000006 0.6875 0.2828125 0.6859375000000001 0.2828125 0.6781250000000001 0.26562500000000006 0.6781250000000001 0.26562500000000006 0.7015625000000001 0.27187500000000003 0.7015625000000001
0 0.6703125000000001 0.7515625 0.6703125000000001 0.7406250000000001 0.659375 0.7406250000000001 0.659375 0.7515625 0.6703125000000001 0.7515625
0 0.36250000000000004 0.18281250000000002 0.36250000000000004 0.17500000000000002 0.3640625 0.17343750000000002 0.37031250000000004 0.17343750000000002 0.371875 0.17500000000000002 0.375 0.17500000000000002 0.37812500000000004 0.178125 0.37812500000000004 0.18281250000000002 0.3953125 0.18281250000000002 0.3953125 0.1640625 0.38906250000000003 0.1640625 0.3828125 0.15781250000000002 0.3828125 0.153125 0.353125 0.153125 0.353125 0.18281250000000002 0.36250000000000004 0.18281250000000002
0 0.33437500000000003 0.246875 0.3375 0.25 0.340625 0.25 0.3484375 0.25781250000000006 0.35000000000000003 0.25781250000000006 0.3515625 0.259375 0.3515625 0.26406250000000003 0.37031250000000004 0.26406250000000003 0.37031250000000004 0.246875 0.36562500000000003 0.246875 0.36250000000000004 0.24375000000000002 0.36250000000000004 0.2421875 0.35625 0.23593750000000002 0.35468750000000004 0.23593750000000002 0.353125 0.234375 0.353125 0.22812500000000002 0.328125 0.22812500000000002 0.328125 0.246875 0.33437500000000003 0.246875
0 0.2234375 0.38125000000000003 0.225 0.3796875 0.225 0.371875 0.215625 0.371875 0.215625 0.38125000000000003 0.2234375 0.38125000000000003
1 0.32656250000000003 0.3796875 0.328125 0.3796875 0.33437500000000003 0.37343750000000003 0.3359375 0.37343750000000003 0.3375 0.371875 0.3375 0.37031250000000004 0.34375 0.3640625 0.34375 0.36250000000000004 0.35000000000000003 0.35625 0.35000000000000003 0.35468750000000004 0.353125 0.3515625 0.35781250000000003 0.3515625 0.35781250000000003 0.3375 0.353125 0.3375 0.35000000000000003 0.33437500000000003 0.35000000000000003 0.33125000000000004 0.3484375 0.3296875 0.3484375 0.328125 0.34687500000000004 0.32656250000000003 0.34687500000000004 0.321875 0.3125 0.321875 0.3125 0.328125 0.30625 0.33437500000000003 0.30312500000000003 0.33437500000000003 0.3015625 0.3359375 0.296875 0.3359375 0.29218750000000004 0.340625 0.290625 0.340625 0.28906250000000006 0.34218750000000003 0.28750000000000003 0.34218750000000003 0.2859375 0.34375 0.28437500000000004 0.34375 0.2828125 0.3453125 0.28125000000000006 0.3453125 0.27968750000000003 0.34687500000000004 0.278125 0.34687500000000004 0.27656250000000004 0.3484375 0.275 0.3484375 0.27343750000000006 0.35000000000000003 0.27187500000000003 0.35000000000000003 0.2703125 0.3515625 0.26875000000000004 0.3515625 0.2671875 0.353125 0.26406250000000003 0.353125 0.2625 0.35468750000000004 0.26093750000000004 0.35468750000000004 0.259375 0.35625 0.25781250000000006 0.35625 0.2546875 0.359375 0.25312500000000004 0.359375 0.24531250000000002 0.3671875 0.240625 0.3671875 0.240625 0.38906250000000003 0.246875 0.38906250000000003 0.2484375 0.390625 0.2515625 0.390625 0.25312500000000004 0.3921875 0.2546875 0.3921875 0.259375 0.39687500000000003 0.259375 0.40156250000000004 0.290625 0.40156250000000004 0.290625 0.39687500000000003 0.29218750000000004 0.3953125 0.29375 0.3953125 0.29531250000000003 0.39375000000000004 0.30312500000000003 0.39375000000000004 0.3046875 0.3921875 0.30625 0.3921875 0.30781250000000004 0.390625 0.309375 0.390625 0.31093750000000003 0.38906250000000003 0.3140625 0.38906250000000003 0.31562500000000004 0.3875 0.31875000000000003 0.3875 0.32656250000000003 0.3796875
0 0.496875 0.3796875 0.49062500000000003 0.3796875 0.49062500000000003 0.3953125 0.496875 0.3953125 0.49843750000000003 0.39687500000000003 0.49843750000000003 0.40156250000000004 0.5171875 0.40156250000000004 0.5171875 0.3953125 0.51875 0.39375000000000004 0.51875 0.3921875 0.5218750000000001 0.38906250000000003 0.5265625 0.38906250000000003 0.5265625 0.3796875 0.5203125000000001 0.3796875 0.51875 0.37812500000000004 0.51875 0.371875 0.5 0.371875 0.5 0.3765625 0.496875 0.3796875
0 0.51875 0.7578125 0.51875 0.7515625 0.5203125000000001 0.75 0.5203125000000001 0.7406250000000001 0.503125 0.7406250000000001 0.503125 0.7578125 0.51875 0.7578125
0 0.328125 0.18906250000000002 0.33125000000000004 0.1921875 0.3328125 0.1921875 0.33437500000000003 0.19375 0.3359375 0.19375 0.3375 0.1953125 0.33906250000000004 0.1953125 0.340625 0.19687500000000002 0.340625 0.2015625 0.3515625 0.2015625 0.3515625 0.19687500000000002 0.35625 0.1921875 0.35781250000000003 0.1921875 0.36562500000000003 0.184375 0.37031250000000004 0.184375 0.37031250000000004 0.18125000000000002 0.36562500000000003 0.18125000000000002 0.36250000000000004 0.178125 0.36250000000000004 0.171875 0.321875 0.171875 0.321875 0.18906250000000002 0.328125 0.18906250000000002
0 0.22031250000000002 0.4921875 0.225 0.496875 0.225 0.49843750000000003 0.2265625 0.5 0.2265625 0.5015625 0.2328125 0.5078125000000001 0.234375 0.5078125000000001 0.23750000000000002 0.5109375 0.2390625 0.5109375 0.24375000000000002 0.5156250000000001 0.24375000000000002 0.5203125000000001 0.26562500000000006 0.5203125000000001 0.26562500000000006 0.5140625000000001 0.2671875 0.5125000000000001 0.26875000000000004 0.5125000000000001 0.27343750000000006 0.5078125000000001 0.275 0.5078125000000001 0.28125000000000006 0.5015625 0.28125000000000006 0.496875 0.27968750000000003 0.49531250000000004 0.27968750000000003 0.49062500000000003 0.278125 0.4890625 0.278125 0.48750000000000004 0.2703125 0.47968750000000004 0.259375 0.47968750000000004 0.25781250000000006 0.478125 0.25625000000000003 0.478125 0.2546875 0.4765625 0.2546875 0.47187500000000004 0.215625 0.47187500000000004 0.215625 0.4921875 0.22031250000000002 0.4921875
0 0.49531250000000004 0.2328125 0.49531250000000004 0.22812500000000002 0.49843750000000003 0.225 0.5 0.225 0.503125 0.22187500000000002 0.5078125000000001 0.22187500000000002 0.5078125000000001 0.215625 0.478125 0.215625 0.478125 0.2328125 0.49531250000000004 0.2328125
0 0.26406250000000003 0.40468750000000003 0.2625 0.40625 0.2625 0.40937500000000004 0.27187500000000003 0.41875 0.27343750000000006 0.41875 0.275 0.42031250000000003 0.27656250000000004 0.42031250000000003 0.278125 0.421875 0.278125 0.4265625 0.28437500000000004 0.4265625 0.28437500000000004 0.421875 0.2859375 0.42031250000000003 0.28906250000000006 0.42031250000000003 0.290625 0.41875 0.29218750000000004 0.41875 0.29375 0.41718750000000004 0.29531250000000003 0.41718750000000004 0.2984375 0.4140625 0.30000000000000004 0.4140625 0.3015625 0.41250000000000003 0.30312500000000003 0.41250000000000003 0.3046875 0.4109375 0.30781250000000004 0.4109375 0.309375 0.40937500000000004 0.31093750000000003 0.40937500000000004 0.3140625 0.40625 0.3171875 0.40625 0.31875000000000003 0.40468750000000003 0.32343750000000004 0.40468750000000003 0.325 0.403125 0.328125 0.403125 0.3296875 0.40156250000000004 0.3328125 0.40156250000000004 0.3375 0.39687500000000003 0.33906250000000004 0.39687500000000003 0.33906250000000004 0.39375000000000004 0.3375 0.3921875 0.3375 0.390625 0.3359375 0.38906250000000003 0.3359375 0.384375 0.32343750000000004 0.384375 0.32343750000000004 0.38906250000000003 0.321875 0.390625 0.3203125 0.390625 0.31875000000000003 0.38906250000000003 0.31875000000000003 0.384375 0.3125 0.384375 0.3125 0.38906250000000003 0.309375 0.3921875 0.3046875 0.3921875 0.30312500000000003 0.39375000000000004 0.296875 0.39375000000000004 0.29531250000000003 0.3953125 0.29375 0.3953125 0.29218750000000004 0.39687500000000003 0.28906250000000006 0.39687500000000003 0.28750000000000003 0.3984375 0.2828125 0.3984375 0.28125000000000006 0.4 0.2703125 0.4 0.26875000000000004 0.40156250000000004 0.26562500000000006 0.40156250000000004 0.26406250000000003 0.403125 0.26406250000000003 0.40468750000000003
0 0.51875 0.7203125 0.51875 0.7156250000000001 0.5203125000000001 0.7140625 0.5265625 0.7140625 0.5265625 0.696875 0.503125 0.696875 0.503125 0.7203125 0.51875 0.7203125
0 0.38593750000000004 0.3796875 0.38593750000000004 0.38125000000000003 0.384375 0.3828125 0.384375 0.38906250000000003 0.38593750000000004 0.390625 0.38593750000000004 0.3921875 0.38906250000000003 0.3953125 0.38906250000000003 0.39687500000000003 0.3921875 0.4 0.39375000000000004 0.4 0.3953125 0.40156250000000004 0.40156250000000004 0.40156250000000004 0.403125 0.4 0.40468750000000003 0.4 0.40625 0.3984375 0.4078125 0.3984375 0.4109375 0.3953125 0.41250000000000003 0.3953125 0.4140625 0.39375000000000004 0.41718750000000004 0.39375000000000004 0.41875 0.3921875 0.421875 0.3921875 0.4234375 0.390625 0.42500000000000004 0.390625 0.42500000000000004 0.3828125 0.4234375 0.3828125 0.421875 0.38125000000000003 0.42031250000000003 0.38125000000000003 0.41718750000000004 0.37812500000000004 0.415625 0.37812500000000004 0.41250000000000003 0.375 0.40937500000000004 0.375 0.4078125 0.37343750000000003 0.40625 0.37343750000000003 0.40468750000000003 0.371875 0.403125 0.371875 0.40156250000000004 0.37031250000000004 0.40156250000000004 0.36562500000000003 0.3875 0.36562500000000003 0.3875 0.37812500000000004 0.38593750000000004 0.3796875
0 0.42031250000000003 0.33437500000000003 0.41718750000000004 0.33437500000000003 0.415625 0.3359375 0.40937500000000004 0.3359375 0.40937500000000004 0.3453125 0.4140625 0.3453125 0.415625 0.34687500000000004 0.415625 0.3515625 0.4296875 0.3515625 0.4296875 0.34687500000000004 0.43125 0.3453125 0.434375 0.3453125 0.43593750000000003 0.34375 0.4390625 0.34375 0.44062500000000004 0.34218750000000003 0.44375000000000003 0.34218750000000003 0.4453125 0.340625 0.44843750000000004 0.340625 0.45 0.33906250000000004 0.453125 0.33906250000000004 0.4546875 0.3375 0.45625000000000004 0.3375 0.4578125 0.3359375 0.45937500000000003 0.3359375 0.4609375 0.33437500000000003 0.4609375 0.328125 0.421875 0.328125 0.421875 0.3328125 0.42031250000000003 0.33437500000000003
0 0.4109375 0.7203125 0.4109375 0.7156250000000001 0.41250000000000003 0.7140625 0.4140625 0.7140625 0.415625 0.7125 0.42031250000000003 0.7125 0.42031250000000003 0.703125 0.39687500000000003 0.703125 0.39687500000000003 0.7203125 0.4109375 0.7203125
0 0.225 0.5640625 0.225 0.5531250000000001 0.215625 0.5531250000000001 0.215625 0.5640625 0.225 0.5640625
0 0.4375 0.7328125000000001 0.4390625 0.7312500000000001 0.44062500000000004 0.7312500000000001 0.44375000000000003 0.728125 0.44375000000000003 0.721875 0.42812500000000003 0.721875 0.42812500000000003 0.7328125000000001 0.4375 0.7328125000000001
1 0.0078125 0.3796875 0.0125 0.3796875 0.0140625 0.37812500000000004 0.0140625 0.37343750000000003 0.0125 0.371875 0.0125 0.3640625 0.010937500000000001 0.36250000000000004 0.010937500000000001 0.3515625 0.009375000000000001 0.35000000000000003 0.009375000000000001 0.33906250000000004 0.0078125 0.3375 0.0078125 0.33437500000000003 0.00625 0.3328125 0.00625 0.321875 0 0.321875 0 0.3875 0.0015625 0.3875 0.0015625 0.38593750000000004 0.0078125 0.3796875
1 0.0015625 0.46718750000000003 0.003125 0.465625 0.003125 0.4625 0.0078125 0.4578125 0.0078125 0.45625000000000004 0.009375000000000001 0.4546875 0.009375000000000001 0.45156250000000003 0.010937500000000001 0.45 0.010937500000000001 0.44843750000000004 0.0125 0.446875 0.0125 0.4453125 0.015625 0.4421875 0.015625 0.44062500000000004 0.0171875 0.4390625 0.0171875 0.43593750000000003 0.018750000000000003 0.434375 0.018750000000000003 0.43281250000000004 0.021875000000000002 0.4296875 0.021875000000000002 0.42812500000000003 0.0234375 0.4265625 0.0234375 0.41250000000000003 0.021875000000000002 0.4109375 0.021875000000000002 0.403125 0.0203125 0.403125 0.0171875 0.40625 0.0125 0.40625 0.010937500000000001 0.40468750000000003 0.009375000000000001 0.40468750000000003 0.003125 0.3984375 0.003125 0.39687500000000003 0.0015625 0.3953125 0.0015625 0.3921875 0 0.3921875 0 0.46875 0.0015625 0.46875 0.0015625 0.46718750000000003
0 0.1703125 0.3453125 0.1703125 0.340625 0.171875 0.33906250000000004 0.171875 0.3375 0.17343750000000002 0.3359375 0.17343750000000002 0.328125 0.15937500000000002 0.328125 0.15937500000000002 0.3453125 0.1703125 0.3453125
0 0.6515625 0.7312500000000001 0.6515625 0.721875 0.634375 0.721875 0.634375 0.7312500000000001 0.6515625 0.7312500000000001
0 0.22031250000000002 0.43281250000000004 0.22187500000000002 0.43125 0.2234375 0.43125 0.225 0.4296875 0.225 0.42812500000000003 0.2265625 0.4265625 0.2265625 0.4234375 0.22812500000000002 0.421875 0.2328125 0.421875 0.2328125 0.415625 0.209375 0.415625 0.209375 0.43281250000000004 0.22031250000000002 0.43281250000000004
0 0.215625 0.5906250000000001 0.2234375 0.5984375000000001 0.225 0.5984375000000001 0.22812500000000002 0.6015625 0.22968750000000002 0.6015625 0.234375 0.6062500000000001 0.23750000000000002 0.6062500000000001 0.2390625 0.6078125000000001 0.2421875 0.6078125000000001 0.24375000000000002 0.609375 0.24375000000000002 0.6140625000000001 0.26093750000000004 0.6140625000000001 0.26093750000000004 0.609375 0.26406250000000003 0.6062500000000001 0.26562500000000006 0.6062500000000001 0.27187500000000003 0.6000000000000001 0.27343750000000006 0.6000000000000001 0.27656250000000004 0.596875 0.2828125 0.596875 0.2828125 0.5781250000000001 0.278125 0.5781250000000001 0.27343750000000006 0.5734375 0.27343750000000006 0.571875 0.27187500000000003 0.5703125000000001 0.27187500000000003 0.565625 0.209375 0.565625 0.209375 0.5906250000000001 0.215625 0.5906250000000001
0 0.5281250000000001 0.41250000000000003 0.5296875000000001 0.4140625 0.5312500000000001 0.4140625 0.5328125 0.415625 0.5328125 0.42031250000000003 0.5484375 0.42031250000000003 0.5484375 0.415625 0.55 0.4140625 0.55 0.41250000000000003 0.5531250000000001 0.40937500000000004 0.5578125 0.40937500000000004 0.5578125 0.403125 0.5218750000000001 0.403125 0.5218750000000001 0.41250000000000003 0.5281250000000001 0.41250000000000003
0 0.371875 0.4140625 0.371875 0.4078125 0.37812500000000004 0.40156250000000004 0.3828125 0.40156250000000004 0.3828125 0.39687500000000003 0.37812500000000004 0.39687500000000003 0.375 0.39375000000000004 0.375 0.384375 0.34687500000000004 0.384375 0.34687500000000004 0.4140625 0.371875 0.4140625
0 0.6578125 0.7015625000000001 0.6578125 0.6781250000000001 0.634375 0.6781250000000001 0.634375 0.7015625000000001 0.6578125 0.7015625000000001
0 0.359375 0.14062500000000003 0.3671875 0.1484375 0.36875 0.1484375 0.37031250000000004 0.15000000000000002 0.371875 0.15000000000000002 0.37343750000000003 0.15156250000000002 0.37812500000000004 0.15156250000000002 0.3796875 0.153125 0.38125000000000003 0.153125 0.3828125 0.1546875 0.384375 0.1546875 0.38593750000000004 0.15625 0.390625 0.15625 0.3921875 0.15781250000000002 0.39375000000000004 0.15781250000000002 0.3953125 0.15937500000000002 0.3953125 0.1640625 0.41718750000000004 0.1640625 0.41718750000000004 0.15937500000000002 0.42031250000000003 0.15625 0.421875 0.15625 0.4234375 0.1546875 0.42500000000000004 0.1546875 0.4265625 0.153125 0.4296875 0.153125 0.43125 0.15156250000000002 0.434375 0.15156250000000002 0.4375 0.1484375 0.4390625 0.1484375 0.44062500000000004 0.146875 0.4421875 0.146875 0.44375000000000003 0.1453125 0.44375000000000003 0.14375000000000002 0.44843750000000004 0.1390625 0.44843750000000004 0.1375 0.45 0.13593750000000002 0.45 0.13437500000000002 0.45156250000000003 0.13281250000000003 0.45156250000000003 0.13125 0.4546875 0.12812500000000002 0.4546875 0.115625 0.434375 0.115625 0.434375 0.1203125 0.43281250000000004 0.12187500000000001 0.43125 0.12187500000000001 0.4296875 0.1234375 0.403125 0.1234375 0.40156250000000004 0.12187500000000001 0.3984375 0.12187500000000001 0.39687500000000003 0.1203125 0.39687500000000003 0.115625 0.353125 0.115625 0.353125 0.14062500000000003 0.359375 0.14062500000000003
0 0.309375 0.496875 0.31093750000000003 0.49843750000000003 0.3140625 0.49843750000000003 0.31562500000000004 0.5 0.31875000000000003 0.5 0.3203125 0.5015625 0.321875 0.5015625 0.325 0.5046875000000001 0.32656250000000003 0.5046875000000001 0.328125 0.5062500000000001 0.3328125 0.5062500000000001 0.33437500000000003 0.5078125000000001 0.3359375 0.5078125000000001 0.3375 0.509375 0.3375 0.5140625000000001 0.35000000000000003 0.5140625000000001 0.35000000000000003 0.509375 0.3515625 0.5078125000000001 0.353125 0.5078125000000001 0.35468750000000004 0.5062500000000001 0.35625 0.5062500000000001 0.359375 0.503125 0.3640625 0.503125 0.3640625 0.49843750000000003 0.359375 0.49843750000000003 0.35625 0.49531250000000004 0.35468750000000004 0.49531250000000004 0.353125 0.49375 0.3484375 0.49375 0.34687500000000004 0.4921875 0.3375 0.4921875 0.3359375 0.49062500000000003 0.33437500000000003 0.49062500000000003 0.3328125 0.4890625 0.3328125 0.484375 0.30312500000000003 0.484375 0.30312500000000003 0.496875 0.309375 0.496875
0 0.46875 0.6765625000000001 0.46875 0.6703125000000001 0.47187500000000004 0.6671875 0.4765625 0.6671875 0.4765625 0.659375 0.453125 0.659375 0.453125 0.6765625000000001 0.46875 0.6765625000000001
0 0.4078125 0.5281250000000001 0.403125 0.5281250000000001 0.403125 0.5546875000000001 0.40937500000000004 0.5546875000000001 0.4109375 0.55625 0.415625 0.55625 0.41718750000000004 0.5546875000000001 0.41875 0.5546875000000001 0.4234375 0.55 0.42500000000000004 0.55 0.4265625 0.5484375 0.42812500000000003 0.5484375 0.43593750000000003 0.540625 0.43593750000000003 0.5375000000000001 0.4375 0.5359375000000001 0.4375 0.5218750000000001 0.40937500000000004 0.5218750000000001 0.40937500000000004 0.5265625 0.4078125 0.5281250000000001
0 0.7109375 0.5687500000000001 0.7125 0.5671875000000001 0.7125 0.565625 0.7140625 0.5640625 0.7140625 0.5593750000000001 0.703125 0.5593750000000001 0.703125 0.5687500000000001 0.7109375 0.5687500000000001
0 0.453125 0.5375000000000001 0.4546875 0.5359375000000001 0.4578125 0.5359375000000001 0.45937500000000003 0.534375 0.4609375 0.534375 0.4609375 0.5281250000000001 0.446875 0.5281250000000001 0.446875 0.5375000000000001 0.453125 0.5375000000000001
0 0.5015625 0.3453125 0.5078125000000001 0.3515625 0.5125000000000001 0.3515625 0.5140625000000001 0.353125 0.5140625000000001 0.35781250000000003 0.5156250000000001 0.35781250000000003 0.5156250000000001 0.353125 0.5171875 0.3515625 0.5218750000000001 0.3515625 0.5234375000000001 0.35000000000000003 0.525 0.35000000000000003 0.5265625 0.3484375 0.5281250000000001 0.3484375 0.5296875000000001 0.34687500000000004 0.5296875000000001 0.3453125 0.5312500000000001 0.34375 0.5312500000000001 0.34218750000000003 0.5328125 0.340625 0.5328125 0.33906250000000004 0.5312500000000001 0.33906250000000004 0.5296875000000001 0.3375 0.5281250000000001 0.3375 0.5265625 0.3359375 0.525 0.3359375 0.5218750000000001 0.3328125 0.5218750000000001 0.328125 0.496875 0.328125 0.496875 0.3453125 0.5015625 0.3453125
0 0.47187500000000004 0.259375 0.4703125 0.259375 0.46875 0.26093750000000004 0.46718750000000003 0.26093750000000004 0.46406250000000004 0.26406250000000003 0.4625 0.26406250000000003 0.45937500000000003 0.2671875 0.4578125 0.2671875 0.45156250000000003 0.27343750000000006 0.44843750000000004 0.27343750000000006 0.446875 0.275 0.4453125 0.275 0.4421875 0.278125 0.44062500000000004 0.278125 0.4390625 0.27968750000000003 0.4375 0.27968750000000003 0.43593750000000003 0.28125000000000006 0.434375 0.28125000000000006 0.43281250000000004 0.2828125 0.43125 0.2828125 0.4296875 0.28437500000000004 0.4265625 0.28437500000000004 0.42500000000000004 0.2859375 0.421875 0.2859375 0.42031250000000003 0.28750000000000003 0.41875 0.28750000000000003 0.41718750000000004 0.28906250000000006 0.4140625 0.28906250000000006 0.4109375 0.29218750000000004 0.40937500000000004 0.29218750000000004 0.4078125 0.29375 0.403125 0.29375 0.403125 0.3328125 0.44375000000000003 0.3328125 0.44375000000000003 0.328125 0.4453125 0.32656250000000003 0.44843750000000004 0.32656250000000003 0.45 0.325 0.453125 0.325 0.4546875 0.32343750000000004 0.4578125 0.32343750000000004 0.45937500000000003 0.321875 0.4609375 0.321875 0.4625 0.3203125 0.46406250000000004 0.3203125 0.4765625 0.30781250000000004 0.478125 0.30781250000000004 0.48125 0.3046875 0.48281250000000003 0.3046875 0.4890625 0.2984375 0.49062500000000003 0.2984375 0.5 0.28906250000000006 0.5 0.28750000000000003 0.5062500000000001 0.28125000000000006 0.5062500000000001 0.27968750000000003 0.509375 0.27656250000000004 0.5140625000000001 0.27656250000000004 0.5140625000000001 0.246875 0.47968750000000004 0.246875 0.47968750000000004 0.2515625 0.47187500000000004 0.259375
0 0.5734375 0.7203125 0.5734375 0.7140625 0.5750000000000001 0.7125 0.5750000000000001 0.7109375 0.5765625000000001 0.7093750000000001 0.5765625000000001 0.703125 0.5593750000000001 0.703125 0.5593750000000001 0.7203125 0.5734375 0.7203125
0 0.30625 0.7140625 0.30625 0.703125 0.296875 0.703125 0.296875 0.7140625 0.30625 0.7140625
0 0.6453125000000001 0.35781250000000003 0.6453125000000001 0.353125 0.6468750000000001 0.3515625 0.6515625 0.3515625 0.6515625 0.340625 0.628125 0.340625 0.628125 0.35781250000000003 0.6453125000000001 0.35781250000000003
0 0.359375 0.7203125 0.359375 0.7156250000000001 0.36250000000000004 0.7125 0.36250000000000004 0.7109375 0.3640625 0.7093750000000001 0.3640625 0.703125 0.34687500000000004 0.703125 0.34687500000000004 0.7203125 0.359375 0.7203125
0 0.41718750000000004 0.5140625000000001 0.41718750000000004 0.5078125000000001 0.4234375 0.5015625 0.4234375 0.5 0.4265625 0.496875 0.42812500000000003 0.496875 0.434375 0.49062500000000003 0.4390625 0.49062500000000003 0.4390625 0.484375 0.40937500000000004 0.484375 0.40937500000000004 0.5140625000000001 0.41718750000000004 0.5140625000000001
0 0.6078125000000001 0.44062500000000004 0.609375 0.4421875 0.6109375 0.4421875 0.6125 0.44375000000000003 0.6140625000000001 0.44375000000000003 0.6156250000000001 0.4453125 0.6218750000000001 0.4453125 0.6234375000000001 0.44375000000000003 0.628125 0.44375000000000003 0.634375 0.4375 0.6390625000000001 0.4375 0.6390625000000001 0.421875 0.603125 0.421875 0.603125 0.44062500000000004 0.6078125000000001 0.44062500000000004
0 0.4390625 0.5062500000000001 0.4421875 0.509375 0.44375000000000003 0.509375 0.4453125 0.5109375 0.4453125 0.5125000000000001 0.446875 0.5140625000000001 0.44843750000000004 0.5140625000000001 0.453125 0.51875 0.4546875 0.51875 0.4578125 0.5218750000000001 0.4578125 0.5265625 0.4734375 0.5265625 0.4734375 0.5156250000000001 0.47187500000000004 0.5140625000000001 0.4703125 0.5140625000000001 0.46718750000000003 0.5109375 0.465625 0.5109375 0.45937500000000003 0.5046875000000001 0.4578125 0.5046875000000001 0.45156250000000003 0.49843750000000003 0.45 0.49843750000000003 0.44843750000000004 0.496875 0.44843750000000004 0.49062500000000003 0.434375 0.49062500000000003 0.434375 0.5062500000000001 0.4390625 0.5062500000000001
0 0.4390625 0.37031250000000004 0.4390625 0.353125 0.421875 0.353125 0.421875 0.37031250000000004 0.4390625 0.37031250000000004
0 0.22187500000000002 0.5265625 0.22187500000000002 0.5218750000000001 0.225 0.51875 0.225 0.5171875 0.2265625 0.5156250000000001 0.2265625 0.509375 0.209375 0.509375 0.209375 0.5265625 0.22187500000000002 0.5265625
0 0.1375 0.5578125 0.1375 0.540625 0.12187500000000001 0.540625 0.12187500000000001 0.5578125 0.1375 0.5578125
0 0.5437500000000001 0.3765625 0.5437500000000001 0.37031250000000004 0.5468750000000001 0.3671875 0.5515625000000001 0.3671875 0.5515625000000001 0.359375 0.5281250000000001 0.359375 0.5281250000000001 0.3765625 0.5437500000000001 0.3765625
0 0.7203125 0.4890625 0.7203125 0.478125 0.7093750000000001 0.478125 0.7093750000000001 0.4890625 0.7203125 0.4890625
0 0.4265625 0.225 0.42812500000000003 0.2234375 0.4296875 0.2234375 0.43281250000000004 0.22031250000000002 0.434375 0.22031250000000002 0.43593750000000003 0.21875 0.4375 0.21875 0.4390625 0.2171875 0.4421875 0.2171875 0.44375000000000003 0.215625 0.4453125 0.215625 0.446875 0.21406250000000002 0.45156250000000003 0.21406250000000002 0.45156250000000003 0.203125 0.415625 0.203125 0.415625 0.225 0.4265625 0.225
0 0.49531250000000004 0.7328125000000001 0.49531250000000004 0.721875 0.478125 0.721875 0.478125 0.7328125000000001 0.49531250000000004 0.7328125000000001
0 0.27187500000000003 0.5156250000000001 0.2703125 0.5156250000000001 0.26875000000000004 0.5171875 0.26562500000000006 0.5171875 0.26406250000000003 0.51875 0.259375 0.51875 0.259375 0.5531250000000001 0.26406250000000003 0.5531250000000001 0.26562500000000006 0.5546875000000001 0.2671875 0.5546875000000001 0.26875000000000004 0.55625 0.2703125 0.55625 0.27187500000000003 0.5578125 0.27343750000000006 0.5578125 0.27656250000000004 0.5609375000000001 0.278125 0.5609375000000001 0.27968750000000003 0.5625000000000001 0.2828125 0.5625000000000001 0.2859375 0.565625 0.2828125 0.5687500000000001 0.28125000000000006 0.5687500000000001 0.27968750000000003 0.5703125000000001 0.278125 0.5703125000000001 0.278125 0.5765625000000001 0.28906250000000006 0.5765625000000001 0.28906250000000006 0.571875 0.29218750000000004 0.5687500000000001 0.3140625 0.5687500000000001 0.31562500000000004 0.5671875000000001 0.3171875 0.5671875000000001 0.325 0.5593750000000001 0.32656250000000003 0.5593750000000001 0.33437500000000003 0.5515625000000001 0.3359375 0.5515625000000001 0.3359375 0.55 0.340625 0.5453125000000001 0.340625 0.5375000000000001 0.33906250000000004 0.5359375000000001 0.33906250000000004 0.534375 0.3328125 0.5281250000000001 0.33125000000000004 0.5281250000000001 0.32343750000000004 0.5203125000000001 0.32343750000000004 0.51875 0.321875 0.5171875 0.321875 0.5156250000000001 0.3203125 0.5140625000000001 0.3203125 0.509375 0.27343750000000006 0.509375 0.27343750000000006 0.5140625000000001 0.27187500000000003 0.5156250000000001
0 0.27187500000000003 0.24531250000000002 0.27656250000000004 0.25 0.278125 0.25 0.28125000000000006 0.25312500000000004 0.28125000000000006 0.25781250000000006 0.28437500000000004 0.25781250000000006 0.28437500000000004 0.25312500000000004 0.28906250000000006 0.2484375 0.290625 0.2484375 0.29375 0.24531250000000002 0.29375 0.24375000000000002 0.296875 0.240625 0.3015625 0.240625 0.3015625 0.22812500000000002 0.26562500000000006 0.22812500000000002 0.26562500000000006 0.24531250000000002 0.27187500000000003 0.24531250000000002
0 0.596875 0.6765625000000001 0.596875 0.665625 0.5906250000000001 0.665625 0.5906250000000001 0.6765625000000001 0.596875 0.6765625000000001
0 0.384375 0.4375 0.38593750000000004 0.4390625 0.38593750000000004 0.44062500000000004 0.3921875 0.446875 0.3921875 0.45156250000000003 0.403125 0.45156250000000003 0.403125 0.446875 0.40625 0.44375000000000003 0.4078125 0.44375000000000003 0.4109375 0.44062500000000004 0.4109375 0.4375 0.41250000000000003 0.43593750000000003 0.41250000000000003 0.4265625 0.4109375 0.42500000000000004 0.4109375 0.4234375 0.40156250000000004 0.4140625 0.40156250000000004 0.40937500000000004 0.37812500000000004 0.40937500000000004 0.37812500000000004 0.4375 0.384375 0.4375
0 0.6140625000000001 0.2828125 0.6140625000000001 0.26562500000000006 0.5906250000000001 0.26562500000000006 0.5906250000000001 0.2828125 0.6140625000000001 0.2828125
0 0.6265625 0.7125 0.6265625 0.703125 0.609375 0.703125 0.609375 0.7125 0.6265625 0.7125
0 0.36875 0.5515625000000001 0.36875 0.5453125000000001 0.37031250000000004 0.5437500000000001 0.3765625 0.5437500000000001 0.3765625 0.5281250000000001 0.34687500000000004 0.5281250000000001 0.34687500000000004 0.5515625000000001 0.36875 0.5515625000000001
0 0.26406250000000003 0.7140625 0.26562500000000006 0.7125 0.2671875 0.7125 0.26875000000000004 0.7109375 0.26875000000000004 0.7093750000000001 0.2703125 0.7078125000000001 0.2703125 0.703125 0.25312500000000004 0.703125 0.25312500000000004 0.7140625 0.26406250000000003 0.7140625
0 0.46875 0.6765625000000001 0.46875 0.6687500000000001 0.47187500000000004 0.665625 0.4765625 0.665625 0.4765625 0.659375 0.453125 0.659375 0.453125 0.6765625000000001 0.46875 0.6765625000000001
1 0.4 0.1921875 0.3984375 0.1921875 0.39687500000000003 0.19375 0.39375000000000004 0.19375 0.3921875 0.1953125 0.38906250000000003 0.1953125 0.38593750000000004 0.19843750000000002 0.384375 0.19843750000000002 0.3828125 0.2 0.38125000000000003 0.2 0.3796875 0.2015625 0.371875 0.2015625 0.371875 0.20468750000000002 0.3796875 0.20468750000000002 0.38125000000000003 0.20625000000000002 0.384375 0.20625000000000002 0.3875 0.209375 0.3875 0.2109375 0.38906250000000003 0.21250000000000002 0.38906250000000003 0.215625 0.3875 0.2171875 0.38593750000000004 0.2171875 0.384375 0.21875 0.371875 0.21875 0.371875 0.26406250000000003 0.37812500000000004 0.26406250000000003 0.37812500000000004 0.2546875 0.3765625 0.25312500000000004 0.3796875 0.25 0.38125000000000003 0.25 0.3828125 0.2484375 0.38593750000000004 0.2484375 0.38906250000000003 0.24531250000000002 0.390625 0.24531250000000002 0.3921875 0.24375000000000002 0.39375000000000004 0.24375000000000002 0.3953125 0.2421875 0.39687500000000003 0.2421875 0.3984375 0.240625 0.3984375 0.2390625 0.40156250000000004 0.23593750000000002 0.403125 0.23593750000000002 0.4078125 0.23125 0.40937500000000004 0.23125 0.4109375 0.22968750000000002 0.4140625 0.22968750000000002 0.415625 0.22812500000000002 0.41718750000000004 0.22812500000000002 0.41718750000000004 0.2265625 0.415625 0.2265625 0.4109375 0.22187500000000002 0.4109375 0.21406250000000002 0.4140625 0.2109375 0.4140625 0.209375 0.415625 0.2078125 0.41718750000000004 0.2078125 0.42031250000000003 0.20468750000000002 0.43593750000000003 0.20468750000000002 0.4375 0.203125 0.44062500000000004 0.203125 0.4421875 0.20468750000000002 0.44375000000000003 0.20468750000000002 0.4453125 0.20625000000000002 0.446875 0.20625000000000002 0.45 0.209375 0.446875 0.21250000000000002 0.446875 0.215625 0.45937500000000003 0.215625 0.4609375 0.21406250000000002 0.45937500000000003 0.21406250000000002 0.453125 0.2078125 0.453125 0.20468750000000002 0.45156250000000003 0.203125 0.45156250000000003 0.19687500000000002 0.4546875 0.19375 0.4609375 0.19375 0.4625 0.1921875 0.465625 0.1921875 0.46718750000000003 0.19375 0.46718750000000003 0.1953125 0.46875 0.19687500000000002 0.46875 0.19843750000000002 0.4703125 0.2 0.4703125 0.2015625 0.47187500000000004 0.203125 0.4703125 0.20468750000000002 0.4703125 0.2078125 0.47187500000000004 0.209375 0.478125 0.209375 0.47968750000000004 0.2078125 0.48281250000000003 0.2078125 0.48281250000000003 0.20625000000000002 0.48125 0.20468750000000002 0.48125 0.2015625 0.478125 0.19843750000000002 0.478125 0.19687500000000002 0.4765625 0.19687500000000002 0.47500000000000003 0.1953125 0.4734375 0.1953125 0.4703125 0.1921875 0.46875 0.1921875 0.46718750000000003 0.19062500000000002 0.46718750000000003 0.184375 0.403125 0.184375 0.403125 0.18906250000000002 0.4 0.1921875
0 0.384375 0.215625 0.38593750000000004 0.2171875 0.3875 0.2171875 0.390625 0.22031250000000002 0.390625 0.2265625 0.4 0.2265625 0.4 0.22187500000000002 0.40156250000000004 0.22031250000000002 0.403125 0.22031250000000002 0.40468750000000003 0.21875 0.40625 0.21875 0.4078125 0.2171875 0.40937500000000004 0.2171875 0.4109375 0.215625 0.4109375 0.21406250000000002 0.4140625 0.2109375 0.415625 0.2109375 0.41875 0.2078125 0.42031250000000003 0.2078125 0.421875 0.20625000000000002 0.4265625 0.20625000000000002 0.4265625 0.19687500000000002 0.37812500000000004 0.19687500000000002 0.37812500000000004 0.215625 0.384375 0.215625
0 0.7171875000000001 0.5312500000000001 0.7203125 0.5281250000000001 0.7203125 0.5265625 0.721875 0.525 0.7265625 0.525 0.7265625 0.5156250000000001 0.703125 0.5156250000000001 0.703125 0.5312500000000001 0.7171875000000001 0.5312500000000001
0 0.47187500000000004 0.5437500000000001 0.4703125 0.5437500000000001 0.46875 0.5453125000000001 0.46875 0.5468750000000001 0.465625 0.55 0.45937500000000003 0.55 0.45937500000000003 0.5609375000000001 0.465625 0.5609375000000001 0.4703125 0.565625 0.47187500000000004 0.565625 0.4734375 0.5671875000000001 0.47500000000000003 0.5671875000000001 0.4765625 0.5687500000000001 0.478125 0.5687500000000001 0.47968750000000004 0.5703125000000001 0.48125 0.5703125000000001 0.48281250000000003 0.571875 0.484375 0.571875 0.48750000000000004 0.5750000000000001 0.4890625 0.5750000000000001 0.49531250000000004 0.58125 0.496875 0.58125 0.49843750000000003 0.5828125000000001 0.5 0.5828125000000001 0.503125 0.5859375000000001 0.5046875000000001 0.5859375000000001 0.5062500000000001 0.5875 0.509375 0.5875 0.5109375 0.5859375000000001 0.5125000000000001 0.5859375000000001 0.5156250000000001 0.5828125000000001 0.5156250000000001 0.58125 0.51875 0.5781250000000001 0.5203125000000001 0.5781250000000001 0.5281250000000001 0.5703125000000001 0.5296875000000001 0.5703125000000001 0.534375 0.565625 0.5359375000000001 0.565625 0.5359375000000001 0.5578125 0.5281250000000001 0.55 0.5203125000000001 0.55 0.51875 0.5484375 0.5156250000000001 0.5484375 0.5125000000000001 0.5453125000000001 0.5109375 0.5453125000000001 0.509375 0.5437500000000001 0.5078125000000001 0.5437500000000001 0.503125 0.5390625000000001 0.503125 0.534375 0.4765625 0.534375 0.4765625 0.5390625000000001 0.47187500000000004 0.5437500000000001
0 0.5953125 0.7328125000000001 0.5953125 0.721875 0.5843750000000001 0.721875 0.5843750000000001 0.7328125000000001 0.5953125 0.7328125000000001
0 0.0203125 0.4078125 0.0203125 0.3921875 0.018750000000000003 0.390625 0.018750000000000003 0.384375 0.003125 0.384375 0.003125 0.4078125 0.0203125 0.4078125
0 0.6531250000000001 0.1078125 0.6468750000000001 0.1078125 0.6468750000000001 0.12812500000000002 0.6531250000000001 0.12812500000000002 0.665625 0.14062500000000003 0.6671875 0.14062500000000003 0.6703125000000001 0.14375000000000002 0.6703125000000001 0.1453125 0.6765625000000001 0.15156250000000002 0.6765625000000001 0.153125 0.6796875 0.15625 0.6796875 0.15781250000000002 0.6843750000000001 0.1625 0.6859375000000001 0.1625 0.6875 0.1640625 0.690625 0.1640625 0.6921875000000001 0.1625 0.6921875000000001 0.1609375 0.6953125 0.15781250000000002 0.6953125 0.1546875 0.696875 0.153125 0.7015625000000001 0.153125 0.7015625000000001 0.15156250000000002 0.696875 0.15156250000000002 0.6937500000000001 0.1484375 0.6937500000000001 0.1453125 0.6890625 0.14062500000000003 0.6890625 0.1390625 0.6875 0.1375 0.6875 0.13437500000000002 0.6859375000000001 0.13281250000000003 0.6859375000000001 0.12187500000000001 0.6843750000000001 0.1203125 0.6843750000000001 0.1125 0.6828125 0.11093750000000001 0.6828125 0.10625000000000001 0.68125 0.1046875 0.68125 0.096875 0.659375 0.096875 0.659375 0.1015625 0.6531250000000001 0.1078125
0 0.07968750000000001 0.37812500000000004 0.08125 0.3796875 0.08281250000000001 0.3796875 0.084375 0.38125000000000003 0.08750000000000001 0.38125000000000003 0.096875 0.390625 0.096875 0.3953125 0.1171875 0.3953125 0.1171875 0.390625 0.1203125 0.3875 0.12187500000000001 0.3875 0.1296875 0.3796875 0.13125 0.3796875 0.13437500000000002 0.3765625 0.1390625 0.3765625 0.1390625 0.3640625 0.13437500000000002 0.3640625 0.1296875 0.359375 0.12812500000000002 0.359375 0.12656250000000002 0.35781250000000003 0.125 0.35781250000000003 0.1234375 0.35625 0.1203125 0.35625 0.11875000000000001 0.35468750000000004 0.1171875 0.35468750000000004 0.115625 0.353125 0.11406250000000001 0.353125 0.1125 0.3515625 0.11093750000000001 0.3515625 0.109375 0.35000000000000003 0.1078125 0.35000000000000003 0.10312500000000001 0.3453125 0.10312500000000001 0.340625 0.07187500000000001 0.340625 0.07187500000000001 0.37812500000000004 0.07968750000000001 0.37812500000000004
0 0.34375 0.5375000000000001 0.34375 0.5390625000000001 0.34218750000000003 0.540625 0.34218750000000003 0.5453125000000001 0.33906250000000004 0.5484375 0.33437500000000003 0.5484375 0.33437500000000003 0.5765625000000001 0.340625 0.5765625000000001 0.35000000000000003 0.5859375000000001 0.3515625 0.5859375000000001 0.35625 0.5906250000000001 0.35625 0.5953125 0.375 0.5953125 0.375 0.5906250000000001 0.37812500000000004 0.5875 0.3828125 0.5875 0.3828125 0.540625 0.37812500000000004 0.540625 0.375 0.5375000000000001 0.375 0.5359375000000001 0.37343750000000003 0.534375 0.37343750000000003 0.5281250000000001 0.34687500000000004 0.5281250000000001 0.34687500000000004 0.534375 0.34375 0.5375000000000001
0 0.5609375000000001 0.2390625 0.5609375000000001 0.234375 0.571875 0.2234375 0.5765625000000001 0.2234375 0.5765625000000001 0.209375 0.534375 0.209375 0.534375 0.2390625 0.5609375000000001 0.2390625
0 0.465625 0.4609375 0.4703125 0.465625 0.4703125 0.4703125 0.48281250000000003 0.4703125 0.48281250000000003 0.465625 0.484375 0.46406250000000004 0.484375 0.4625 0.48750000000000004 0.45937500000000003 0.48750000000000004 0.45625000000000004 0.4890625 0.4546875 0.4890625 0.446875 0.45937500000000003 0.446875 0.45937500000000003 0.4609375 0.465625 0.4609375
0 0.534375 0.4421875 0.5359375000000001 0.44375000000000003 0.5375000000000001 0.44375000000000003 0.5390625000000001 0.4453125 0.5390625000000001 0.45156250000000003 0.5515625000000001 0.45156250000000003 0.5515625000000001 0.421875 0.5281250000000001 0.421875 0.5281250000000001 0.4421875 0.534375 0.4421875
0 0.1171875 0.6203125 0.1171875 0.609375 0.109375 0.609375 0.109375 0.6203125 0.1171875 0.6203125
0 0.5156250000000001 0.7265625 0.5156250000000001 0.7203125 0.51875 0.7171875000000001 0.5203125000000001 0.7171875000000001 0.5218750000000001 0.7156250000000001 0.5265625 0.7156250000000001 0.5265625 0.703125 0.503125 0.703125 0.503125 0.7265625 0.5156250000000001 0.7265625
0 0.6843750000000001 0.26406250000000003 0.6843750000000001 0.259375 0.6875 0.25625000000000003 0.6890625 0.25625000000000003 0.690625 0.2546875 0.6921875000000001 0.2546875 0.6953125 0.2515625 0.6953125 0.246875 0.671875 0.246875 0.671875 0.26406250000000003 0.6843750000000001 0.26406250000000003
0 0.6140625000000001 0.7203125 0.6140625000000001 0.7156250000000001 0.6156250000000001 0.7140625 0.61875 0.7140625 0.6203125 0.7125 0.6265625 0.7125 0.6265625 0.696875 0.609375 0.696875 0.609375 0.7203125 0.6140625000000001 0.7203125
0 0.009375000000000001 0.6218750000000001 0.009375000000000001 0.6156250000000001 0.003125 0.6156250000000001 0.003125 0.6218750000000001 0.009375000000000001 0.6218750000000001
0 0.40468750000000003 0.7562500000000001 0.40625 0.7578125 0.4078125 0.7578125 0.40937500000000004 0.759375 0.4109375 0.7578125 0.41250000000000003 0.7578125 0.41875 0.7515625 0.41875 0.75 0.42031250000000003 0.7484375000000001 0.42031250000000003 0.7406250000000001 0.39687500000000003 0.7406250000000001 0.39687500000000003 0.7562500000000001 0.40468750000000003 0.7562500000000001
0 0.5156250000000001 0.096875 0.5140625000000001 0.096875 0.5125000000000001 0.09843750000000001 0.509375 0.09843750000000001 0.503125 0.1046875 0.496875 0.1046875 0.496875 0.13281250000000003 0.5375000000000001 0.13281250000000003 0.5375000000000001 0.12812500000000002 0.5390625000000001 0.12656250000000002 0.5390625000000001 0.125 0.540625 0.1234375 0.540625 0.12187500000000001 0.5437500000000001 0.11875000000000001 0.5453125000000001 0.11875000000000001 0.5468750000000001 0.1171875 0.5484375 0.1171875 0.55 0.115625 0.5515625000000001 0.115625 0.55625 0.11093750000000001 0.55625 0.109375 0.5578125 0.1078125 0.5578125 0.1015625 0.55625 0.1 0.55625 0.096875 0.5546875000000001 0.09531250000000001 0.5546875000000001 0.09062500000000001 0.5171875 0.09062500000000001 0.5171875 0.09531250000000001 0.5156250000000001 0.096875
0 0.240625 0.46718750000000003 0.2421875 0.46875 0.246875 0.46875 0.25312500000000004 0.47500000000000003 0.25625000000000003 0.47500000000000003 0.25781250000000006 0.4765625 0.2625 0.4765625 0.26406250000000003 0.478125 0.26406250000000003 0.48281250000000003 0.26562500000000006 0.48281250000000003 0.26562500000000006 0.478125 0.2671875 0.4765625 0.26875000000000004 0.4765625 0.2703125 0.47500000000000003 0.27656250000000004 0.47500000000000003 0.27656250000000004 0.4609375 0.27187500000000003 0.4609375 0.2671875 0.45625000000000004 0.26562500000000006 0.45625000000000004 0.26093750000000004 0.45156250000000003 0.26093750000000004 0.446875 0.26562500000000006 0.4421875 0.2671875 0.4421875 0.27187500000000003 0.4375 0.27656250000000004 0.4375 0.27656250000000004 0.421875 0.234375 0.421875 0.234375 0.46718750000000003 0.240625 0.46718750000000003
1 0.296875 0.2171875 0.2984375 0.21875 0.2984375 0.225 0.30000000000000004 0.2265625 0.30000000000000004 0.2328125 0.2984375 0.234375 0.2984375 0.23750000000000002 0.296875 0.2390625 0.296875 0.2421875 0.29531250000000003 0.24375000000000002 0.290625 0.24375000000000002 0.290625 0.246875 0.29531250000000003 0.246875 0.30000000000000004 0.2515625 0.30000000000000004 0.25312500000000004 0.296875 0.25625000000000003 0.290625 0.25625000000000003 0.290625 0.26562500000000006 0.2984375 0.26562500000000006 0.3015625 0.26875000000000004 0.30312500000000003 0.26875000000000004 0.3046875 0.2703125 0.30625 0.2703125 0.30781250000000004 0.27187500000000003 0.30781250000000004 0.27656250000000004 0.3140625 0.27656250000000004 0.3140625 0.27187500000000003 0.31875000000000003 0.2671875 0.3203125 0.2671875 0.32656250000000003 0.26093750000000004 0.328125 0.26093750000000004 0.3296875 0.259375 0.33125000000000004 0.259375 0.33125000000000004 0.25 0.328125 0.246875 0.328125 0.24531250000000002 0.32343750000000004 0.240625 0.32343750000000004 0.22968750000000002 0.3296875 0.2234375 0.33125000000000004 0.2234375 0.33437500000000003 0.22031250000000002 0.3359375 0.22031250000000002 0.3359375 0.21875 0.3375 0.2171875 0.3375 0.21250000000000002 0.33906250000000004 0.2109375 0.33906250000000004 0.20468750000000002 0.3375 0.203125 0.3375 0.2015625 0.3359375 0.2015625 0.33125000000000004 0.19687500000000002 0.33125000000000004 0.19062500000000002 0.290625 0.19062500000000002 0.290625 0.2171875 0.296875 0.2171875
0 0.46875 0.21406250000000002 0.46875 0.19062500000000002 0.453125 0.19062500000000002 0.453125 0.21406250000000002 0.46875 0.21406250000000002
0 0.32656250000000003 0.7328125000000001 0.328125 0.7312500000000001 0.3296875 0.7312500000000001 0.3328125 0.728125 0.3328125 0.721875 0.321875 0.721875 0.321875 0.7328125000000001 0.32656250000000003 0.7328125000000001
0 0.5156250000000001 0.2328125 0.5171875 0.23125 0.5218750000000001 0.23125 0.5281250000000001 0.225 0.5328125 0.225 0.5328125 0.215625 0.503125 0.215625 0.503125 0.2328125 0.5156250000000001 0.2328125
0 0.6890625 0.6578125 0.6890625 0.6468750000000001 0.671875 0.6468750000000001 0.671875 0.6578125 0.6890625 0.6578125
0 0.4078125 0.65 0.40937500000000004 0.6484375 0.41250000000000003 0.6484375 0.4140625 0.6468750000000001 0.42031250000000003 0.6468750000000001 0.42031250000000003 0.640625 0.403125 0.640625 0.403125 0.65 0.4078125 0.65
0 0.27187500000000003 0.24531250000000002 0.278125 0.2515625 0.27968750000000003 0.2515625 0.28125000000000006 0.25312500000000004 0.28125000000000006 0.25781250000000006 0.28437500000000004 0.25781250000000006 0.28437500000000004 0.25312500000000004 0.28906250000000006 0.2484375 0.290625 0.2484375 0.290625 0.246875 0.296875 0.240625 0.3015625 0.240625 0.3015625 0.22812500000000002 0.26562500000000006 0.22812500000000002 0.26562500000000006 0.24531250000000002 0.27187500000000003 0.24531250000000002
0 0.6225906250000001 0.5082984375 0.5331125000000001 0.444384375 0.5135625 0.4609281250000001 0.5774750000000001 0.538375 0.6225906250000001 0.5082984375
0 0.52634375 0.4308500000000001 0.5000265625 0.4240828125 0.49702031250000006 0.4473921875000001 0.52634375 0.4308500000000001
0 0.4940125000000001 0.44513749999999996 0.47972500000000007 0.37220000000000003 0.4609281250000001 0.4473921875000001 0.4940125000000001 0.44513749999999996
0 0.45942343750000003 0.4225796875000001 0.44288125000000006 0.42107500000000003 0.45265625000000004 0.43235468750000006 0.45942343750000003 0.4225796875000001
0 0.41355625 0.4376171875 0.412053125 0.4458890625000001 0.42934687499999996 0.4556640625 0.4496484375 0.44513749999999996 0.44212968750000003 0.4308500000000001 0.43912187500000005 0.42032343750000006 0.4473921875000001 0.41355625 0.4398734375 0.4000218750000001 0.42032343750000006 0.39551093750000005 0.409796875 0.4105484375 0.41806718750000005 0.42333125000000005 0.41355625 0.4376171875
0 0.73161875 0.3564109375 0.7383859375 0.3473875 0.7286109375 0.343628125 0.727859375 0.35415468749999995 0.73161875 0.3564109375
0 0.727859375 0.39927031250000006 0.7308671875 0.39551093750000005 0.725603125 0.38799062500000003 0.725603125 0.38874375 0.7180843750000001 0.3962625 0.727859375 0.39927031250000006
0 0.7195875 0.44513749999999996 0.7271078125000001 0.44062500000000004 0.7225953125000001 0.43310625 0.7143250000000001 0.4398734375 0.7195875 0.44513749999999996
0 0.7060531250000002 0.40077343750000005 0.6240937500000001 0.2511421875 0.60454375 0.25264531250000005 0.6902625 0.40077343750000005 0.7060531250000002 0.40077343750000005
0 0.5255921875 0.2992640625 0.5421343750000001 0.29400156250000004 0.5458937500000001 0.28648125 0.5534140625 0.2744515625 0.561684375 0.27670625000000004 0.5827390625000001 0.2736984375 0.5842421875000001 0.26091718750000004 0.56995625 0.24888593750000004 0.5489015625000001 0.23986250000000003 0.5368718750000001 0.2496375 0.5391265625 0.2661796875 0.5240890625 0.26843593750000005 0.5082984375 0.284978125 0.51130625 0.294753125 0.5255921875 0.2992640625
0 0.534615625 0.2601640625 0.5338640625000001 0.24738125000000005 0.5180734375000001 0.23911093750000004 0.5082984375 0.23835937500000004 0.5015312500000001 0.245878125 0.52634375 0.2601640625 0.534615625 0.2601640625
0 0.12481875 0.5947687500000001 0.12857812500000002 0.598528125 0.140609375 0.5940171875 0.13685000000000003 0.5849937500000001 0.130834375 0.58725 0.12481875 0.5947687500000001
1 0.6398843750000002 0.42182812500000005 0.7150765625000001 0.444384375 0.62635 0.300015625 0.6143187499999999 0.35265156250000007 0.6398843750000002 0.42182812500000005
1 0.33836406250000006 0.534615625 0.37144843750000006 0.5022828125000001 0.3346046875 0.4398734375 0.27821093750000003 0.4398734375 0.290240625 0.4774703125000001 0.33836406250000006 0.534615625
0 0.3030234375 0.4571671875 0.31580625 0.4473921875000001 0.3173109375 0.4398734375 0.31204687500000006 0.44212968750000003 0.294753125 0.44212968750000003 0.28121875 0.43912187500000005 0.28648125 0.45265625000000004 0.3030234375 0.4571671875
0 0.5203296875000001 0.655675 0.5301046875000001 0.6541703125 0.5301046875000001 0.6474031250000001 0.52108125 0.6481562500000001 0.517321875 0.6526671875 0.5203296875000001 0.655675
0 0.32558125000000004 0.67296875 0.3361078125 0.6722171875 0.33836406250000006 0.6662015625000001 0.32633281250000007 0.66319375 0.3233265625 0.6699609375000001 0.32558125000000004 0.67296875
