0 0.142771 0.610800 0.138572 0.611600 0.130174 0.611200 0.121176 0.612800 0.115777 0.612000 0.106179 0.614000 0.082184 0.616400 0.079184 0.618000 0.077984 0.624000 0.080384 0.630400 0.090582 0.650000 0.094181 0.653200 0.096581 0.653600 0.100180 0.652400 0.101980 0.650000 0.127774 0.630400 0.134973 0.623200 0.140972 0.620400 0.143971 0.616800 0.143971 0.611600
0 0.918728 0.671780 0.909580 0.689236 0.908950 0.693020 0.915573 0.689656 0.921248 0.681664 0.922507 0.674096
0 0.719856 0.614400 0.716257 0.619200 0.715657 0.631600 0.717457 0.633600 0.724655 0.634400 0.733653 0.629600 0.739052 0.628000 0.740852 0.626800 0.742052 0.623200 0.724655 0.615600
0 0.727055 0.635600 0.722855 0.637600 0.721656 0.639600 0.722855 0.647200 0.727055 0.649600 0.735453 0.649200 0.739052 0.646800 0.739052 0.640000 0.737253 0.638000 0.733053 0.636400
0 0.688062 0.634800 0.680864 0.637200 0.679064 0.639600 0.683863 0.649600 0.683263 0.655600 0.680264 0.659600 0.670666 0.666400 0.669466 0.668800 0.673065 0.672000 0.682064 0.676000 0.685663 0.676800 0.697660 0.676800 0.710858 0.673600 0.716857 0.668400 0.718656 0.664800 0.715657 0.662800 0.710258 0.654800 0.709658 0.640000 0.707259 0.636800 0.700060 0.635200
0 0.748050 0.668400 0.744451 0.667600 0.739052 0.668800 0.733653 0.668400 0.721656 0.669600 0.716257 0.672000 0.713257 0.675600 0.721056 0.678000 0.726455 0.678400 0.738452 0.677200 0.748650 0.672000
0 0.935813 0.670000 0.931014 0.670400 0.923215 0.674800 0.924415 0.679600 0.929814 0.682800 0.936413 0.682400 0.941812 0.679200 0.941812 0.674400
0 0.994601 0.650000 0.991002 0.648000 0.984403 0.653200 0.973005 0.658400 0.966407 0.660000 0.960408 0.659200 0.950210 0.655200 0.947211 0.652800 0.941812 0.652000 0.937013 0.654800 0.938812 0.666800 0.949610 0.673200 0.955609 0.675600 0.961008 0.676000 0.974805 0.673600 0.983803 0.668800 0.991602 0.662000 0.995201 0.654400
0 0.890222 0.652400 0.887223 0.654400 0.885423 0.657600 0.886623 0.661600 0.896221 0.664800 0.897421 0.670800 0.899820 0.673200 0.903419 0.674400 0.913017 0.673600 0.916017 0.671200 0.920216 0.663600 0.922016 0.662400 0.922016 0.657600 0.918416 0.659600 0.914217 0.660400 0.908218 0.658400 0.901020 0.652400 0.896221 0.651200
0 0.859628 0.689200 0.859028 0.692800 0.862627 0.694800 0.874625 0.694000 0.883623 0.694800 0.888422 0.696400 0.901620 0.698000 0.904619 0.696400 0.907019 0.688800 0.896821 0.681200 0.892022 0.679600 0.878824 0.679600 0.873425 0.680800 0.866827 0.683600
0 0.892022 0.712400 0.887822 0.708800 0.879424 0.708800 0.869826 0.710800 0.856029 0.710800 0.852430 0.712800 0.852430 0.714000 0.862627 0.716400 0.877624 0.716800 0.892022 0.714000
0 0.791242 0.670400 0.788242 0.673600 0.788242 0.679200 0.803239 0.689200 0.809238 0.689600 0.815837 0.688800 0.816437 0.685200 0.812238 0.679200 0.799040 0.671200 0.793641 0.670000
0 0.780444 0.653600 0.764847 0.656800 0.763047 0.658000 0.762448 0.662800 0.766647 0.673600 0.768446 0.675200 0.778644 0.672400 0.784043 0.668800 0.784643 0.657600 0.783443 0.655200
0 0.779244 0.642400 0.778644 0.644400 0.785243 0.652000 0.810438 0.668400 0.815837 0.669600 0.833833 0.669200 0.838032 0.668000 0.839832 0.665600 0.838032 0.663600 0.815837 0.656000 0.803239 0.650000 0.794241 0.648400 0.787043 0.643200 0.783443 0.642000
0 0.770846 0.638800 0.763047 0.637600 0.758248 0.638800 0.754649 0.641200 0.749250 0.646800 0.749250 0.651600 0.751650 0.653600 0.755849 0.653600 0.762448 0.652000 0.769646 0.648400 0.773845 0.644400 0.773245 0.640800
0 0.894421 0.612800 0.887822 0.614800 0.883023 0.620400 0.876425 0.624800 0.871626 0.626400 0.873425 0.630800 0.879424 0.632000 0.887223 0.631600 0.894421 0.628400 0.897421 0.622400 0.896821 0.615200
0 0.901020 0.610400 0.899820 0.614000 0.920216 0.648000 0.925015 0.653600 0.929814 0.654800 0.935813 0.654800 0.946611 0.650000 0.953809 0.644400 0.953809 0.640000 0.946611 0.636800 0.929814 0.624400 0.922016 0.620400 0.913617 0.613600 0.905219 0.610000
0 0.920816 0.598400 0.920816 0.607600 0.923215 0.610800 0.926815 0.612800 0.931614 0.614000 0.943011 0.613600 0.949610 0.609200 0.949610 0.604800 0.947810 0.602400 0.943011 0.600000 0.932813 0.597200 0.925615 0.597200
0 0.880624 0.594400 0.883023 0.600000 0.889622 0.604400 0.893221 0.605600 0.898620 0.605600 0.905819 0.603200 0.913017 0.599600 0.914217 0.597200 0.913017 0.593200 0.910018 0.591600 0.906419 0.591200 0.897421 0.592400 0.894421 0.591200 0.886023 0.590800 0.883023 0.591600
0 0.832633 0.546800 0.834433 0.552000 0.838632 0.555200 0.847630 0.557200 0.854829 0.557200 0.863227 0.555600 0.871026 0.552000 0.876425 0.548000 0.877025 0.544000 0.872226 0.544000 0.862627 0.547600 0.845231 0.547200 0.838632 0.544000 0.834433 0.543200
0 0.872825 0.551600 0.866827 0.554000 0.859628 0.560000 0.857229 0.566400 0.858428 0.571200 0.861428 0.574800 0.869226 0.579600 0.874025 0.580400 0.887223 0.578800 0.892621 0.576800 0.895621 0.573600 0.896221 0.565200 0.894421 0.560800 0.891422 0.557600 0.883623 0.552800 0.877025 0.552800
0 0.824835 0.584400 0.821836 0.588000 0.822436 0.592000 0.824835 0.595200 0.834433 0.601600 0.835633 0.610400 0.838032 0.612000 0.845231 0.612000 0.853029 0.610000 0.857229 0.607200 0.860828 0.602800 0.861428 0.598400 0.860228 0.596400 0.848830 0.592800 0.838632 0.584400 0.835033 0.583600
0 0.716857 0.567200 0.720456 0.575600 0.727055 0.579200 0.741452 0.575200 0.747451 0.571600 0.746851 0.567200 0.742052 0.564400 0.736653 0.564400 0.732454 0.565600 0.722256 0.564400 0.719856 0.564800
0 0.717457 0.522000 0.711458 0.521600 0.705459 0.522400 0.700060 0.524000 0.696461 0.526400 0.695861 0.534000 0.697061 0.536800 0.701260 0.541600 0.705459 0.544000 0.715657 0.544000 0.724655 0.537200 0.725255 0.528000 0.723455 0.525200
0 0.717043 0.591640 0.719484 0.586756 0.723881 0.588708 0.726323 0.593920 0.725351 0.597828 0.724859 0.599132
0 0.674547 0.614440 0.718998 0.609556 0.710204 0.614768 0.707277 0.617048 0.678944 0.616720
0 0.691662 0.558400 0.680864 0.564000 0.672466 0.570800 0.668866 0.575600 0.662268 0.579200 0.660468 0.581600 0.659868 0.587600 0.662268 0.591200 0.662867 0.594800 0.665267 0.596000 0.668866 0.594000 0.674265 0.596400 0.679064 0.596800 0.685663 0.598800 0.698860 0.604400 0.704859 0.605200 0.710258 0.607200 0.715657 0.608000 0.721056 0.607200 0.724055 0.605200 0.724055 0.601200 0.713257 0.596400 0.707259 0.596000 0.700660 0.591600 0.696461 0.590400 0.689262 0.586400 0.685063 0.582800 0.685063 0.578800 0.687463 0.574400 0.695861 0.564400 0.695861 0.559200
0 0.650870 0.573200 0.646671 0.576800 0.644871 0.580800 0.644871 0.585200 0.646071 0.589200 0.648470 0.592000 0.648470 0.595600 0.653269 0.598400 0.658068 0.598800 0.662268 0.596000 0.662268 0.588400 0.658668 0.578400 0.655069 0.574000
0 0.595081 0.598800 0.587283 0.608800 0.587882 0.616400 0.591482 0.620000 0.595681 0.622000 0.602280 0.623200 0.613077 0.622400 0.620276 0.620000 0.623275 0.617600 0.625675 0.612800 0.623875 0.605200 0.615477 0.601600 0.605279 0.600400 0.601080 0.598400
0 0.627475 0.582400 0.622675 0.582400 0.612478 0.590800 0.607678 0.592800 0.599280 0.594000 0.597481 0.595200 0.599280 0.598000 0.605879 0.600400 0.620276 0.601600 0.626875 0.599600 0.631674 0.596400 0.632873 0.593600 0.632274 0.588400
0 0.380924 0.458800 0.376725 0.463200 0.376725 0.467600 0.383323 0.471200 0.388722 0.471200 0.394121 0.468000 0.394721 0.462800 0.388722 0.458400
0 0.506299 0.527200 0.506299 0.530400 0.508098 0.533200 0.514697 0.537600 0.517097 0.538000 0.530294 0.535600 0.536893 0.532000 0.538092 0.530000 0.536293 0.526000 0.533293 0.524400 0.527295 0.523600 0.511098 0.523200 0.507499 0.524800
0 0.445111 0.583600 0.442711 0.593600 0.449310 0.608400 0.459508 0.618400 0.469106 0.622000 0.476305 0.623200 0.487103 0.622400 0.508698 0.618000 0.514097 0.618000 0.518896 0.620000 0.523095 0.619200 0.529094 0.620000 0.531494 0.621200 0.553689 0.623200 0.568086 0.622800 0.574085 0.620400 0.583683 0.612800 0.592681 0.594400 0.592082 0.587600 0.587882 0.581200 0.580684 0.576000 0.552490 0.560400 0.547091 0.550000 0.542891 0.546000 0.530894 0.544000 0.506299 0.544400 0.496701 0.547600 0.492501 0.550400 0.488302 0.558000 0.484103 0.560400 0.476305 0.562400 0.466107 0.570400 0.451110 0.578000
0 0.414517 0.603200 0.409118 0.609200 0.410318 0.617200 0.414517 0.621600 0.425315 0.624000 0.432513 0.623600 0.440312 0.621600 0.445711 0.618000 0.447510 0.614000 0.445711 0.606000 0.439712 0.601600 0.421116 0.600400
0 0.422316 0.587200 0.416917 0.591600 0.418116 0.597600 0.422316 0.599200 0.430114 0.599200 0.432513 0.598400 0.435513 0.595600 0.433113 0.588400 0.430114 0.586800
0 0.415117 0.584400 0.412717 0.582800 0.406719 0.581600 0.383323 0.588800 0.381524 0.590800 0.381524 0.593600 0.383323 0.596400 0.388122 0.598400 0.394721 0.598800 0.404919 0.596000 0.415717 0.590800 0.416317 0.586800
0 0.425315 0.574800 0.433113 0.581600 0.437313 0.582800 0.443911 0.582400 0.461908 0.571600 0.485903 0.554400 0.486503 0.550400 0.484703 0.549200 0.466107 0.548800 0.460108 0.551200 0.457708 0.549600 0.450510 0.548000 0.430714 0.547200 0.424715 0.548400 0.419916 0.553200 0.419316 0.557600 0.421116 0.567600
0 0.365927 0.514000 0.361128 0.517600 0.358728 0.521600 0.359328 0.527600 0.370726 0.534000 0.372525 0.540400 0.376725 0.544800 0.388722 0.546400 0.394121 0.546000 0.403119 0.540800 0.402519 0.536800 0.399520 0.535600 0.385123 0.533600 0.379724 0.528400 0.376125 0.522400 0.376725 0.518800 0.374325 0.516000 0.370726 0.514000
0 0.348530 0.585200 0.348530 0.589600 0.354529 0.598800 0.355729 0.610000 0.358128 0.614400 0.362927 0.618800 0.371326 0.620800 0.383323 0.620800 0.386323 0.621600 0.405519 0.621600 0.407918 0.620400 0.400120 0.607200 0.394121 0.602400 0.387522 0.602000 0.382723 0.599600 0.380324 0.596400 0.368926 0.594000 0.366527 0.591200 0.364127 0.590800 0.359328 0.587600 0.356329 0.587200 0.352729 0.584800
0 0.164595 0.614384 0.330300 0.565948 0.344679 0.585120 0.352244 0.600256 0.351488 0.607824 0.331056 0.620440 0.291716 0.634564 0.252370 0.641628 0.225129 0.642636 0.200918 0.636080
0 0.291236 0.580668 0.303479 0.575036 0.320372 0.574472 0.320792 0.575600 0.307702 0.580948 0.299682 0.582920 0.291662 0.583200
0 0.200888 0.610508 0.206797 0.602908 0.219466 0.594740 0.238884 0.589392 0.254085 0.587424 0.265483 0.593052 0.265483 0.594460 0.202154 0.613604
0 0.171758 0.615856 0.182735 0.608256 0.189490 0.607128 0.197091 0.607972 0.200042 0.610788 0.200888 0.613884 0.200042 0.614728 0.173023 0.617544
0 0.172717 0.589068 0.182490 0.588088 0.193233 0.580272 0.209358 0.582552 0.211308 0.584832 0.201050 0.591020 0.200072 0.597860 0.200564 0.602420 0.196653 0.604376 0.189814 0.604052 0.181998 0.602748 0.177115 0.600468 0.172717 0.594604
0 0.172166 0.597600 0.155969 0.602400 0.155369 0.606800 0.157768 0.610000 0.162567 0.612400 0.165567 0.612800 0.172765 0.611200 0.178764 0.606000 0.178764 0.601600
0 0.184763 0.530000 0.179964 0.534800 0.176965 0.543600 0.176365 0.558000 0.178764 0.566000 0.184163 0.568000 0.182963 0.571200 0.185963 0.572400 0.189562 0.570000 0.200360 0.572400 0.224355 0.572800 0.238152 0.570000 0.244751 0.564800 0.243551 0.561600 0.230954 0.559200 0.221356 0.558800 0.202160 0.551600 0.194961 0.544400 0.192561 0.539600 0.190762 0.530400 0.189562 0.529200
0 0.077984 0.604800 0.076185 0.602800 0.073185 0.602400 0.066587 0.605600 0.065387 0.607600 0.061188 0.610000 0.049190 0.609600 0.046191 0.610800 0.039592 0.611200 0.037193 0.612400 0.037792 0.616400 0.041992 0.617600 0.047391 0.617600 0.053989 0.615200 0.062388 0.614000 0.064187 0.612800 0.069586 0.613600 0.076785 0.609600
0 0.085183 0.560800 0.082783 0.559600 0.079184 0.560800 0.076185 0.571200 0.075585 0.578800 0.071386 0.583600 0.053389 0.586400 0.032993 0.587600 0.031794 0.588400 0.032993 0.591200 0.042591 0.596000 0.067187 0.596400 0.074385 0.600400 0.080984 0.598400 0.085183 0.598800 0.091782 0.597600 0.094781 0.595600 0.096581 0.592400 0.095981 0.585200 0.092981 0.575600
0 0.055189 0.598800 0.053389 0.596800 0.050390 0.596000 0.042591 0.596000 0.035393 0.597600 0.023995 0.597600 0.017996 0.599600 0.016797 0.602800 0.019196 0.605200 0.022196 0.605600 0.032394 0.611200 0.040192 0.612000 0.044991 0.610800 0.052789 0.605600 0.055189 0.603200
0 0.034193 0.546800 0.031194 0.545600 0.025195 0.545200 0.014997 0.548000 0.000000 0.557200 0.000000 0.568400 0.002400 0.568400 0.007798 0.566400 0.025795 0.556800 0.033593 0.551200
0 0.901020 0.496000 0.896821 0.496800 0.895021 0.498400 0.889022 0.500400 0.882424 0.504800 0.880024 0.509600 0.883023 0.514000 0.890822 0.515200 0.894421 0.514800 0.901020 0.512000 0.904619 0.506800 0.904619 0.501200
0 0.901620 0.479600 0.898620 0.477600 0.895621 0.477600 0.884223 0.482000 0.878224 0.482800 0.872825 0.482400 0.863227 0.488800 0.862028 0.491600 0.864427 0.495200 0.872825 0.499600 0.882424 0.499600 0.900420 0.493200 0.903419 0.488800
0 0.893221 0.463200 0.877025 0.461200 0.874025 0.460000 0.856029 0.457600 0.853029 0.456400 0.842232 0.456400 0.835033 0.457600 0.808638 0.459200 0.800840 0.462000 0.796041 0.462400 0.792442 0.464400 0.785843 0.465600 0.779244 0.468800 0.774445 0.469200 0.769046 0.471600 0.747451 0.486400 0.736053 0.497600 0.728854 0.510800 0.727055 0.518000 0.727055 0.525600 0.729454 0.541600 0.737253 0.558000 0.745051 0.563200 0.751050 0.571200 0.755849 0.573200 0.765447 0.580800 0.775645 0.583600 0.778644 0.586000 0.794241 0.592000 0.810438 0.595600 0.818836 0.595200 0.819436 0.590000 0.817636 0.584800 0.817636 0.575200 0.818836 0.572400 0.819436 0.559200 0.823635 0.543200 0.830834 0.526000 0.845231 0.505600 0.854229 0.496400 0.858428 0.490400 0.884223 0.472400 0.890222 0.471200 0.894421 0.471600 0.898020 0.466800
0 0.710258 0.485200 0.706059 0.485200 0.700660 0.486800 0.695861 0.490000 0.695861 0.494800 0.691062 0.498800 0.688062 0.504800 0.688662 0.508400 0.687463 0.512400 0.688662 0.516800 0.690462 0.519200 0.697061 0.522800 0.706059 0.522000 0.715057 0.519600 0.717457 0.518000 0.720456 0.512400 0.723455 0.511200 0.725855 0.504000 0.725255 0.494800 0.719856 0.488400
0 0.689262 0.486400 0.683263 0.487200 0.679064 0.490800 0.679664 0.497200 0.682064 0.500000 0.685663 0.500800 0.692262 0.499200 0.696461 0.494800 0.695861 0.489600 0.693461 0.487600
0 0.621476 0.508000 0.615477 0.508400 0.605279 0.512000 0.602280 0.514000 0.599880 0.518800 0.599280 0.526400 0.601080 0.529200 0.608878 0.533600 0.614877 0.535600 0.622675 0.535200 0.627475 0.533600 0.632274 0.530400 0.635873 0.522800 0.635273 0.518000 0.630474 0.511200
0 0.545891 0.504000 0.538092 0.507200 0.529094 0.513200 0.528494 0.516800 0.529694 0.518800 0.540492 0.526400 0.546491 0.533200 0.545291 0.541600 0.546491 0.545600 0.559688 0.546800 0.570486 0.544800 0.578284 0.540800 0.585483 0.535600 0.587882 0.530400 0.587882 0.525600 0.583083 0.521600 0.571686 0.518800 0.568086 0.515200 0.565087 0.514000 0.564487 0.512000 0.560888 0.512800 0.556089 0.506800 0.551290 0.504000
0 0.498500 0.506800 0.490702 0.506000 0.479904 0.512000 0.476305 0.518000 0.467307 0.524000 0.452909 0.526000 0.452909 0.533600 0.454709 0.536800 0.463707 0.544400 0.470306 0.546800 0.476905 0.548000 0.480504 0.547200 0.488902 0.548000 0.493101 0.547200 0.495501 0.545200 0.497301 0.533200 0.510498 0.522400 0.511698 0.519600 0.509898 0.515200
0 0.414517 0.507600 0.406719 0.512800 0.404919 0.515200 0.404319 0.520400 0.407319 0.527200 0.414517 0.534000 0.423515 0.539200 0.424715 0.541600 0.439712 0.542000 0.446311 0.540800 0.450510 0.536800 0.449910 0.528800 0.442711 0.526000 0.421716 0.508400
0 0.404319 0.489200 0.401320 0.488000 0.397720 0.488800 0.394121 0.488400 0.383923 0.492400 0.379124 0.496400 0.371326 0.506000 0.371926 0.512000 0.374925 0.514800 0.382723 0.516400 0.394121 0.516000 0.400720 0.514000 0.404319 0.514000 0.412118 0.508400 0.414517 0.505200 0.415117 0.502000 0.413917 0.498000
0 0.258548 0.492000 0.253149 0.494400 0.251350 0.497200 0.252549 0.502400 0.256749 0.510400 0.263947 0.516400 0.267546 0.517200 0.272945 0.516800 0.283143 0.512000 0.284943 0.509200 0.283743 0.504800 0.278944 0.501600 0.276545 0.498000 0.272346 0.496400 0.269346 0.493600 0.265747 0.493600 0.262747 0.491600
0 0.193161 0.498800 0.189562 0.497600 0.185963 0.498000 0.182364 0.497200 0.179364 0.495600 0.171566 0.497600 0.157768 0.496400 0.151170 0.499600 0.143971 0.499600 0.140372 0.502800 0.137972 0.502800 0.134373 0.508000 0.133173 0.513600 0.134973 0.524000 0.138572 0.533200 0.143971 0.536400 0.148170 0.536800 0.151170 0.534400 0.152370 0.523200 0.157169 0.514400 0.164967 0.510000 0.169166 0.509600 0.178764 0.506400 0.186563 0.506400 0.194361 0.504400 0.196161 0.501600
0 0.042591 0.492800 0.038992 0.491600 0.020996 0.492400 0.011998 0.494000 0.000000 0.497600 0.000000 0.532800 0.007199 0.534000 0.026395 0.530800 0.038992 0.525200 0.044991 0.520400 0.049790 0.512400 0.050390 0.505200 0.047391 0.496800
0 0.900420 0.458000 0.901020 0.465200 0.905819 0.475600 0.915417 0.482400 0.920816 0.483600 0.926815 0.483600 0.936413 0.478800 0.943011 0.467200 0.944211 0.458800 0.943011 0.457600 0.938812 0.458000 0.932214 0.460400 0.926815 0.460800 0.918416 0.460400 0.914817 0.458400
0 0.797241 0.447200 0.787642 0.446400 0.780444 0.448400 0.769046 0.452800 0.769646 0.456800 0.776245 0.460800 0.781644 0.462400 0.787043 0.462400 0.794241 0.460400 0.798440 0.457600 0.800240 0.454400 0.800240 0.450000
0 0.760648 0.452000 0.755249 0.452800 0.747451 0.457200 0.745051 0.460800 0.737253 0.466800 0.735453 0.469600 0.737253 0.473200 0.739652 0.474800 0.748650 0.477600 0.755849 0.478000 0.758248 0.477200 0.764247 0.473200 0.767247 0.469600 0.770246 0.460000 0.767247 0.455600
0 0.747451 0.446000 0.742651 0.444800 0.730654 0.446400 0.724655 0.445600 0.719856 0.446000 0.718656 0.448400 0.719256 0.453600 0.723455 0.457200 0.729454 0.459600 0.734853 0.459600 0.740852 0.458000 0.746851 0.453600 0.748050 0.450800
0 0.777445 0.428000 0.768446 0.420400 0.762448 0.418400 0.752849 0.420000 0.748050 0.422000 0.740852 0.421200 0.737852 0.423200 0.727654 0.423200 0.724655 0.421200 0.721056 0.420400 0.695861 0.419200 0.684463 0.424400 0.682663 0.429600 0.685663 0.436000 0.691662 0.439600 0.695861 0.440800 0.704259 0.440800 0.718056 0.437200 0.724055 0.437600 0.727055 0.440000 0.731254 0.438000 0.733653 0.439600 0.747451 0.438800 0.754649 0.440400 0.763047 0.440400 0.773845 0.436400 0.776845 0.433200
0 0.706659 0.446000 0.701860 0.446400 0.692861 0.452800 0.685063 0.456400 0.678464 0.466800 0.680864 0.474400 0.690462 0.484400 0.695261 0.486400 0.724655 0.475600 0.730054 0.471200 0.731854 0.468000 0.731254 0.463200 0.728254 0.460000 0.717457 0.455200
0 0.654469 0.465200 0.650270 0.470800 0.655069 0.478000 0.661068 0.480800 0.669466 0.481200 0.678464 0.478400 0.679064 0.472800 0.676665 0.468800 0.673065 0.466400 0.662867 0.462800 0.658068 0.463200
0 0.659268 0.480800 0.651470 0.479600 0.637073 0.485200 0.630474 0.486000 0.619076 0.490000 0.612478 0.490400 0.592082 0.494400 0.587283 0.493200 0.571086 0.494800 0.566287 0.498000 0.570486 0.512800 0.577684 0.515600 0.593881 0.512800 0.599280 0.512800 0.617876 0.507600 0.628074 0.507600 0.637073 0.504800 0.661668 0.500000 0.665267 0.496400 0.665267 0.492800
0 0.511698 0.469600 0.505099 0.475600 0.503299 0.479200 0.502699 0.484800 0.505099 0.491200 0.518296 0.495600 0.526095 0.495600 0.533893 0.492000 0.536893 0.488400 0.537493 0.484000 0.529094 0.479600 0.515897 0.470400
0 0.419316 0.434400 0.403719 0.442800 0.397121 0.448400 0.395321 0.452000 0.394721 0.460400 0.396521 0.462800 0.395321 0.471200 0.397720 0.478000 0.407918 0.490800 0.413317 0.494800 0.418716 0.504800 0.426515 0.507200 0.439112 0.509200 0.442711 0.513600 0.445711 0.515600 0.449910 0.516400 0.460108 0.516400 0.466707 0.514400 0.473905 0.513600 0.500300 0.498800 0.502100 0.494000 0.502100 0.479600 0.503899 0.474400 0.503299 0.460800 0.493701 0.452800 0.481704 0.448000 0.470306 0.439600 0.464307 0.437200 0.451710 0.434000 0.427115 0.433600
0 0.397121 0.446000 0.394721 0.444800 0.379124 0.444800 0.368926 0.446800 0.351530 0.448400 0.348530 0.449600 0.347930 0.454000 0.352729 0.456000 0.364727 0.456000 0.378524 0.454400 0.392921 0.450000
0 0.426515 0.414800 0.431314 0.418800 0.448710 0.424800 0.462507 0.427200 0.471506 0.427200 0.475105 0.425600 0.472705 0.421600 0.463707 0.420400 0.446311 0.414400 0.431314 0.411600 0.428914 0.412000
0 0.391122 0.428800 0.387522 0.424000 0.370126 0.421200 0.365327 0.423200 0.362927 0.426400 0.360528 0.424800 0.358728 0.424800 0.356329 0.426800 0.352130 0.426000 0.349730 0.427200 0.330534 0.427200 0.325135 0.428400 0.320336 0.427200 0.310738 0.426800 0.306539 0.428000 0.300540 0.432000 0.298140 0.435200 0.297540 0.440000 0.299340 0.443600 0.303539 0.446800 0.313737 0.450000 0.320336 0.449200 0.328134 0.444800 0.335333 0.442400 0.345531 0.443200 0.351530 0.441200 0.358728 0.441200 0.365327 0.443600 0.372525 0.443600 0.388722 0.436400 0.391122 0.432800
0 0.182963 0.470000 0.182963 0.485600 0.185363 0.489600 0.188962 0.490400 0.214757 0.490800 0.232154 0.490000 0.248350 0.490400 0.252549 0.491600 0.261548 0.490000 0.279544 0.490400 0.284343 0.488000 0.283743 0.472400 0.280144 0.466000 0.245951 0.466000 0.230954 0.467600 0.226155 0.467200 0.224355 0.468000 0.217157 0.467200 0.214757 0.466000 0.206959 0.466800 0.187762 0.466000 0.184763 0.466800
0 0.115777 0.458000 0.115777 0.465600 0.119976 0.484800 0.122376 0.488400 0.122975 0.496000 0.126575 0.503200 0.130774 0.504800 0.145171 0.496000 0.161968 0.483600 0.172765 0.477600 0.176365 0.474400 0.176965 0.469600 0.173365 0.468000 0.158368 0.465600 0.147570 0.466000 0.140372 0.462800 0.124775 0.458800
0 0.864427 0.404400 0.865027 0.409200 0.877025 0.420000 0.882424 0.421600 0.886623 0.421600 0.889622 0.420400 0.892022 0.417600 0.892022 0.414000 0.890822 0.411600 0.886623 0.408400 0.875225 0.404000
0 0.788842 0.340800 0.784643 0.344800 0.785243 0.352000 0.788842 0.356400 0.806839 0.368400 0.829034 0.381200 0.831434 0.384000 0.836233 0.386800 0.839232 0.390800 0.853629 0.400000 0.862627 0.403600 0.875825 0.403200 0.879424 0.398400 0.878824 0.393200 0.874625 0.387200 0.872226 0.380000 0.866827 0.371200 0.857828 0.366800 0.850630 0.360400 0.842831 0.357600 0.831434 0.349600 0.820636 0.346800 0.814637 0.346400 0.797241 0.341600
0 0.781644 0.385600 0.776845 0.386000 0.769046 0.388800 0.762448 0.394000 0.758848 0.401200 0.761848 0.408000 0.765447 0.412400 0.769046 0.414400 0.780444 0.414400 0.787642 0.412800 0.795441 0.408000 0.798440 0.404000 0.799040 0.396000 0.794841 0.389600
0 0.784043 0.359600 0.779244 0.359600 0.774445 0.362400 0.769646 0.370000 0.751050 0.386000 0.751050 0.388400 0.754049 0.390800 0.758848 0.389600 0.766047 0.389600 0.780444 0.382000 0.791842 0.374000 0.792442 0.368400 0.790042 0.364000
0 0.692262 0.375600 0.685063 0.378800 0.679064 0.383200 0.676665 0.386800 0.677265 0.390800 0.686863 0.395600 0.692262 0.400800 0.696461 0.403200 0.698260 0.409200 0.695261 0.415200 0.697660 0.418400 0.703959 0.419960 0.718056 0.417600 0.724055 0.415200 0.732454 0.409200 0.737253 0.398800 0.736653 0.394800 0.734253 0.392800 0.731254 0.392400 0.724055 0.389200 0.720456 0.388800 0.715057 0.386000 0.703659 0.376400 0.700060 0.375200
0 0.678464 0.368400 0.668266 0.367200 0.661068 0.367600 0.653869 0.370000 0.637672 0.373200 0.632274 0.378400 0.630474 0.387600 0.634673 0.401200 0.641872 0.414800 0.647870 0.418000 0.651470 0.418000 0.653869 0.415200 0.650870 0.402800 0.650870 0.397200 0.653269 0.390400 0.662867 0.382800 0.671266 0.380000 0.680264 0.375600 0.682064 0.372400 0.680864 0.369600
0 0.626875 0.373600 0.620276 0.371600 0.605879 0.370000 0.595681 0.372800 0.587882 0.377200 0.581284 0.386800 0.580684 0.394000 0.583083 0.400400 0.589082 0.405600 0.597481 0.408000 0.602879 0.408000 0.605879 0.406400 0.613677 0.397600 0.627475 0.386000 0.629274 0.380000
0 0.477504 0.364800 0.472705 0.369200 0.470306 0.381600 0.471506 0.391200 0.470906 0.402800 0.473905 0.415200 0.478704 0.423200 0.482304 0.433200 0.491302 0.446400 0.496101 0.450000 0.497900 0.453600 0.505099 0.460800 0.518296 0.471200 0.545291 0.486000 0.571086 0.491200 0.574685 0.490400 0.577684 0.492000 0.584883 0.490800 0.590282 0.491600 0.595681 0.490000 0.609478 0.488400 0.612478 0.486800 0.618476 0.486000 0.625075 0.483600 0.637073 0.476000 0.639472 0.475600 0.643671 0.472800 0.651470 0.464800 0.659868 0.453600 0.660468 0.444400 0.659268 0.440000 0.653269 0.433600 0.644871 0.430000 0.640672 0.429600 0.631674 0.424800 0.625675 0.423600 0.610678 0.416400 0.605279 0.414800 0.579484 0.400400 0.570486 0.397600 0.560888 0.392000 0.534493 0.381200 0.516497 0.372000 0.511098 0.370400 0.496101 0.361200 0.491302 0.360400 0.484103 0.362000
0 0.439112 0.383200 0.437313 0.386800 0.438512 0.394000 0.443311 0.402000 0.446911 0.404800 0.451110 0.406000 0.460108 0.405600 0.469106 0.399200 0.469706 0.396400 0.468506 0.394000 0.454109 0.391200 0.448710 0.388800 0.442711 0.384000
0 0.366527 0.378800 0.359328 0.379200 0.351530 0.388400 0.340132 0.395600 0.331134 0.398400 0.328134 0.398400 0.324535 0.400400 0.324535 0.404800 0.330534 0.413600 0.340132 0.419200 0.348530 0.421600 0.359328 0.422000 0.367726 0.421200 0.370726 0.420000 0.370126 0.407200 0.371326 0.403600 0.376125 0.397600 0.384523 0.391600 0.383323 0.387200 0.380324 0.384400
0 0.143971 0.378800 0.136773 0.382000 0.134973 0.384000 0.134373 0.387600 0.151170 0.400400 0.157768 0.400800 0.163767 0.398000 0.163767 0.393600 0.159568 0.391200 0.148170 0.380400
0 0.102579 0.363200 0.091782 0.360800 0.074385 0.361600 0.070186 0.363200 0.056989 0.365200 0.043791 0.368400 0.033593 0.369600 0.023995 0.372400 0.021596 0.372400 0.018596 0.369600 0.017996 0.371600 0.011998 0.375600 0.009598 0.376400 0.004799 0.376000 0.000000 0.378800 0.000000 0.424000 0.002400 0.425200 0.001800 0.427200 0.000000 0.427600 0.000000 0.465600 0.010798 0.471600 0.020996 0.473200 0.031194 0.472800 0.044391 0.469200 0.050390 0.465600 0.056989 0.464000 0.109178 0.429200 0.130774 0.411200 0.135573 0.402800 0.136173 0.396800 0.134373 0.391200 0.129574 0.383600 0.122376 0.376000 0.111578 0.368000
0 0.218956 0.426400 0.218356 0.429600 0.222555 0.436800 0.227355 0.439200 0.233953 0.440800 0.242352 0.441200 0.255549 0.440000 0.260948 0.437600 0.265747 0.433200 0.265147 0.428800 0.263347 0.427600 0.229154 0.420000 0.223755 0.420800
0 0.283143 0.385600 0.277744 0.388000 0.274145 0.392400 0.272945 0.401200 0.274745 0.404800 0.286143 0.412400 0.289742 0.413200 0.301140 0.413200 0.304139 0.412400 0.310138 0.408000 0.311938 0.397200 0.307738 0.392400 0.304739 0.390800 0.305939 0.387200 0.298740 0.385600
0 0.289142 0.357600 0.282543 0.363200 0.274745 0.376000 0.271146 0.379600 0.269946 0.384000 0.271746 0.385200 0.278944 0.386400 0.286743 0.385200 0.308338 0.385200 0.313737 0.384000 0.312537 0.376400 0.308338 0.374400 0.297540 0.361600 0.293941 0.358800
0 0.268746 0.348800 0.263347 0.346800 0.251950 0.347600 0.243551 0.351600 0.227355 0.362400 0.222555 0.367600 0.220156 0.374000 0.221356 0.380400 0.226155 0.384800 0.230954 0.386000 0.245351 0.384800 0.250750 0.381600 0.257948 0.373200 0.269946 0.367200 0.273545 0.362800 0.274145 0.354800 0.272346 0.351600
0 0.248950 0.389200 0.244751 0.387200 0.226155 0.388000 0.221356 0.390800 0.215357 0.391600 0.208758 0.394400 0.199160 0.396000 0.196161 0.398000 0.192561 0.396800 0.189562 0.398800 0.182963 0.400800 0.177564 0.405600 0.168566 0.411200 0.160768 0.418800 0.159568 0.424400 0.160168 0.428000 0.162567 0.431200 0.168566 0.435200 0.176365 0.437200 0.196161 0.430400 0.199760 0.427200 0.206959 0.423600 0.209958 0.423200 0.218956 0.417200 0.220756 0.414800 0.224355 0.414800 0.237552 0.404000 0.242951 0.401200 0.247151 0.396000 0.249550 0.390800
0 0.356929 0.351200 0.346131 0.347600 0.322136 0.350400 0.316737 0.353200 0.315537 0.355600 0.316137 0.359200 0.321536 0.364000 0.326335 0.366400 0.333533 0.368000 0.340132 0.367600 0.349130 0.364400 0.355129 0.360400 0.358128 0.356400
0 0.501500 0.346000 0.494301 0.349200 0.492501 0.352400 0.492501 0.356800 0.494901 0.359600 0.503899 0.360800 0.511098 0.357200 0.511698 0.351600 0.505699 0.346800
0 0.393521 0.341600 0.393521 0.343600 0.389922 0.344400 0.386923 0.346800 0.386323 0.359200 0.389322 0.366800 0.397121 0.371600 0.400720 0.372800 0.409718 0.372400 0.412118 0.371600 0.413917 0.368400 0.413917 0.359200 0.412717 0.356400 0.406719 0.348400 0.398920 0.344400 0.395921 0.344000 0.394721 0.341600
0 0.511698 0.340400 0.510498 0.345200 0.513497 0.352800 0.520096 0.356000 0.526095 0.357200 0.542292 0.356800 0.547091 0.356000 0.551890 0.353200 0.553089 0.349200 0.551890 0.346800 0.541692 0.340000 0.536293 0.337600 0.523095 0.336800 0.515897 0.338000
0 0.890822 0.329200 0.889022 0.330000 0.882424 0.342000 0.878224 0.345600 0.873425 0.352400 0.865627 0.356800 0.851230 0.359200 0.853629 0.362800 0.860228 0.367200 0.869226 0.370800 0.880624 0.371200 0.884823 0.370000 0.890822 0.366000 0.896221 0.359600 0.899820 0.347600 0.899220 0.335200 0.896821 0.331600
0 0.904019 0.329600 0.901020 0.332400 0.900420 0.338800 0.902220 0.345600 0.906419 0.350800 0.910018 0.353200 0.917217 0.355600 0.925615 0.356400 0.932214 0.355200 0.936413 0.352400 0.938212 0.349200 0.938212 0.341600 0.934013 0.334800 0.929214 0.332400 0.911818 0.329200
0 0.859028 0.311600 0.854229 0.314000 0.854229 0.320000 0.866227 0.335600 0.869226 0.337600 0.875825 0.337200 0.883623 0.333600 0.888422 0.329200 0.888422 0.324000 0.882424 0.318000 0.873425 0.313200 0.870426 0.313200 0.865627 0.311600
0 0.811038 0.301600 0.806839 0.305600 0.804439 0.310400 0.805039 0.316800 0.809838 0.320400 0.812837 0.324400 0.811638 0.331600 0.808038 0.336000 0.808038 0.340800 0.809238 0.342800 0.814037 0.344800 0.827834 0.348000 0.832034 0.348000 0.835033 0.347200 0.839232 0.343200 0.846431 0.332000 0.845231 0.314000 0.840432 0.306800 0.832034 0.302000 0.826035 0.300800
0 0.654469 0.976400 0.649070 0.979600 0.647271 0.984800 0.648470 0.988000 0.650870 0.990000 0.654469 0.991200 0.658668 0.991200 0.665267 0.988800 0.666467 0.980800 0.665267 0.978800 0.661668 0.976800
0 0.817037 0.960000 0.814037 0.962400 0.814037 0.966400 0.817037 0.970800 0.821236 0.974400 0.824235 0.975200 0.832034 0.975200 0.835633 0.971200 0.835033 0.962400 0.829034 0.959200
0 0.905219 0.994800 0.905219 1.000000 0.936413 1.000000 0.935213 0.994400 0.927415 0.990800 0.920216 0.990800 0.914817 0.992800 0.907618 0.992800
0 0.632873 0.937600 0.629274 0.937200 0.617876 0.938800 0.608278 0.938800 0.601680 0.940000 0.600480 0.942400 0.601680 0.946000 0.608278 0.956800 0.613077 0.962000 0.615477 0.962800 0.630474 0.962000 0.632873 0.960400 0.637672 0.949600 0.636473 0.942400
0 0.463707 0.917200 0.454709 0.921200 0.449310 0.925600 0.439712 0.938800 0.438512 0.943600 0.442711 0.950000 0.449310 0.954800 0.458908 0.959600 0.467307 0.966000 0.480504 0.983600 0.489502 0.989600 0.505099 0.992800 0.514697 0.993200 0.522496 0.992000 0.533293 0.988800 0.538092 0.986000 0.548290 0.977200 0.558488 0.971200 0.564487 0.965600 0.581284 0.960800 0.586683 0.956800 0.589682 0.950800 0.589682 0.944800 0.586083 0.938800 0.574685 0.928000 0.567487 0.924000 0.558488 0.920800 0.536293 0.915600 0.531494 0.913600 0.517696 0.912400 0.509898 0.913200 0.497301 0.912800 0.491302 0.914400 0.485903 0.914400 0.481104 0.915600 0.473305 0.915200
0 0.987403 0.062400 0.980204 0.069600 0.980204 0.074000 0.987403 0.078400 1.000000 0.079600 1.000000 0.061200
0 0.425315 0.984800 0.421116 0.986400 0.418116 0.991600 0.418116 0.996000 0.419916 1.000000 0.433713 1.000000 0.433713 0.998800 0.437313 0.995600 0.437912 0.990800 0.436713 0.988400 0.431314 0.985200
0 0.787043 0.098800 0.782843 0.094800 0.770246 0.096000 0.750450 0.096000 0.744451 0.097200 0.739052 0.096800 0.730654 0.099200 0.718656 0.100400 0.716257 0.101600 0.716257 0.103200 0.726455 0.114800 0.730654 0.118000 0.736653 0.120000 0.742651 0.120400 0.773245 0.117200 0.782244 0.114000 0.785243 0.107600
0 0.613077 0.070000 0.609478 0.072400 0.605879 0.078000 0.605879 0.084000 0.608878 0.085600 0.617277 0.086800 0.619676 0.088400 0.625675 0.090000 0.633473 0.095600 0.636473 0.095200 0.639472 0.087600 0.639472 0.082400 0.637672 0.079200 0.630474 0.073600 0.617277 0.070000
0 0.560888 0.065600 0.556089 0.066400 0.549490 0.070400 0.542292 0.081600 0.534493 0.088400 0.535093 0.092400 0.544091 0.096800 0.553689 0.096800 0.565687 0.094000 0.572885 0.089200 0.571086 0.074400 0.565687 0.068000
0 0.420516 0.068800 0.414517 0.070800 0.411518 0.074400 0.409718 0.079200 0.410318 0.084400 0.413317 0.088000 0.418116 0.090400 0.430114 0.091600 0.433713 0.090000 0.434913 0.087200 0.433713 0.077600 0.428914 0.070800 0.425315 0.068800
0 0.303539 0.071600 0.298140 0.068400 0.293341 0.068000 0.280744 0.072800 0.275945 0.073600 0.272346 0.075600 0.265147 0.074400 0.263347 0.078000 0.265147 0.084800 0.272346 0.089600 0.286143 0.085600 0.295141 0.087200 0.301140 0.086000 0.304739 0.083600 0.306539 0.080000 0.305939 0.075200
0 0.223755 0.073200 0.222555 0.075600 0.223155 0.084400 0.230354 0.089200 0.237552 0.092000 0.247151 0.093600 0.262747 0.092800 0.263947 0.092000 0.264547 0.088400 0.242951 0.080800 0.230954 0.071200 0.226755 0.071200
0 0.107379 0.084000 0.100180 0.084400 0.092981 0.092000 0.084583 0.096000 0.077385 0.103200 0.057588 0.114800 0.054589 0.118000 0.054589 0.122000 0.056989 0.127200 0.063587 0.133600 0.077385 0.141600 0.091782 0.145200 0.096581 0.144800 0.100780 0.132400 0.108578 0.122800 0.119976 0.116000 0.127175 0.108400 0.132573 0.104800 0.137972 0.102800 0.136173 0.098800 0.128974 0.091600 0.116377 0.086000
0 0.981404 0.338400 0.973605 0.340000 0.966407 0.343200 0.959808 0.343200 0.956209 0.345200 0.952609 0.344400 0.946011 0.347600 0.935813 0.362800 0.938812 0.369200 0.937612 0.372000 0.938812 0.380400 0.943011 0.384400 0.951410 0.388800 0.959208 0.389200 0.962807 0.390800 0.981404 0.388400 0.989802 0.384800 0.995801 0.380400 0.997600 0.377600 1.000000 0.376800 1.000000 0.361200 0.997600 0.360000 0.992801 0.347600 0.986203 0.340400
1 0.116581 0.452732 0.289796 0.325080 0.312082 0.355472 0.317145 0.385192 0.308026 0.414236 0.279664 0.439224 0.253329 0.454084 0.218890 0.464216 0.205723 0.466240 0.181410 0.466240 0.168242 0.466916 0.162166 0.465568
0 0.406719 0.384800 0.403719 0.385600 0.397121 0.390800 0.390522 0.392000 0.385123 0.394800 0.382124 0.401600 0.385723 0.408800 0.391122 0.412800 0.398320 0.415200 0.411518 0.416000 0.422316 0.414000 0.431914 0.409200 0.435513 0.404800 0.437912 0.398400 0.437912 0.393600 0.436113 0.390000 0.433113 0.388400 0.417516 0.386400 0.412118 0.384800
0 0.857229 0.417600 0.854829 0.415600 0.850030 0.414400 0.841632 0.415200 0.839232 0.416800 0.835033 0.422800 0.824235 0.425600 0.821236 0.425600 0.814637 0.422000 0.810438 0.422000 0.803239 0.425200 0.802040 0.430400 0.810438 0.436800 0.826635 0.441600 0.839832 0.441200 0.847031 0.436800 0.854829 0.428400 0.857229 0.423200
0 0.883023 0.435200 0.886023 0.442400 0.892621 0.445600 0.905819 0.445600 0.918416 0.444000 0.924415 0.439600 0.924415 0.436000 0.920816 0.432800 0.915417 0.430400 0.904619 0.428400 0.891422 0.429200 0.884823 0.432000
1 0.762837 0.323052 0.963395 0.438548 0.916803 0.454084 0.871218 0.456112 0.830702 0.451384 0.791200 0.437200 0.766887 0.412208 0.750678 0.385192 0.749664 0.356148
0 0.105579 0.459600 0.101380 0.459200 0.093581 0.462400 0.080384 0.464800 0.073785 0.464800 0.065387 0.461600 0.061188 0.462400 0.060588 0.464800 0.062987 0.470800 0.067187 0.476400 0.074985 0.482800 0.085183 0.486800 0.094181 0.486000 0.100180 0.482800 0.106179 0.474000 0.106779 0.461200
0 0.956209 0.446000 0.948410 0.453200 0.945411 0.463200 0.947810 0.474800 0.953209 0.481200 0.964007 0.488800 0.972406 0.490400 0.978404 0.490000 1.000000 0.484000 1.000000 0.451600 0.987403 0.453600 0.984403 0.452400 0.977205 0.451600 0.963407 0.446000
0 0.501500 0.500800 0.500900 0.505200 0.505099 0.509600 0.510498 0.512400 0.517097 0.513600 0.526695 0.513200 0.533893 0.509600 0.538092 0.503200 0.536893 0.500000 0.523695 0.497600 0.506899 0.498400
1 0.185363 0.508400 0.179964 0.511200 0.175765 0.515600 0.163167 0.524800 0.157169 0.538800 0.158368 0.554000 0.160768 0.559200 0.167966 0.567600 0.183563 0.575200 0.194961 0.579600 0.201560 0.580800 0.230954 0.580400 0.236353 0.579200 0.241752 0.579200 0.244751 0.577600 0.250750 0.576400 0.257349 0.572800 0.269946 0.563200 0.277744 0.551600 0.278344 0.540800 0.277145 0.532000 0.270546 0.521200 0.254349 0.510400 0.235153 0.504400 0.220156 0.503200 0.217756 0.502000 0.212957 0.501600 0.210558 0.502800 0.202759 0.504000 0.188962 0.508800
0 0.418716 0.538000 0.411518 0.537200 0.406719 0.542400 0.404319 0.543600 0.400720 0.543200 0.396521 0.545600 0.391122 0.551200 0.386323 0.554000 0.383323 0.558000 0.376725 0.560000 0.359328 0.568800 0.349730 0.572000 0.347331 0.574400 0.349130 0.577600 0.355129 0.580400 0.362328 0.586000 0.374325 0.588800 0.380924 0.588400 0.392921 0.584400 0.407319 0.577600 0.418716 0.568400 0.418716 0.554400 0.422316 0.546800 0.421716 0.540400
0 0.601680 0.538400 0.595081 0.538000 0.587882 0.538800 0.584883 0.540000 0.577684 0.545200 0.568086 0.549200 0.563287 0.552400 0.557289 0.560400 0.560288 0.564800 0.565087 0.566000 0.574085 0.572400 0.588482 0.580400 0.592681 0.580400 0.611278 0.573600 0.616077 0.572800 0.620876 0.569600 0.629274 0.560000 0.629874 0.556800 0.616677 0.548400 0.614277 0.545200 0.610078 0.542400
1 0.677546 0.495844 0.640246 0.517704 0.631200 0.560668 0.647594 0.618328 0.675285 0.619836 0.741416 0.608152 0.706371 0.553128
0 0.748650 0.571200 0.746251 0.573200 0.731254 0.578000 0.728854 0.580800 0.730054 0.588800 0.737253 0.594000 0.742651 0.595600 0.748650 0.595600 0.755249 0.593600 0.760048 0.590400 0.763047 0.586000 0.763647 0.581600 0.754649 0.574000 0.750450 0.572800
0 0.211158 0.100000 0.201560 0.099600 0.189562 0.097600 0.167367 0.096800 0.144571 0.103200 0.138572 0.103600 0.132573 0.105200 0.117576 0.118000 0.115177 0.122000 0.122975 0.140800 0.129574 0.151600 0.133173 0.154000 0.140972 0.153600 0.150570 0.151600 0.155369 0.152000 0.161368 0.148800 0.203959 0.138800 0.212957 0.138000 0.218356 0.135600 0.224355 0.134400 0.227355 0.130000 0.224355 0.124000 0.222555 0.123200 0.221956 0.117600 0.214157 0.102800
0 0.346131 0.091600 0.340132 0.085600 0.333533 0.082000 0.329934 0.081200 0.317337 0.081200 0.305939 0.083600 0.299940 0.087200 0.280144 0.091200 0.275945 0.090400 0.266347 0.094000 0.258548 0.095200 0.238152 0.102800 0.229154 0.109200 0.226155 0.114000 0.226155 0.120400 0.228554 0.125600 0.235153 0.131200 0.242352 0.133200 0.253749 0.133600 0.262148 0.131600 0.277145 0.125200 0.290342 0.122000 0.293941 0.122000 0.299940 0.118800 0.303539 0.118800 0.308938 0.116000 0.317337 0.114400 0.321536 0.112400 0.335333 0.108800 0.344331 0.103200 0.346731 0.099600
0 0.373125 0.082400 0.364727 0.087600 0.359328 0.092800 0.358128 0.096000 0.358128 0.103600 0.359328 0.106000 0.364727 0.109200 0.397121 0.118400 0.401320 0.118000 0.397720 0.103600 0.391122 0.088000 0.388122 0.084000 0.382723 0.082000
0 0.431914 0.093200 0.425315 0.099600 0.425315 0.106800 0.438512 0.110400 0.446311 0.115600 0.449310 0.120000 0.454109 0.120800 0.462507 0.118000 0.467307 0.114000 0.469106 0.109200 0.468506 0.102400 0.464307 0.097200 0.452310 0.096000 0.436713 0.092400
0 0.556089 0.123200 0.547690 0.118800 0.543491 0.119200 0.539892 0.117600 0.522496 0.115600 0.498500 0.116800 0.485903 0.116400 0.470306 0.118800 0.463707 0.118800 0.454709 0.123200 0.456509 0.149600 0.461308 0.149600 0.464307 0.148400 0.469706 0.151600 0.484703 0.151200 0.495501 0.152000 0.505099 0.150800 0.523095 0.151200 0.528494 0.150400 0.541092 0.144800 0.554889 0.143200 0.558488 0.140800 0.557888 0.127600
0 0.577085 0.090800 0.572885 0.090400 0.560288 0.095600 0.552490 0.095600 0.545291 0.097600 0.543491 0.100800 0.543491 0.108000 0.546491 0.113600 0.552490 0.117200 0.560288 0.119600 0.565087 0.119600 0.568686 0.116800 0.574085 0.109200 0.586683 0.103200 0.586083 0.098400 0.583683 0.095200
0 0.584883 0.110400 0.580684 0.112400 0.577085 0.116400 0.575885 0.119200 0.576485 0.124000 0.578884 0.127600 0.584883 0.132400 0.590882 0.134400 0.594481 0.134400 0.599280 0.133200 0.602280 0.130800 0.602879 0.125600 0.600480 0.116000 0.595681 0.111200
0 1.000000 0.578400 0.990402 0.580000 0.984403 0.582000 0.977205 0.588000 0.974205 0.592000 0.972406 0.597200 0.972406 0.602000 0.974805 0.605600 0.977804 0.606000 0.995801 0.593600 1.000000 0.592000
0 0.869226 0.525600 0.869826 0.530000 0.878824 0.540000 0.883023 0.549600 0.895021 0.561200 0.896821 0.574800 0.900420 0.579600 0.904019 0.582800 0.922016 0.587200 0.938812 0.597200 0.948410 0.597600 0.960408 0.592000 0.974805 0.588800 0.984403 0.581600 0.990402 0.578800 1.000000 0.576400 1.000000 0.536000 0.995201 0.536400 0.981404 0.532000 0.974805 0.532000 0.968206 0.530800 0.951410 0.531200 0.942412 0.530400 0.938812 0.531600 0.935813 0.529200 0.929214 0.528000 0.918416 0.521200 0.898620 0.518000 0.890222 0.517600 0.873425 0.521600
0 0.011998 0.569200 0.007199 0.569600 0.001800 0.572800 0.000000 0.572800 0.000000 0.601200 0.006599 0.599600 0.016797 0.594800 0.020396 0.592000 0.025795 0.590800 0.028794 0.588800 0.030594 0.585600 0.027594 0.581200
0 0.977205 0.509200 0.972406 0.514800 0.973605 0.520400 0.977205 0.522000 0.989802 0.524400 0.993401 0.526400 0.994601 0.530800 0.997001 0.532000 1.000000 0.532000 1.000000 0.515600 0.998200 0.515600 0.988002 0.507600 0.983203 0.507200
0 0.647870 0.052400 0.640072 0.056000 0.633473 0.063200 0.633473 0.072400 0.653269 0.088400 0.662867 0.099200 0.671866 0.106000 0.679664 0.106800 0.696461 0.102400 0.706659 0.095600 0.712657 0.087200 0.714457 0.076800 0.710258 0.070000 0.699460 0.062400 0.679064 0.053200 0.660468 0.050400
0 0.856029 0.105600 0.851830 0.106400 0.844631 0.111600 0.824835 0.118800 0.799040 0.120800 0.779244 0.117200 0.777445 0.119200 0.777445 0.123600 0.787043 0.130400 0.800840 0.136400 0.811038 0.138400 0.824235 0.137600 0.831434 0.135200 0.850030 0.121200 0.856029 0.112400
0 0.866827 0.107200 0.864427 0.109200 0.862627 0.116800 0.865027 0.123200 0.869226 0.127200 0.876425 0.131600 0.883023 0.133200 0.891422 0.132800 0.899220 0.130400 0.902819 0.127600 0.904019 0.123600 0.902220 0.116400 0.899220 0.112800 0.890822 0.108400 0.882424 0.106000 0.871626 0.105600
0 0.966407 0.264400 0.952609 0.269200 0.945411 0.275600 0.945411 0.280000 0.958008 0.287600 0.962208 0.292000 0.964607 0.297600 0.965207 0.307600 0.972406 0.310000 0.982004 0.309600 0.991002 0.307200 1.000000 0.302800 1.000000 0.277600 0.995801 0.276800 0.991602 0.273600 0.986203 0.272800 0.974205 0.264800
0 0.166767 0.152400 0.161368 0.152400 0.154169 0.154400 0.149970 0.157200 0.146371 0.163600 0.147570 0.168800 0.152969 0.176000 0.157768 0.178400 0.160768 0.178800 0.164367 0.178000 0.166767 0.175600 0.173365 0.160000 0.172166 0.154400
0 0.353929 0.130000 0.353329 0.133600 0.355729 0.137600 0.362328 0.144000 0.369526 0.146000 0.380324 0.154000 0.383923 0.154800 0.393521 0.162400 0.402519 0.166000 0.410918 0.170800 0.418716 0.171600 0.427714 0.175600 0.436713 0.176000 0.460108 0.172400 0.463707 0.169600 0.463707 0.162400 0.455909 0.156800 0.441512 0.152400 0.421116 0.136800 0.413917 0.134400 0.404319 0.129600 0.401320 0.129200 0.395921 0.125200 0.390522 0.123200 0.386923 0.122800 0.383323 0.124000 0.374925 0.123200 0.369526 0.126800 0.365327 0.125600
0 0.620876 0.142400 0.615477 0.143600 0.608278 0.147200 0.607678 0.151600 0.625075 0.176800 0.626875 0.178000 0.630474 0.178400 0.644871 0.172800 0.648470 0.168000 0.644271 0.158800 0.637672 0.150800 0.627475 0.143200
0 0.653269 0.148400 0.653269 0.158000 0.668266 0.176000 0.678464 0.182800 0.683863 0.183600 0.703659 0.182800 0.706659 0.180800 0.724055 0.174400 0.727055 0.172000 0.726455 0.169200 0.724055 0.167600 0.699460 0.167600 0.692861 0.164400 0.682663 0.163200 0.679664 0.160800 0.667666 0.155600 0.658068 0.147600 0.654469 0.147200
0 0.783443 0.177200 0.776845 0.173600 0.772046 0.172400 0.747451 0.172000 0.730654 0.175600 0.727055 0.175200 0.726455 0.176800 0.722256 0.179200 0.718656 0.192000 0.718656 0.207200 0.719856 0.210000 0.723455 0.212400 0.728254 0.212400 0.731854 0.210400 0.740252 0.193200 0.746851 0.189200 0.764247 0.184800 0.782843 0.184400 0.784643 0.182800
0 0.978404 0.143200 0.970606 0.139200 0.964607 0.138000 0.956809 0.139200 0.948410 0.142800 0.943011 0.142400 0.929214 0.137600 0.921416 0.137200 0.907618 0.138400 0.895021 0.141600 0.884223 0.146000 0.853029 0.165600 0.826035 0.170000 0.814037 0.170400 0.797840 0.175200 0.796041 0.176800 0.793041 0.177200 0.782843 0.187200 0.781044 0.191600 0.781644 0.205600 0.786443 0.214400 0.811638 0.231600 0.821236 0.236400 0.833833 0.239600 0.841632 0.238400 0.847031 0.240400 0.859628 0.241200 0.862627 0.242400 0.866227 0.241600 0.877025 0.241600 0.880624 0.240400 0.897421 0.238400 0.916617 0.232000 0.922016 0.228800 0.925615 0.228000 0.933413 0.223600 0.939412 0.221600 0.960408 0.205600 0.968806 0.195600 0.974805 0.186400 0.976605 0.179200 0.979604 0.174000 0.980804 0.164800 0.985603 0.155600 0.984403 0.148800
0 0.045591 0.180400 0.038992 0.182000 0.035993 0.185600 0.035393 0.190800 0.039592 0.246400 0.043191 0.251600 0.049190 0.255200 0.053989 0.256400 0.061188 0.256000 0.063587 0.257200 0.067786 0.256000 0.071386 0.257600 0.074985 0.255600 0.076785 0.248400 0.076785 0.237600 0.074385 0.230400 0.075585 0.218800 0.073185 0.194400 0.068386 0.186000 0.062987 0.182000 0.055189 0.180400
0 0.207558 0.185600 0.205759 0.190400 0.206359 0.192800 0.210558 0.194800 0.220756 0.192800 0.223155 0.193600 0.232753 0.193200 0.243551 0.195200 0.253749 0.200000 0.260948 0.208400 0.265747 0.217200 0.268146 0.218400 0.272945 0.218400 0.274745 0.217200 0.276545 0.212000 0.272945 0.194400 0.269346 0.186000 0.265147 0.182000 0.255549 0.178400 0.247151 0.178000 0.233953 0.180400 0.223755 0.180000 0.220156 0.181600 0.215957 0.181600 0.212358 0.182800
0 0.433113 0.199600 0.434913 0.203600 0.446311 0.206400 0.459508 0.204800 0.464307 0.202400 0.465507 0.200000 0.463107 0.198000 0.457109 0.196800 0.441512 0.196800 0.435513 0.198000
0 0.425915 0.185600 0.425915 0.189200 0.432513 0.192000 0.435513 0.194400 0.445111 0.196400 0.460108 0.196400 0.469706 0.199600 0.475705 0.198800 0.487702 0.201200 0.505099 0.200400 0.512897 0.201200 0.520096 0.200000 0.532094 0.199600 0.538692 0.201200 0.563287 0.200400 0.574085 0.197600 0.586083 0.197200 0.593881 0.193200 0.593281 0.188800 0.590282 0.185600 0.582484 0.181200 0.574085 0.178400 0.557888 0.176800 0.554289 0.174400 0.549490 0.174800 0.547091 0.174000 0.544091 0.174800 0.536893 0.173600 0.526095 0.173600 0.522496 0.174400 0.509898 0.172800 0.493701 0.173600 0.473305 0.176000 0.469106 0.177200 0.460708 0.176800 0.452909 0.180000 0.448110 0.180000
0 0.521296 0.209200 0.512897 0.212400 0.511098 0.217600 0.515297 0.225600 0.524895 0.234800 0.524895 0.253200 0.526695 0.256400 0.529094 0.258000 0.540492 0.258000 0.548290 0.254400 0.549490 0.252800 0.549490 0.248000 0.539292 0.234400 0.537493 0.212800 0.533293 0.208400
0 0.652669 0.223200 0.653869 0.224800 0.658668 0.225600 0.668266 0.229600 0.682064 0.232800 0.692861 0.234400 0.699460 0.234400 0.703059 0.232000 0.701860 0.226400 0.700060 0.224400 0.695861 0.223200 0.681464 0.221200 0.659868 0.220000 0.656269 0.220400
0 0.734253 0.213200 0.730654 0.212400 0.724655 0.214400 0.711458 0.224000 0.707858 0.230800 0.704259 0.244000 0.701260 0.246000 0.697061 0.252400 0.692262 0.255200 0.690462 0.257600 0.689862 0.262800 0.692262 0.265200 0.697061 0.265600 0.706659 0.260000 0.720456 0.254000 0.730654 0.252000 0.740252 0.245600 0.741452 0.240800 0.736653 0.215600
0 0.747451 0.193600 0.745051 0.202800 0.738452 0.210000 0.738452 0.214000 0.751050 0.217200 0.766047 0.216400 0.772645 0.214000 0.778044 0.207600 0.778044 0.202400 0.776845 0.200800 0.769646 0.198400 0.763647 0.197600 0.752250 0.192800
0 0.644271 0.012400 0.629874 0.009200 0.626875 0.010000 0.623875 0.008800 0.615477 0.009200 0.609478 0.010800 0.605279 0.013600 0.595081 0.016800 0.592082 0.016800 0.578884 0.022400 0.556089 0.036400 0.553689 0.040000 0.554289 0.044000 0.559088 0.052800 0.560288 0.057600 0.565687 0.063200 0.567487 0.068000 0.571686 0.071200 0.575285 0.072000 0.597481 0.066000 0.605279 0.062400 0.613677 0.061600 0.637073 0.054000 0.662867 0.047200 0.664067 0.043200 0.653269 0.022000 0.648470 0.015600
0 0.379124 0.000000 0.358728 0.000000 0.358728 0.001600 0.351530 0.007200 0.349730 0.010800 0.350330 0.018000 0.355729 0.022800 0.359928 0.023600 0.363527 0.022400 0.372525 0.011600 0.379724 0.005200
0 0.995201 0.244000 0.991002 0.244400 0.984403 0.247200 0.981404 0.250400 0.983203 0.267600 0.984403 0.270400 0.987403 0.272000 1.000000 0.268400 1.000000 0.244800
0 0.535093 0.022400 0.528494 0.018800 0.525495 0.018400 0.523095 0.019200 0.515897 0.024400 0.503899 0.029600 0.499100 0.036400 0.500300 0.040400 0.509898 0.043600 0.519496 0.044400 0.521296 0.042000 0.521896 0.036000 0.523695 0.032400
0 0.321536 0.028400 0.311938 0.029200 0.307139 0.031200 0.303539 0.034800 0.302340 0.038800 0.302939 0.048000 0.306539 0.051200 0.314337 0.051200 0.321536 0.050000 0.326935 0.046800 0.329934 0.040800 0.329334 0.033600
0 0.105579 0.011600 0.100780 0.014400 0.098980 0.016800 0.098380 0.022800 0.100180 0.026400 0.104379 0.030000 0.109778 0.032400 0.118776 0.033200 0.123575 0.031600 0.127774 0.028000 0.129574 0.023600 0.128974 0.018800 0.124775 0.014400 0.120576 0.012400 0.115177 0.012400 0.111578 0.011200
0 0.341932 0.039600 0.341932 0.044800 0.344331 0.050000 0.356329 0.059200 0.365927 0.062400 0.390522 0.066800 0.416317 0.066400 0.418716 0.065200 0.422316 0.065200 0.424115 0.062400 0.430714 0.063600 0.449310 0.060000 0.471506 0.051600 0.478104 0.047200 0.483503 0.040400 0.485303 0.036800 0.485303 0.029600 0.481704 0.023600 0.473305 0.018000 0.460708 0.014400 0.438512 0.002400 0.437313 0.000000 0.384523 0.000000 0.384523 0.001600 0.374325 0.009600 0.370126 0.015600 0.363527 0.022000 0.359328 0.024000 0.352130 0.024000 0.351530 0.025600 0.349130 0.025600 0.350330 0.029200 0.346731 0.032000
0 0.530294 0.005200 0.532094 0.010000 0.538092 0.014000 0.546491 0.024000 0.557289 0.030800 0.560288 0.031600 0.564487 0.030800 0.591482 0.015600 0.590882 0.011200 0.582484 0.005200 0.579484 0.001600 0.579484 0.000000 0.536893 0.000000 0.536893 0.001600 0.532094 0.002800
0 0.392322 0.205600 0.390522 0.208800 0.390522 0.214000 0.392921 0.218400 0.407918 0.230800 0.416917 0.236400 0.422316 0.237600 0.429514 0.236000 0.442112 0.229600 0.448110 0.224000 0.448110 0.219600 0.446311 0.216400 0.443311 0.214800 0.434913 0.215200 0.428914 0.214400 0.422316 0.212000 0.412118 0.210800 0.401320 0.204400 0.395321 0.204400
0 0.512897 0.222800 0.508698 0.218800 0.505699 0.218000 0.497900 0.218000 0.491302 0.221200 0.484103 0.222800 0.479904 0.224800 0.466707 0.226800 0.463107 0.228400 0.454709 0.230000 0.448710 0.233600 0.449310 0.238000 0.452310 0.241600 0.458908 0.246000 0.466707 0.248800 0.481704 0.248800 0.484703 0.247200 0.487702 0.247200 0.496701 0.244800 0.505699 0.240000 0.513497 0.230000 0.514097 0.226400
0 0.578284 0.215200 0.574685 0.219600 0.574685 0.224800 0.580684 0.231200 0.595081 0.238000 0.605879 0.236000 0.608878 0.234000 0.610678 0.230400 0.610678 0.223600 0.606479 0.218800 0.602879 0.216800 0.595681 0.215200 0.586683 0.214400
0 0.635873 0.188000 0.633473 0.185200 0.625075 0.181200 0.616077 0.180400 0.597481 0.185200 0.595081 0.187600 0.595081 0.190400 0.597481 0.193200 0.602879 0.194800 0.620876 0.195200 0.633473 0.192800 0.635873 0.190000
0 0.397720 0.193600 0.397720 0.197200 0.400120 0.200800 0.410318 0.203200 0.419916 0.203200 0.431314 0.201200 0.434913 0.197200 0.434913 0.195200 0.431314 0.192400 0.421716 0.188800 0.412118 0.188400 0.404919 0.190400 0.400720 0.190400
0 0.537493 0.070400 0.533293 0.067600 0.506299 0.071600 0.495501 0.072000 0.465507 0.069600 0.463107 0.070000 0.462507 0.078400 0.467307 0.086000 0.478704 0.099200 0.487103 0.104400 0.493101 0.104800 0.513497 0.099600 0.524895 0.093200 0.528494 0.090400 0.537493 0.074800
0 0.367127 0.188800 0.368326 0.192800 0.379724 0.199600 0.383923 0.199200 0.395321 0.195200 0.397720 0.193200 0.398920 0.189600 0.391122 0.185600 0.380924 0.183600 0.373125 0.184000
0 0.187163 0.192400 0.184163 0.195600 0.183563 0.203200 0.187762 0.210400 0.197960 0.214400 0.207558 0.214400 0.214157 0.212400 0.217157 0.210400 0.219556 0.206800 0.218356 0.202400 0.206359 0.195200 0.196761 0.194000 0.191362 0.192000
0 0.103179 0.188800 0.098980 0.192400 0.097181 0.196000 0.097181 0.200400 0.103179 0.214000 0.115777 0.222800 0.122975 0.222000 0.137972 0.222400 0.140972 0.221600 0.142771 0.214000 0.148170 0.206800 0.145771 0.199200 0.147570 0.189200 0.140972 0.186800 0.124175 0.184400 0.115777 0.185200
0 0.521896 0.158800 0.525495 0.161600 0.540492 0.163200 0.549490 0.169200 0.556689 0.170800 0.562687 0.170800 0.568086 0.169200 0.571086 0.166400 0.581884 0.161600 0.583683 0.159600 0.592082 0.156800 0.593281 0.152000 0.592082 0.150400 0.588482 0.149600 0.575885 0.149600 0.563287 0.144400 0.550090 0.144000 0.543491 0.146400 0.538092 0.147200 0.535693 0.149600 0.526095 0.153200 0.521896 0.156800
0 0.364727 0.146400 0.361128 0.146800 0.351530 0.154400 0.344931 0.162000 0.340732 0.170800 0.340732 0.176400 0.345531 0.179200 0.358128 0.182800 0.362927 0.182400 0.366527 0.178800 0.377924 0.156000 0.377924 0.153600 0.375525 0.150800
0 0.283143 0.152800 0.280744 0.154000 0.278344 0.157600 0.278944 0.164800 0.282543 0.170400 0.292741 0.179200 0.302340 0.182000 0.309538 0.181200 0.314337 0.176800 0.315537 0.172800 0.314937 0.165200 0.311938 0.160400 0.306539 0.156400 0.293941 0.154800 0.290342 0.152400
0 0.268746 0.148400 0.260348 0.144800 0.250750 0.144000 0.236953 0.144800 0.227355 0.146800 0.213557 0.152400 0.196761 0.157600 0.188362 0.164400 0.183563 0.171200 0.182364 0.179200 0.184163 0.182000 0.194361 0.186800 0.204559 0.187200 0.213557 0.181200 0.219556 0.174800 0.226755 0.171200 0.237552 0.168400 0.241752 0.168800 0.248950 0.167200 0.256749 0.167200 0.262747 0.165600 0.267546 0.162000 0.270546 0.158000 0.271146 0.154000
0 0.067187 0.160400 0.066587 0.165600 0.073785 0.172800 0.083983 0.176400 0.092981 0.177600 0.099580 0.177200 0.106779 0.174800 0.109178 0.169200 0.108578 0.164400 0.106779 0.160800 0.100180 0.156400 0.081584 0.154400 0.073785 0.156400
0 0.842232 0.146400 0.836833 0.140000 0.831434 0.137600 0.817037 0.138400 0.813437 0.140000 0.805639 0.146800 0.805639 0.151200 0.810438 0.154000 0.821236 0.157200 0.828434 0.157200 0.834433 0.155200 0.841032 0.151200
0 0.713257 0.147600 0.712657 0.151200 0.716857 0.158000 0.725255 0.162800 0.731254 0.163200 0.737253 0.161200 0.742052 0.161600 0.743851 0.160800 0.752250 0.161200 0.763647 0.164400 0.772645 0.170800 0.784643 0.176000 0.790042 0.176000 0.800240 0.173600 0.805639 0.169600 0.805639 0.162000 0.801440 0.156800 0.790642 0.149200 0.776845 0.143200 0.766047 0.142000 0.763047 0.140400 0.751650 0.138000 0.740852 0.138000 0.726455 0.140000 0.718656 0.142400
0 0.714457 0.123600 0.707259 0.120400 0.700660 0.121600 0.693461 0.124400 0.688662 0.123200 0.688062 0.125600 0.679664 0.129200 0.669466 0.137600 0.669466 0.141600 0.673065 0.145600 0.678464 0.148400 0.688062 0.149200 0.702460 0.145200 0.709058 0.142000 0.717457 0.134400 0.718056 0.130000
1 0.030180 0.544184 0.109190 0.496908 0.126407 0.508388 0.157810 0.579984 0.165915 0.595520 0.129448 0.605648 0.095009 0.609700 0.036257 0.626588 0.000000 0.644048 0.000000 0.562424
0 0.949610 0.610000 0.945411 0.614000 0.943011 0.621200 0.943011 0.628800 0.945411 0.634400 0.953209 0.638400 0.963407 0.640800 0.980204 0.642800 0.995801 0.646400 1.000000 0.646400 1.000000 0.606000 0.988002 0.607600 0.984403 0.605600 0.977205 0.607200 0.970006 0.606400 0.957409 0.608000
0 0.650870 0.111600 0.644871 0.116400 0.643071 0.121600 0.643671 0.125200 0.651470 0.132000 0.659868 0.134400 0.665267 0.134800 0.671866 0.130400 0.671866 0.124800 0.669466 0.117200 0.665267 0.112000 0.662268 0.110800
0 0.338932 0.122800 0.323335 0.116800 0.313137 0.116800 0.307738 0.118800 0.296341 0.126000 0.294541 0.129200 0.295741 0.134800 0.301740 0.140800 0.307139 0.142800 0.316137 0.143200 0.325735 0.141200 0.340732 0.134000 0.343131 0.131600 0.343131 0.127200
0 0.144571 0.076400 0.140372 0.079600 0.139172 0.082800 0.139172 0.087600 0.142172 0.093200 0.149370 0.096400 0.161368 0.096000 0.166167 0.093600 0.170366 0.089200 0.170366 0.084400 0.168566 0.082000 0.161368 0.076800 0.155369 0.075600
0 0.344931 0.069200 0.337133 0.074400 0.337133 0.082000 0.347930 0.089600 0.353929 0.090800 0.359928 0.090400 0.372525 0.082000 0.371926 0.077600 0.369526 0.074400 0.364727 0.071200 0.355729 0.068000
0 0.956209 0.806800 0.953209 0.810400 0.955609 0.815600 0.963407 0.820800 0.971206 0.820000 0.973005 0.818400 0.974205 0.814000 0.970606 0.808000 0.965207 0.805600 0.959808 0.805600
0 0.963407 0.681200 0.963407 0.683200 0.965207 0.684400 0.971806 0.686400 0.986803 0.688000 1.000000 0.687600 1.000000 0.676800 0.989802 0.677600 0.985003 0.676400 0.981404 0.677200 0.976605 0.676800 0.970606 0.677600
0 0.721656 0.064000 0.720456 0.068000 0.722855 0.074800 0.725855 0.075600 0.734253 0.074800 0.736653 0.075600 0.739652 0.078000 0.741452 0.085200 0.744451 0.086000 0.749850 0.085200 0.761248 0.081600 0.762448 0.075600 0.761848 0.070800 0.758848 0.068800 0.751650 0.069200 0.741452 0.066800 0.734253 0.061600 0.731254 0.060800
0 0.190762 0.928400 0.188962 0.932400 0.195561 0.939200 0.199160 0.941200 0.205759 0.940000 0.211758 0.936000 0.213557 0.933200 0.212957 0.930000 0.207558 0.927200 0.196761 0.927200
0 0.758848 0.223600 0.747451 0.236400 0.745051 0.240800 0.746251 0.244800 0.755849 0.249200 0.769046 0.253200 0.772046 0.255200 0.806839 0.267600 0.817636 0.272400 0.827834 0.275600 0.831434 0.274800 0.839232 0.267200 0.847031 0.255600 0.837433 0.244800 0.829034 0.239600 0.793041 0.226000 0.769046 0.223600 0.765447 0.222400 0.761848 0.222400
0 0.935813 0.224800 0.930414 0.227200 0.927415 0.230000 0.927415 0.241200 0.932214 0.246000 0.946011 0.246000 0.953209 0.241600 0.955009 0.238400 0.955009 0.234400 0.952609 0.230400 0.946611 0.225600 0.943611 0.224800
0 0.077385 0.226800 0.077385 0.231200 0.079784 0.234400 0.080384 0.237600 0.085783 0.242800 0.092382 0.253200 0.095981 0.256000 0.117576 0.291600 0.121176 0.304000 0.125975 0.310800 0.129574 0.312400 0.139772 0.311200 0.161368 0.305600 0.169166 0.305200 0.175765 0.301200 0.182364 0.300000 0.185963 0.300800 0.188362 0.298000 0.193761 0.298000 0.205759 0.295200 0.231554 0.292400 0.245351 0.288400 0.271146 0.287200 0.277744 0.286000 0.283143 0.286400 0.286743 0.284800 0.293341 0.284800 0.295741 0.285600 0.317936 0.284800 0.329934 0.286000 0.344331 0.286000 0.352729 0.284400 0.354529 0.282000 0.357528 0.266400 0.357528 0.258400 0.360528 0.252000 0.360528 0.247600 0.362927 0.242800 0.365327 0.231600 0.363527 0.227200 0.360528 0.226400 0.348530 0.227200 0.344931 0.228800 0.335933 0.230000 0.327534 0.229600 0.316137 0.227200 0.305939 0.227200 0.266347 0.231200 0.240552 0.231600 0.232753 0.232800 0.194961 0.232400 0.193161 0.231600 0.188962 0.232000 0.186563 0.230800 0.173965 0.232400 0.151770 0.230400 0.148170 0.230800 0.144571 0.229200 0.122376 0.228800 0.119376 0.227600 0.116377 0.227600 0.112178 0.225200 0.106179 0.225200 0.092981 0.222800 0.080984 0.223600
0 0.077984 0.257200 0.070786 0.259600 0.067187 0.259600 0.063587 0.262000 0.059988 0.266400 0.052190 0.271600 0.034793 0.288400 0.025195 0.295600 0.016197 0.304000 0.011998 0.310800 0.007798 0.313600 0.002400 0.320400 0.000000 0.321200 0.000000 0.342000 0.008398 0.345600 0.016797 0.346800 0.022196 0.350400 0.026395 0.349600 0.030594 0.346400 0.040192 0.334000 0.045591 0.329600 0.055189 0.317200 0.061188 0.312000 0.066587 0.303200 0.074985 0.295600 0.081584 0.286400 0.088782 0.280800 0.092981 0.274800 0.093581 0.268000 0.092382 0.266000
0 0.085783 0.283600 0.082184 0.287200 0.082184 0.290400 0.085783 0.293200 0.103779 0.301600 0.108578 0.303200 0.112178 0.302800 0.113377 0.299200 0.110978 0.293200 0.110978 0.286000 0.109178 0.281600 0.106779 0.280000 0.100180 0.279600
0 0.412118 0.266000 0.408518 0.265200 0.400120 0.265600 0.392921 0.268000 0.386923 0.272000 0.382723 0.279200 0.383323 0.285200 0.386923 0.289200 0.395921 0.291600 0.402519 0.291200 0.410318 0.288400 0.416317 0.284000 0.418116 0.280400 0.418116 0.272400 0.416317 0.268400
0 0.383323 0.244000 0.379124 0.248800 0.379124 0.255200 0.383323 0.260800 0.390522 0.265200 0.408518 0.266000 0.414517 0.267600 0.424115 0.266800 0.427115 0.265600 0.427115 0.262000 0.416917 0.259600 0.410918 0.256800 0.396521 0.246800 0.394721 0.242000 0.392921 0.240800 0.388722 0.240800
0 0.448710 0.259600 0.446311 0.260000 0.442711 0.263600 0.445111 0.273600 0.440312 0.281200 0.430114 0.290000 0.428914 0.294000 0.431914 0.297200 0.445711 0.303600 0.454709 0.304800 0.463707 0.303600 0.468506 0.301200 0.477504 0.298800 0.479904 0.297200 0.479904 0.293200 0.476905 0.290800 0.470906 0.281200 0.470306 0.275600 0.473905 0.269200 0.474505 0.264800 0.470906 0.262400 0.462507 0.260400
0 0.521896 0.266400 0.514097 0.268800 0.509298 0.271600 0.506299 0.278800 0.506299 0.285200 0.508698 0.290000 0.514097 0.293600 0.527295 0.294800 0.531494 0.294000 0.540492 0.288000 0.542292 0.284800 0.542292 0.277600 0.539292 0.272400 0.533293 0.268000 0.529694 0.266800
0 0.623875 0.236400 0.619676 0.238000 0.616677 0.243600 0.602879 0.255200 0.595081 0.258400 0.594481 0.262400 0.611878 0.269200 0.615477 0.268800 0.620276 0.266400 0.624475 0.262400 0.628074 0.256000 0.629274 0.242800 0.627475 0.239200
0 0.568086 0.260000 0.560888 0.267600 0.560288 0.273600 0.563887 0.281200 0.572885 0.292800 0.573485 0.300400 0.569286 0.309200 0.569286 0.312000 0.571086 0.314400 0.578284 0.315600 0.583683 0.317600 0.589682 0.317600 0.605279 0.314400 0.620276 0.314400 0.634073 0.310800 0.638272 0.308800 0.641872 0.306000 0.647870 0.290400 0.647271 0.287200 0.638872 0.272400 0.635873 0.271200 0.620276 0.271200 0.610078 0.269600 0.602280 0.264800 0.582484 0.257200 0.574685 0.257600
0 0.398920 0.303600 0.397720 0.311200 0.400720 0.313200 0.411518 0.314800 0.416317 0.318000 0.418116 0.324800 0.420516 0.326800 0.426515 0.327600 0.436113 0.327200 0.446911 0.322000 0.448110 0.317200 0.445711 0.314400 0.443911 0.313600 0.428314 0.312400 0.421116 0.309600 0.415717 0.306000 0.412118 0.299600 0.405519 0.300000
0 0.271146 0.295200 0.265747 0.300400 0.261548 0.306800 0.260948 0.310800 0.265147 0.314400 0.277744 0.318800 0.282543 0.319200 0.286143 0.322800 0.292142 0.324000 0.299940 0.328800 0.306539 0.330000 0.331134 0.340800 0.335333 0.340800 0.344331 0.344400 0.349130 0.343200 0.359928 0.331200 0.360528 0.326400 0.359328 0.324400 0.317936 0.307200 0.313737 0.306400 0.283143 0.294400 0.275945 0.292800
0 0.235753 0.295600 0.227355 0.298000 0.219556 0.304000 0.217756 0.315200 0.217756 0.328000 0.220156 0.335200 0.223155 0.339200 0.229754 0.342800 0.239352 0.344000 0.248350 0.342400 0.253749 0.338800 0.255549 0.335600 0.255549 0.331200 0.252549 0.328000 0.250150 0.320400 0.252549 0.314400 0.255549 0.311200 0.256149 0.307200 0.253149 0.300000 0.248350 0.296800 0.242352 0.295600
0 0.181164 0.303200 0.172765 0.307200 0.163767 0.317600 0.164367 0.325200 0.171566 0.329200 0.176965 0.330400 0.185963 0.330800 0.189562 0.328800 0.193761 0.315600 0.194361 0.307200 0.189562 0.303600
0 0.751650 0.602000 0.753449 0.610800 0.757049 0.618000 0.765447 0.628000 0.776845 0.635600 0.797241 0.643200 0.815837 0.652000 0.824235 0.653200 0.829634 0.656000 0.836233 0.656000 0.842232 0.658400 0.848230 0.658800 0.862627 0.662000 0.867427 0.662000 0.874025 0.659600 0.880624 0.654400 0.887223 0.652800 0.889622 0.650800 0.893221 0.644800 0.891422 0.642800 0.879424 0.639600 0.871626 0.636000 0.869226 0.635600 0.865027 0.636800 0.859628 0.634400 0.855429 0.634400 0.844031 0.629600 0.836833 0.628400 0.818236 0.621200 0.808638 0.618800 0.791242 0.612400 0.787043 0.612000 0.779844 0.608400 0.769646 0.607600 0.758248 0.601200 0.754049 0.600800
0 0.802639 0.696400 0.811638 0.703200 0.824235 0.707600 0.841632 0.704400 0.851230 0.700000 0.850630 0.694400 0.845231 0.692000 0.837433 0.692000 0.829634 0.693600 0.818836 0.693200 0.814037 0.694000 0.803239 0.692000
1 0.044289 0.626744 0.035213 0.674172 0.054127 0.729668 0.108602 0.737740 0.200918 0.715544 0.221344 0.652476 0.143413 0.604544
0 0.155969 0.686400 0.151770 0.680800 0.137373 0.678000 0.131974 0.678800 0.125975 0.678400 0.119376 0.680000 0.114577 0.680000 0.106179 0.682400 0.101380 0.682000 0.097181 0.682800 0.094781 0.682000 0.088182 0.682800 0.065387 0.688000 0.059388 0.693200 0.059388 0.701200 0.061788 0.704000 0.071386 0.706800 0.086383 0.706800 0.102579 0.705200 0.112178 0.707200 0.141572 0.708800 0.147570 0.706800 0.152969 0.702800 0.156569 0.694800
0 0.026395 0.723200 0.017397 0.724400 0.013797 0.726000 0.012597 0.728000 0.008398 0.726000 0.004799 0.729600 0.004199 0.734000 0.001800 0.737600 0.002400 0.742400 0.008398 0.746000 0.019196 0.746800 0.022196 0.746000 0.030594 0.740400 0.032394 0.738000 0.032993 0.730400 0.031194 0.726400
0 0.289742 0.638000 0.285543 0.636800 0.260348 0.640000 0.249550 0.643200 0.244151 0.646400 0.240552 0.647200 0.238152 0.649200 0.234553 0.649600 0.229154 0.652000 0.226755 0.654400 0.226755 0.659200 0.233953 0.664800 0.237552 0.672000 0.240552 0.674000 0.259148 0.676000 0.268146 0.675200 0.286743 0.667600 0.298140 0.658400 0.298740 0.653600 0.293941 0.641200
0 0.435513 0.664400 0.436113 0.668400 0.439112 0.672400 0.442112 0.672800 0.446311 0.675200 0.455309 0.674000 0.463107 0.671600 0.469106 0.668400 0.470906 0.665200 0.463107 0.661200 0.450510 0.658800 0.445111 0.658800 0.439112 0.660400
0 0.523095 0.623200 0.523095 0.626800 0.526095 0.634000 0.535693 0.646400 0.543491 0.650400 0.555489 0.650000 0.561488 0.650400 0.563887 0.651600 0.566887 0.650800 0.585483 0.651200 0.588482 0.649200 0.592681 0.650000 0.598080 0.648000 0.606479 0.637200 0.608278 0.631200 0.612478 0.627200 0.610078 0.624400 0.601080 0.624800 0.599280 0.625600 0.592681 0.623200 0.584883 0.625600 0.562088 0.624400 0.535693 0.625200 0.530294 0.622800
1 0.322687 0.624276 0.695441 0.624276 0.680402 0.636920 0.648356 0.654800 0.629394 0.665264 0.604541 0.674424 0.581656 0.683580 0.562034 0.687940 0.520180 0.693172 0.512987 0.694044 0.475711 0.690992 0.437786 0.685412 0.385993 0.663784 0.353881 0.645512 0.343677 0.639932 0.328182 0.629160
0 0.462507 0.694400 0.450510 0.699600 0.449310 0.701600 0.449910 0.706400 0.457708 0.711200 0.462507 0.712800 0.470906 0.713200 0.475105 0.710800 0.475705 0.702800 0.472705 0.698000 0.469706 0.695600
1 0.680174 0.808880 0.691524 0.788196 0.708926 0.771040 0.753569 0.741776 0.788374 0.725128 0.822424 0.715036 0.797451 0.695864 0.748272 0.684260 0.714979 0.684260 0.690768 0.688804 0.660504 0.699900 0.636287 0.720084 0.629478 0.739760 0.627966 0.756912 0.633263 0.775076 0.649154 0.790716 0.657475 0.799800
0 0.853629 0.880400 0.842831 0.880000 0.817636 0.882000 0.814637 0.883600 0.814037 0.885200 0.815237 0.890400 0.824235 0.898800 0.835033 0.902400 0.848830 0.901200 0.853629 0.898800 0.857229 0.890000 0.857229 0.884000
0 0.168566 0.897600 0.165567 0.892800 0.158368 0.890400 0.150570 0.890800 0.146971 0.892000 0.136173 0.891600 0.130174 0.893200 0.121176 0.893600 0.105579 0.897200 0.100780 0.899200 0.091782 0.907200 0.091182 0.912000 0.092981 0.914400 0.099580 0.918000 0.109778 0.926000 0.122975 0.926000 0.136173 0.928800 0.146371 0.928400 0.150570 0.926800 0.161968 0.918400 0.165567 0.910800 0.166167 0.904000
0 0.832034 0.088000 0.824235 0.087600 0.820036 0.088800 0.809838 0.105200 0.811038 0.110000 0.822436 0.111600 0.825435 0.111200 0.828434 0.109200 0.835633 0.096400 0.835633 0.091200
0 0.295741 0.910400 0.293341 0.914800 0.293341 0.920000 0.295741 0.926400 0.301740 0.932800 0.310738 0.938400 0.316737 0.939600 0.329334 0.939200 0.334733 0.940400 0.344931 0.940400 0.355729 0.937200 0.361128 0.932800 0.362328 0.930000 0.361128 0.922800 0.355129 0.915600 0.346131 0.910400 0.340132 0.910000 0.335333 0.911200 0.321536 0.906800 0.311338 0.905600 0.303539 0.906400
0 0.110978 0.000000 0.110978 0.001600 0.113377 0.002800 0.122376 0.012000 0.129574 0.015600 0.135573 0.014400 0.141572 0.014400 0.148170 0.012800 0.161548 0.005200 0.168806 0.000000
0 0.042591 0.341600 0.042591 0.346000 0.045591 0.350000 0.045591 0.359600 0.047391 0.363200 0.050390 0.364000 0.064187 0.363200 0.073185 0.360800 0.078584 0.357200 0.080984 0.353200 0.081584 0.348800 0.079184 0.344000 0.075585 0.342000 0.067187 0.341600 0.057588 0.342800 0.052789 0.341600
0 0.000000 0.343200 0.000000 0.373600 0.005999 0.373600 0.012597 0.371600 0.018596 0.366800 0.021596 0.361600 0.021596 0.354400 0.019796 0.350800 0.015597 0.347200
0 0.112777 0.352000 0.112777 0.358000 0.115177 0.366800 0.117576 0.370800 0.119976 0.372400 0.126575 0.374400 0.136773 0.374800 0.143971 0.377200 0.154769 0.375600 0.157768 0.373600 0.159568 0.368800 0.157169 0.361600 0.157169 0.352800 0.154769 0.348000 0.151770 0.346000 0.145771 0.344800 0.133173 0.344400 0.130174 0.345200 0.126575 0.348000 0.116377 0.350000
0 0.164367 0.332800 0.162567 0.338000 0.164367 0.355600 0.170366 0.364400 0.177564 0.370000 0.185363 0.371200 0.188362 0.370400 0.202160 0.370400 0.212957 0.368800 0.219556 0.366400 0.221956 0.363600 0.220756 0.361200 0.212957 0.360000 0.211158 0.358800 0.196161 0.357600 0.193161 0.354800 0.189562 0.353600 0.189562 0.352400 0.185963 0.352800 0.180564 0.349200 0.178164 0.344000 0.175165 0.342000 0.175165 0.338400 0.173365 0.337200 0.172765 0.334000 0.168566 0.331200
0 0.406719 0.327600 0.401920 0.325200 0.398320 0.325200 0.393521 0.326800 0.363527 0.341200 0.362328 0.345600 0.366527 0.346000 0.383923 0.342800 0.395921 0.337600 0.403719 0.335600 0.407319 0.332800
0 0.498500 0.313600 0.494901 0.311200 0.484103 0.313200 0.449310 0.324800 0.438512 0.329600 0.432513 0.330000 0.408518 0.338000 0.406719 0.342800 0.414517 0.354400 0.420516 0.357200 0.429514 0.356800 0.452310 0.348400 0.461908 0.346000 0.473905 0.340800 0.478104 0.340400 0.488302 0.336400 0.492501 0.336000 0.497900 0.332800 0.505099 0.330400 0.507499 0.328400 0.506299 0.324400
0 0.712058 0.294800 0.706659 0.292400 0.693461 0.290000 0.681464 0.290000 0.657469 0.292800 0.652669 0.296000 0.649070 0.303200 0.640672 0.308800 0.625075 0.314800 0.617876 0.316400 0.612478 0.318800 0.601080 0.326400 0.598080 0.330400 0.595681 0.338000 0.596881 0.346800 0.598680 0.351600 0.608878 0.367600 0.626875 0.370800 0.632274 0.370800 0.649670 0.368000 0.671866 0.366400 0.680264 0.368000 0.702460 0.374800 0.714457 0.375600 0.724055 0.374400 0.731854 0.370800 0.737852 0.365600 0.746251 0.355200 0.749850 0.347200 0.750450 0.340000 0.746851 0.333600 0.731254 0.322800 0.730054 0.320800 0.730654 0.317600 0.726455 0.307600 0.721056 0.301200
0 0.742651 0.306400 0.739052 0.308400 0.737253 0.311200 0.736653 0.318400 0.738452 0.321200 0.740852 0.322800 0.750450 0.325600 0.756449 0.326000 0.763647 0.322800 0.767846 0.318400 0.767846 0.310800 0.756449 0.306800 0.751050 0.306000
0 0.803839 0.286800 0.799640 0.286800 0.785243 0.292000 0.774445 0.292800 0.769646 0.295200 0.768446 0.296800 0.769046 0.304000 0.774445 0.310400 0.785843 0.314400 0.790642 0.314400 0.793641 0.312800 0.799640 0.306400 0.809838 0.300800 0.811638 0.298000 0.811038 0.293600 0.808038 0.289600
0 0.196761 0.028400 0.192561 0.030000 0.189562 0.032800 0.181764 0.043600 0.178164 0.050800 0.176365 0.061200 0.180564 0.064800 0.195561 0.066000 0.205759 0.072000 0.214157 0.072400 0.223755 0.064800 0.227954 0.064000 0.232154 0.061200 0.232753 0.054000 0.235753 0.049200 0.238152 0.048000 0.238152 0.046000 0.229754 0.040000 0.221956 0.038000 0.209958 0.029600 0.205159 0.028400
0 0.152969 0.009600 0.151170 0.012000 0.151170 0.018800 0.152969 0.022400 0.158368 0.026400 0.167966 0.029600 0.176365 0.030000 0.185963 0.029200 0.191962 0.026400 0.197361 0.021200 0.197960 0.015600 0.196761 0.013600 0.192561 0.010000 0.183563 0.006800 0.170966 0.004400 0.160768 0.006000
0 0.068986 0.040000 0.064187 0.046000 0.063587 0.054400 0.065987 0.058000 0.073785 0.062800 0.080984 0.064800 0.096581 0.064800 0.106179 0.061600 0.111578 0.057600 0.113377 0.054000 0.112777 0.049600 0.109778 0.045200 0.102579 0.041200 0.083383 0.037600 0.074385 0.037600
0 0.655069 0.000000 0.655069 0.001600 0.649670 0.004000 0.648470 0.006800 0.648470 0.013600 0.652070 0.020000 0.655069 0.022000 0.662268 0.023600 0.668866 0.023600 0.678464 0.020800 0.682064 0.018000 0.683863 0.014000 0.683863 0.009200 0.679064 0.004000 0.673065 0.002000 0.672466 0.000000
1 0.310228 0.192756 0.704079 0.184836 0.633983 0.229992 0.582897 0.252572 0.511608 0.266040 0.435573 0.256136 0.366665 0.226428
0 0.282543 0.442800 0.277744 0.446000 0.277744 0.450800 0.284343 0.469200 0.286143 0.479200 0.288542 0.480800 0.286743 0.484400 0.289142 0.494800 0.288542 0.533600 0.285543 0.540000 0.285543 0.543200 0.283143 0.546800 0.281344 0.560800 0.282543 0.563200 0.286143 0.565200 0.289742 0.565200 0.293941 0.566800 0.299940 0.564800 0.301140 0.566800 0.303539 0.567200 0.307139 0.570000 0.311338 0.566800 0.319136 0.566000 0.321536 0.564800 0.342531 0.567200 0.345531 0.565600 0.349730 0.557600 0.351530 0.540000 0.356329 0.526800 0.357528 0.519200 0.360528 0.516000 0.363527 0.507600 0.375525 0.484000 0.380324 0.478800 0.380924 0.473600 0.376725 0.470000 0.373125 0.470000 0.369526 0.468800 0.358128 0.460800 0.350330 0.458800 0.336533 0.458800 0.320936 0.455200 0.317936 0.453200 0.314937 0.453200 0.311338 0.451600 0.307738 0.452000 0.296941 0.444800 0.289742 0.445200 0.286143 0.442800
1 0.206959 0.867600 0.203359 0.867600 0.199760 0.870400 0.192561 0.880800 0.184763 0.889200 0.181164 0.895600 0.175165 0.901200 0.169766 0.912000 0.166767 0.914400 0.161368 0.923200 0.156569 0.927600 0.154169 0.933600 0.146371 0.943600 0.143371 0.949600 0.141572 0.956400 0.141572 0.962800 0.145771 0.971200 0.154769 0.978000 0.163167 0.981200 0.173965 0.983600 0.188362 0.984400 0.201560 0.983600 0.222555 0.978800 0.240552 0.971600 0.251950 0.965200 0.260348 0.958000 0.266347 0.954400 0.269346 0.950000 0.266947 0.942400 0.255549 0.926000 0.250750 0.922800 0.248950 0.918000 0.243551 0.912400 0.238752 0.904000 0.218956 0.881600 0.215357 0.875600
0 0.907019 0.246400 0.905819 0.243600 0.901020 0.240800 0.890822 0.240400 0.880024 0.244000 0.859028 0.244000 0.850630 0.250400 0.850030 0.252800 0.851830 0.254800 0.859628 0.255200 0.873425 0.260400 0.880624 0.262000 0.892022 0.258800 0.898020 0.255600 0.906419 0.249200
0 0.758248 0.270800 0.756449 0.272400 0.755849 0.276000 0.757648 0.279600 0.764847 0.286800 0.767846 0.287600 0.779844 0.287600 0.783443 0.285600 0.787642 0.277600 0.787043 0.272400 0.783443 0.269200 0.770846 0.268400 0.762448 0.269200
0 0.569886 0.300400 0.565687 0.299200 0.553089 0.300000 0.548890 0.302000 0.544091 0.306400 0.533893 0.307600 0.527295 0.306400 0.520696 0.306400 0.505099 0.300400 0.501500 0.300000 0.497301 0.303200 0.497301 0.309600 0.511098 0.328400 0.521896 0.334000 0.530894 0.334000 0.553689 0.325600 0.561488 0.320800 0.564487 0.317600 0.566287 0.310400 0.570486 0.304000
0 0.352130 0.307200 0.348530 0.310800 0.348530 0.317600 0.353929 0.321200 0.358728 0.322400 0.362328 0.326000 0.379724 0.329600 0.388122 0.327600 0.389322 0.326000 0.389322 0.320800 0.387522 0.315600 0.383923 0.311200 0.379724 0.308400 0.372525 0.306000 0.368326 0.303200 0.361728 0.303600
0 0.119976 0.310000 0.107978 0.307600 0.091182 0.310400 0.085183 0.312800 0.080984 0.317200 0.080984 0.323200 0.083983 0.328400 0.088182 0.331200 0.095381 0.333600 0.112777 0.333200 0.116377 0.332000 0.125375 0.325600 0.127774 0.321600 0.127175 0.317200
0 0.585483 0.324800 0.581284 0.324800 0.571086 0.332800 0.560888 0.333600 0.555489 0.336400 0.554889 0.342000 0.556689 0.346000 0.561488 0.350000 0.568086 0.352400 0.578284 0.353200 0.581884 0.351600 0.587882 0.340000 0.594481 0.335600 0.595081 0.331200
0 0.805639 0.000000 0.804439 0.008800 0.808638 0.012800 0.817636 0.017200 0.828434 0.017600 0.836833 0.016400 0.846431 0.012400 0.847031 0.004400 0.845831 0.000000
0 0.921416 0.000000 0.921416 0.002400 0.923815 0.005600 0.931614 0.009600 0.939412 0.009600 0.942412 0.008800 0.949610 0.004800 0.951410 0.002400 0.951410 0.000000
0 0.982603 0.014400 0.975405 0.018400 0.976605 0.026000 0.988002 0.035200 0.992202 0.036400 1.000000 0.036000 1.000000 0.012800
0 0.979004 0.078000 0.975405 0.081600 0.959208 0.088000 0.952609 0.092800 0.946611 0.102400 0.947810 0.105600 0.946011 0.109200 0.946011 0.114400 0.950210 0.125600 0.963407 0.134000 0.965807 0.134000 0.970606 0.136800 0.992801 0.137600 1.000000 0.136000 1.000000 0.080000 0.989202 0.079200 0.985003 0.077200
0 0.997600 0.152400 0.990402 0.154800 0.984403 0.160000 0.981404 0.171600 0.981404 0.179200 0.982603 0.181600 0.984403 0.224800 0.988002 0.229600 1.000000 0.232400 1.000000 0.152400
0 0.000000 0.285200 0.000000 0.303600 0.002400 0.303600 0.010198 0.296800 0.010198 0.292800 0.005999 0.287600 0.001800 0.285200
0 0.950210 0.390400 0.949010 0.395200 0.950810 0.404800 0.947211 0.420800 0.948410 0.426000 0.963407 0.434800 0.979004 0.438000 0.988002 0.441600 0.995201 0.442000 0.996401 0.440400 0.995801 0.422800 0.994601 0.418000 0.991602 0.413200 0.981404 0.407600 0.961008 0.391600 0.956809 0.390000
0 0.015597 0.648400 0.010798 0.648400 0.004799 0.652400 0.000000 0.654000 0.000000 0.670800 0.002400 0.670800 0.005999 0.668800 0.013197 0.662400 0.016797 0.657600 0.017996 0.650400
0 0.811038 0.061600 0.806839 0.061600 0.801440 0.065200 0.784043 0.070800 0.773245 0.072400 0.764247 0.071600 0.763047 0.072800 0.762448 0.079200 0.763047 0.081600 0.766647 0.085200 0.772046 0.088000 0.778044 0.089200 0.785243 0.088800 0.793041 0.085600 0.801440 0.080400 0.807439 0.074400 0.811638 0.064800
0 0.809238 0.042400 0.806239 0.047200 0.805639 0.054800 0.807439 0.058000 0.810438 0.060000 0.813437 0.060800 0.827235 0.060400 0.835633 0.058400 0.839232 0.055600 0.839832 0.049600 0.830234 0.043200 0.818836 0.040000 0.813437 0.040400
0 0.889022 0.011600 0.884823 0.011200 0.880024 0.012400 0.869226 0.018800 0.858428 0.028800 0.857229 0.033200 0.859028 0.035200 0.867427 0.038000 0.877624 0.038000 0.883023 0.036400 0.888422 0.033200 0.893821 0.025200 0.892621 0.015600
0 0.894421 0.058000 0.889022 0.058000 0.880024 0.061200 0.877624 0.060000 0.869226 0.059600 0.866227 0.062000 0.863827 0.066800 0.864427 0.075600 0.865627 0.078400 0.874025 0.085200 0.880624 0.086800 0.893221 0.086400 0.905219 0.082400 0.908218 0.079600 0.908818 0.074400 0.906419 0.067200 0.901020 0.061200
0 0.865027 0.876800 0.863227 0.878800 0.863227 0.882800 0.867427 0.888000 0.872825 0.890000 0.879424 0.889200 0.881824 0.885600 0.880624 0.879600 0.874025 0.876000 0.869826 0.875600
0 0.790042 0.904800 0.785843 0.904400 0.782244 0.905200 0.778044 0.908000 0.778044 0.916000 0.782843 0.919600 0.790642 0.919200 0.796641 0.915200 0.796041 0.909200
0 0.904475 0.905904 0.910384 0.904780 0.917564 0.907032 0.920942 0.907032 0.922208 0.903652 0.929808 0.902528 0.931914 0.905340 0.929808 0.909564 0.927271 0.913504 0.921782 0.914912 0.915027 0.914912 0.908698 0.912096 0.904049 0.910128
0 0.042513 0.855904 0.051230 0.860300 0.062298 0.861400 0.075255 0.857788 0.076905 0.862500 0.074553 0.867212 0.069838 0.869884 0.063005 0.870984 0.054763 0.870196 0.047457 0.866584 0.040630 0.858572
0 0.199760 0.856000 0.196161 0.854000 0.191362 0.854400 0.182364 0.857200 0.174565 0.858000 0.169766 0.860400 0.164367 0.864400 0.162567 0.870000 0.160168 0.872800 0.154169 0.876400 0.151170 0.876800 0.136773 0.883600 0.135573 0.886000 0.136173 0.889200 0.140372 0.891200 0.163167 0.890000 0.185363 0.886000 0.190762 0.882000 0.193761 0.876800 0.194961 0.870000 0.199760 0.859600
0 0.223755 0.860800 0.215357 0.860800 0.211758 0.862000 0.207558 0.865600 0.209358 0.870800 0.216557 0.875600 0.224955 0.872400 0.229154 0.868000 0.228554 0.864000
0 0.286743 0.856800 0.276545 0.856800 0.257948 0.862000 0.251950 0.862800 0.251350 0.867200 0.254949 0.873200 0.259148 0.875600 0.266347 0.877600 0.273545 0.877600 0.278944 0.876000 0.286143 0.870800 0.289142 0.866400 0.289142 0.860800
0 0.282543 0.876000 0.281344 0.879200 0.282543 0.890800 0.284343 0.895200 0.286743 0.897200 0.292741 0.898800 0.302340 0.898400 0.311338 0.896400 0.314337 0.894800 0.314937 0.888800 0.312537 0.882000 0.303539 0.874800 0.292741 0.874400
0 0.348530 0.869600 0.343731 0.874000 0.344931 0.881200 0.348530 0.883200 0.351530 0.883600 0.359328 0.882800 0.362927 0.878800 0.362927 0.875200 0.359328 0.870400 0.354529 0.869200
0 0.440312 0.894000 0.439712 0.901200 0.442711 0.907200 0.445111 0.910000 0.449310 0.912400 0.461908 0.913200 0.467307 0.912000 0.476305 0.913200 0.494301 0.912000 0.509298 0.912800 0.520096 0.910800 0.526695 0.911200 0.533293 0.910000 0.540492 0.906400 0.542292 0.904800 0.543491 0.900800 0.541692 0.890800 0.537493 0.886400 0.533293 0.885200 0.520096 0.885600 0.512897 0.884000 0.508698 0.884400 0.505699 0.883200 0.502100 0.884400 0.498500 0.883200 0.488302 0.884400 0.485303 0.883600 0.456509 0.883600 0.448710 0.885200 0.442711 0.889600
0 0.552490 0.900000 0.550090 0.900400 0.545291 0.904400 0.545291 0.912000 0.550090 0.915200 0.556689 0.915600 0.562687 0.912800 0.564487 0.907200 0.563287 0.904000 0.557888 0.900400
0 0.637073 0.912800 0.634073 0.916800 0.634073 0.919600 0.636473 0.923600 0.643071 0.926800 0.651470 0.925600 0.654469 0.922400 0.654469 0.917600 0.652669 0.914400 0.646071 0.912400
0 0.713857 0.893600 0.708458 0.892800 0.698860 0.893200 0.685063 0.896000 0.676665 0.902000 0.670666 0.910000 0.667666 0.915600 0.667666 0.924000 0.669466 0.929600 0.674865 0.935200 0.682064 0.938800 0.685663 0.939600 0.704259 0.939200 0.713857 0.940000 0.719856 0.938400 0.723455 0.935600 0.724655 0.932400 0.722855 0.920000 0.724055 0.902800 0.721056 0.897200
0 0.012597 0.921200 0.008398 0.920800 0.000000 0.924000 0.000000 0.936400 0.003599 0.937200 0.008998 0.936800 0.012597 0.935600 0.016797 0.932400 0.018596 0.929200 0.018596 0.925200
0 0.071386 0.920800 0.069586 0.922800 0.069586 0.926400 0.074985 0.932400 0.082184 0.934400 0.088782 0.932800 0.092382 0.930400 0.093581 0.928400 0.092382 0.922800 0.081584 0.919600
0 0.114577 0.978000 0.110378 0.980400 0.109178 0.990000 0.112777 0.994400 0.119976 0.994800 0.127774 0.989600 0.128974 0.982400 0.126575 0.979600
0 0.262148 0.974800 0.256149 0.974000 0.251950 0.974800 0.248350 0.976800 0.246551 0.979600 0.247151 0.984800 0.251350 0.987200 0.256749 0.987200 0.261548 0.986000 0.263947 0.984400 0.265147 0.979200
0 0.280144 0.952400 0.275945 0.954800 0.274145 0.958000 0.273545 0.964000 0.274745 0.967600 0.280144 0.973600 0.295141 0.974400 0.300540 0.972000 0.307139 0.966400 0.311338 0.959600 0.311338 0.955200 0.308938 0.952800 0.304739 0.952000
0 0.246551 0.908000 0.247750 0.912000 0.251350 0.915600 0.254949 0.917600 0.262747 0.919200 0.269346 0.919200 0.276545 0.916000 0.280144 0.911600 0.279544 0.908800 0.276545 0.906800 0.265147 0.906400 0.257349 0.904400 0.250750 0.904800
0 0.334133 0.973600 0.335933 0.977200 0.348530 0.984800 0.354529 0.986400 0.365327 0.984800 0.370726 0.982000 0.373125 0.978400 0.373125 0.973600 0.366527 0.971600 0.359928 0.972800 0.352729 0.972800 0.342531 0.970400 0.337133 0.970400
0 0.378524 0.916400 0.372525 0.918000 0.371326 0.924800 0.373125 0.928800 0.376125 0.931600 0.381524 0.932400 0.387522 0.929600 0.389922 0.921600 0.388122 0.917600
0 0.422316 0.906000 0.414517 0.906000 0.403719 0.908000 0.398320 0.910000 0.392322 0.914800 0.389322 0.926400 0.390522 0.932400 0.395921 0.938400 0.407918 0.944000 0.421716 0.944000 0.433113 0.940800 0.439112 0.936400 0.443311 0.929600 0.443911 0.922000 0.440312 0.914400 0.433113 0.909200
0 0.562088 0.993200 0.561488 1.000000 0.580084 1.000000 0.581884 0.993600 0.579484 0.991200 0.570486 0.990800
0 0.737253 0.848800 0.733653 0.851600 0.733653 0.856800 0.738452 0.862800 0.750450 0.870400 0.757648 0.870800 0.762448 0.870000 0.767247 0.866800 0.770846 0.860400 0.770246 0.856000 0.766647 0.854400 0.750450 0.851200 0.742052 0.848000
0 0.682400 0.852696 0.696335 0.852696 0.707732 0.852136 0.716173 0.851008 0.715753 0.857764 0.706041 0.862268 0.698446 0.863676 0.687469 0.863676 0.682400 0.861144 0.679442 0.857484 0.679022 0.855512
0 0.661068 0.876800 0.659868 0.879600 0.661068 0.887600 0.665267 0.894000 0.668266 0.896000 0.677864 0.898400 0.682663 0.897600 0.686263 0.894800 0.685663 0.890400 0.682663 0.886400 0.666467 0.876800
0 0.612478 0.834800 0.611278 0.838800 0.619076 0.844000 0.631074 0.844000 0.636473 0.840400 0.636473 0.836800 0.633473 0.834800 0.626275 0.834000
0 0.596281 0.823600 0.593281 0.827200 0.590282 0.842000 0.589082 0.860400 0.587283 0.868800 0.588482 0.874400 0.595081 0.880800 0.611878 0.888400 0.615477 0.889200 0.635873 0.900000 0.639472 0.900800 0.652070 0.900800 0.656269 0.898000 0.655069 0.892000 0.642472 0.880800 0.622076 0.858000 0.614877 0.847200 0.613677 0.843200 0.610678 0.840000 0.603479 0.826000 0.600480 0.823600
0 0.562687 0.822800 0.551290 0.826000 0.548890 0.827600 0.548290 0.834800 0.550090 0.838800 0.556689 0.844000 0.561488 0.846400 0.571086 0.847200 0.575285 0.843600 0.578884 0.838400 0.579484 0.830000 0.577085 0.826400 0.572286 0.823600
0 0.553689 0.856000 0.548290 0.859200 0.548290 0.866400 0.564487 0.880800 0.572286 0.881200 0.575285 0.880400 0.583083 0.876000 0.586083 0.870400 0.585483 0.866000 0.583083 0.864800 0.575285 0.865200 0.571086 0.864000 0.560888 0.855600
0 0.469706 0.827200 0.470306 0.837600 0.467906 0.845200 0.468506 0.848400 0.475105 0.854000 0.476905 0.863200 0.480504 0.868000 0.487103 0.870400 0.501500 0.870800 0.510498 0.874000 0.515297 0.876800 0.519496 0.876800 0.530294 0.868800 0.544691 0.864800 0.545891 0.857200 0.541692 0.845200 0.533293 0.836800 0.519496 0.828000 0.509298 0.824400 0.473305 0.824800
0 0.449310 0.841600 0.448110 0.842800 0.448710 0.850000 0.453509 0.856400 0.460108 0.860800 0.466707 0.863200 0.472705 0.863600 0.472106 0.857600 0.459508 0.847600
0 0.448110 0.824400 0.444511 0.826800 0.443311 0.830000 0.443911 0.834800 0.447510 0.840000 0.455909 0.844800 0.462507 0.845200 0.466107 0.844400 0.468506 0.842400 0.470306 0.836000 0.466107 0.828000 0.457109 0.824000 0.452909 0.823600
0 0.419316 0.840800 0.420516 0.845200 0.425315 0.848000 0.431314 0.849600 0.439712 0.847200 0.446311 0.842400 0.445711 0.838800 0.442711 0.837200 0.421716 0.837600
0 0.417516 0.852000 0.412118 0.852000 0.405519 0.858400 0.401920 0.860000 0.395921 0.861200 0.386923 0.860000 0.385123 0.861200 0.384523 0.866400 0.386323 0.870400 0.392322 0.875200 0.398920 0.877200 0.405519 0.877600 0.409118 0.876000 0.422316 0.866000 0.424715 0.863200 0.424715 0.858000 0.423515 0.856000
0 0.422316 0.827200 0.416917 0.826400 0.410318 0.829600 0.404319 0.831200 0.400720 0.831200 0.395321 0.833600 0.395921 0.842400 0.397121 0.844800 0.400720 0.847200 0.404919 0.847200 0.409118 0.845600 0.413917 0.840800 0.418116 0.838800 0.423515 0.832000
0 0.338332 0.811200 0.336533 0.814000 0.337133 0.820000 0.346131 0.831600 0.348530 0.842400 0.347930 0.852000 0.345531 0.856400 0.334733 0.865200 0.334733 0.867200 0.337133 0.868800 0.351530 0.867200 0.355129 0.863200 0.364727 0.856800 0.371926 0.846400 0.372525 0.835200 0.370726 0.832400 0.366527 0.830400 0.359928 0.829200 0.352130 0.824400 0.344931 0.818800 0.342531 0.814400
0 0.308938 0.820400 0.299940 0.823600 0.296341 0.829200 0.295741 0.836000 0.299940 0.843200 0.302340 0.852400 0.304739 0.874800 0.306539 0.877200 0.312537 0.881200 0.321536 0.882000 0.327534 0.880400 0.332334 0.874800 0.332933 0.865600 0.331134 0.849200 0.334733 0.835600 0.334133 0.828000 0.332334 0.824800 0.324535 0.821200 0.320336 0.820400
0 0.247936 0.846700 0.251632 0.840364 0.263947 0.838252 0.274151 0.834968 0.278374 0.832740 0.278374 0.839308 0.274679 0.846116 0.269754 0.850104 0.265357 0.853156 0.260606 0.853976 0.256029 0.854092 0.251980 0.852332 0.247409 0.849284
0 0.172166 0.842000 0.164367 0.842400 0.158968 0.845200 0.157768 0.849600 0.161368 0.854000 0.168566 0.855200 0.172166 0.854400 0.175765 0.852000 0.176965 0.850000 0.176365 0.845200
0 0.170966 0.816800 0.169766 0.819200 0.170366 0.825200 0.177564 0.838400 0.182963 0.843600 0.190162 0.846000 0.202759 0.847600 0.211158 0.850000 0.220756 0.848800 0.223755 0.846000 0.223155 0.841600 0.217157 0.836400 0.214157 0.835200 0.208758 0.835200 0.198560 0.832800 0.195561 0.830000 0.194361 0.824400 0.182364 0.816400 0.174565 0.815600
0 0.149970 0.827200 0.143371 0.826000 0.133173 0.826000 0.123575 0.828800 0.117576 0.833600 0.114577 0.838000 0.114577 0.846000 0.119376 0.852400 0.125375 0.856400 0.128974 0.857200 0.137972 0.856800 0.143971 0.854400 0.150570 0.849200 0.155969 0.840400 0.155969 0.834000 0.152969 0.828800
0 0.061494 0.834136 0.068578 0.834500 0.076755 0.834500 0.082208 0.832864 0.088476 0.829776 0.092022 0.827776 0.098836 0.831232 0.100198 0.834140 0.101290 0.840316 0.100468 0.843588 0.096929 0.844316 0.084937 0.844316 0.077846 0.845588 0.069946 0.846860 0.065855 0.848676 0.061764 0.845768 0.059586 0.841772 0.059310 0.838500
0 0.000000 0.810400 0.000000 0.903600 0.006599 0.903600 0.016797 0.902400 0.026995 0.898400 0.037792 0.892000 0.043191 0.890000 0.049790 0.884000 0.050990 0.879200 0.040792 0.866800 0.038992 0.862800 0.038992 0.858800 0.043791 0.852800 0.046191 0.847600 0.051590 0.842000 0.052190 0.836800 0.044991 0.827600 0.026395 0.815200 0.019196 0.813200 0.015597 0.813200 0.008398 0.810800
0 0.884109 0.826868 0.899802 0.826432 0.918110 0.831664 0.938386 0.834280 0.962579 0.829920 0.986125 0.819456 0.999202 0.815964 0.999202 0.876140 0.999202 0.880940 0.986779 0.883556 0.978278 0.883556 0.967810 0.883556 0.958002 0.883120 0.941002 0.880940 0.919418 0.876140 0.905033 0.873524 0.882801 0.865240 0.876257 0.858264 0.871026 0.855212 0.872987 0.843000 0.871680 0.829048
0 0.846431 0.810400 0.842232 0.804400 0.839832 0.803200 0.834433 0.803200 0.820636 0.808000 0.813437 0.809600 0.806839 0.809600 0.805039 0.814800 0.806839 0.817600 0.809838 0.819200 0.819436 0.819600 0.844631 0.814000
0 0.806839 0.763200 0.806239 0.766400 0.808638 0.769200 0.806239 0.771600 0.808638 0.784000 0.807439 0.796000 0.803239 0.801200 0.793041 0.806400 0.781644 0.814000 0.779844 0.820000 0.775045 0.826000 0.773845 0.829600 0.775045 0.842400 0.777445 0.845200 0.778644 0.849600 0.788842 0.859600 0.803239 0.864800 0.817037 0.868800 0.827235 0.870400 0.830234 0.872000 0.834433 0.872800 0.842831 0.872400 0.853029 0.870000 0.860828 0.865600 0.866227 0.861600 0.870426 0.854000 0.872226 0.848400 0.872226 0.832400 0.867427 0.813200 0.865027 0.809200 0.858428 0.803200 0.856629 0.796800 0.854229 0.794400 0.851230 0.786400 0.838632 0.775200 0.819436 0.765200 0.814637 0.765200 0.811638 0.763600
0 0.687463 0.801200 0.685063 0.803200 0.686263 0.807200 0.694061 0.811200 0.708458 0.815200 0.714457 0.820000 0.718656 0.827200 0.718656 0.842000 0.722855 0.843600 0.728254 0.842400 0.731854 0.839200 0.736053 0.828000 0.736053 0.815600 0.733653 0.810000 0.726455 0.806000 0.693461 0.800800
0 0.667067 0.808000 0.650870 0.812800 0.639472 0.830400 0.637672 0.834800 0.637672 0.842800 0.640072 0.849200 0.649670 0.857200 0.664067 0.863600 0.673665 0.864800 0.676065 0.862400 0.673665 0.859600 0.664067 0.853200 0.660468 0.844000 0.662268 0.828000 0.664667 0.823200 0.669466 0.818800 0.672466 0.811200 0.668866 0.808000
0 0.616077 0.785600 0.607079 0.788000 0.599880 0.792000 0.592681 0.800000 0.592082 0.804800 0.595081 0.814800 0.598680 0.819600 0.611278 0.826800 0.616077 0.828400 0.624475 0.829200 0.630474 0.828000 0.644271 0.820400 0.649670 0.812800 0.649670 0.804400 0.648470 0.799600 0.644871 0.794000 0.637073 0.788400
0 0.515297 0.783200 0.513497 0.784800 0.509298 0.796800 0.509898 0.801600 0.511098 0.802400 0.519496 0.802000 0.523095 0.800400 0.535093 0.798800 0.537493 0.796800 0.533293 0.791600 0.526695 0.790400 0.519496 0.784400
0 0.475357 0.806076 0.485069 0.806360 0.497313 0.809736 0.504067 0.810020 0.514199 0.806924 0.523485 0.804388 0.530240 0.806360 0.531506 0.811988 0.530666 0.815368 0.528128 0.819308 0.524751 0.820436 0.514619 0.821280 0.495621 0.821280 0.480000 0.821000 0.472400 0.820436 0.471134 0.819872 0.467756 0.815088 0.467756 0.811988 0.469868 0.808048
0 0.443659 0.796352 0.473371 0.791264 0.476917 0.793264 0.476917 0.796536 0.459196 0.802712 0.454565 0.803260 0.446935 0.804168
0 0.382250 0.774816 0.395753 0.776520 0.410348 0.774332 0.415459 0.780168 0.407067 0.786008 0.399040 0.788444 0.393563 0.787956 0.378236 0.779440 0.378236 0.777492
0 0.372525 0.760800 0.364127 0.763200 0.356329 0.767200 0.352729 0.767600 0.346731 0.772000 0.342531 0.777600 0.336533 0.791200 0.336533 0.798800 0.338332 0.806800 0.347930 0.820400 0.354529 0.825200 0.362927 0.829200 0.380324 0.832800 0.393521 0.832800 0.403719 0.831200 0.421116 0.825200 0.424715 0.821200 0.437912 0.811600 0.442112 0.798800 0.440312 0.786800 0.435513 0.778800 0.428314 0.772400 0.418716 0.766800 0.403119 0.763600 0.391722 0.760000
0 0.331734 0.807200 0.323335 0.805600 0.312537 0.806000 0.304739 0.807600 0.296941 0.810800 0.286143 0.810400 0.281944 0.812800 0.278944 0.819200 0.278944 0.828800 0.281944 0.839600 0.286743 0.846000 0.290342 0.847200 0.292741 0.845200 0.294541 0.831200 0.299940 0.823200 0.314937 0.816800 0.323335 0.815200 0.329934 0.812800 0.332334 0.810800
0 0.304139 0.789200 0.295741 0.789200 0.278344 0.792400 0.278944 0.797200 0.287343 0.806000 0.289742 0.806800 0.293941 0.806400 0.304739 0.798400 0.307738 0.793200
0 0.260348 0.788000 0.240552 0.788000 0.236953 0.790000 0.236353 0.794000 0.240552 0.798000 0.246551 0.801200 0.256149 0.801200 0.263347 0.797600 0.263947 0.792400
0 0.196161 0.807200 0.196761 0.811200 0.209958 0.815600 0.226755 0.814000 0.234553 0.811200 0.236353 0.808400 0.236353 0.806800 0.234553 0.805600 0.221956 0.804400 0.206959 0.804400 0.203359 0.805600 0.198560 0.805600
0 0.196161 0.788800 0.191962 0.788800 0.178764 0.792000 0.172765 0.796400 0.172166 0.800800 0.173365 0.802400 0.184163 0.806000 0.192561 0.805200 0.196761 0.802400 0.199760 0.796800 0.199760 0.792400
0 0.254349 0.765200 0.244751 0.762400 0.237552 0.762800 0.233353 0.764800 0.230354 0.768800 0.229754 0.772400 0.225555 0.780400 0.221356 0.783600 0.214157 0.786800 0.209958 0.790400 0.208758 0.793200 0.209358 0.795600 0.212957 0.799200 0.219556 0.801200 0.227954 0.800000 0.233953 0.791600 0.252549 0.778800 0.256749 0.771200 0.256749 0.768000
0 0.198560 0.763200 0.198560 0.770000 0.206359 0.774800 0.217157 0.775600 0.227954 0.770400 0.228554 0.764800 0.224955 0.761600 0.221956 0.762000 0.220756 0.763200 0.218356 0.760800 0.214157 0.759200 0.209358 0.759600 0.205759 0.758800 0.200960 0.760400
0 0.152370 0.771200 0.140372 0.770400 0.133173 0.771600 0.130174 0.771200 0.126575 0.772800 0.124175 0.772800 0.115777 0.778000 0.109778 0.788800 0.110378 0.803200 0.116377 0.808800 0.125975 0.812800 0.129574 0.813600 0.141572 0.813600 0.151170 0.811600 0.163167 0.804800 0.169766 0.798000 0.171566 0.791200 0.169766 0.782400 0.161968 0.775200
0 0.123575 0.754000 0.118776 0.754800 0.106179 0.760400 0.088182 0.765600 0.084583 0.768000 0.083983 0.769600 0.086983 0.776000 0.094181 0.781600 0.100780 0.782400 0.113377 0.778400 0.116977 0.774800 0.127175 0.768400 0.130174 0.765600 0.131374 0.761600 0.130174 0.758400
0 0.107978 0.793200 0.103779 0.790000 0.088782 0.785600 0.078584 0.786000 0.074385 0.787200 0.061788 0.788400 0.046791 0.793200 0.041392 0.796800 0.040792 0.801200 0.045591 0.807200 0.056989 0.814000 0.061788 0.815600 0.076185 0.817200 0.085183 0.815200 0.095381 0.811600 0.103179 0.807200 0.106779 0.803600
0 0.027594 0.792800 0.022795 0.792800 0.017996 0.794400 0.013797 0.799200 0.014997 0.804400 0.018596 0.808000 0.026995 0.808000 0.032993 0.803200 0.034193 0.796400 0.030594 0.793600
0 0.973605 0.773200 0.970606 0.775600 0.970606 0.780000 0.976605 0.790400 0.982603 0.794800 0.988602 0.797200 0.996401 0.797600 1.000000 0.796800 1.000000 0.782400 0.991002 0.780000 0.977804 0.773200
0 0.895021 0.789200 0.891422 0.785600 0.887822 0.785200 0.880024 0.789600 0.877624 0.789200 0.872825 0.786000 0.865627 0.786000 0.862627 0.787200 0.861428 0.791200 0.862627 0.793600 0.869226 0.798400 0.874025 0.800400 0.877624 0.800800 0.893221 0.795200 0.895021 0.792800
0 0.874025 0.764000 0.866227 0.765600 0.859028 0.770400 0.856029 0.770400 0.851830 0.772000 0.847630 0.775200 0.847630 0.780000 0.849430 0.782800 0.858428 0.788400 0.866827 0.786400 0.877025 0.786000 0.879424 0.784000 0.883623 0.776400 0.883623 0.771600 0.881224 0.767600
0 0.907618 0.744000 0.898620 0.750400 0.895021 0.755200 0.897421 0.758400 0.919016 0.773200 0.922016 0.774400 0.929214 0.774400 0.938812 0.769600 0.940012 0.766800 0.939412 0.763600 0.934013 0.759600 0.922016 0.754000
0 0.959808 0.685200 0.952609 0.686800 0.949010 0.689200 0.947211 0.692000 0.946611 0.696800 0.949010 0.701600 0.955009 0.706800 0.955009 0.711600 0.950210 0.719200 0.951410 0.724400 0.958008 0.729200 0.962807 0.730800 0.978404 0.728800 0.988002 0.723200 0.990402 0.718000 0.990402 0.708800 0.988602 0.702000 0.985003 0.696800 0.979004 0.692400 0.977205 0.689600 0.970606 0.686800
0 0.928614 0.712400 0.920216 0.712800 0.908818 0.716800 0.902819 0.725600 0.902220 0.728000 0.907618 0.736800 0.911218 0.739200 0.918416 0.740000 0.932813 0.739200 0.940012 0.733200 0.940612 0.724800 0.935813 0.715600
0 0.867427 0.738800 0.868026 0.744000 0.872825 0.748000 0.879424 0.752000 0.889022 0.754400 0.895021 0.754400 0.905219 0.747200 0.907618 0.742400 0.907019 0.738800 0.904619 0.736800 0.890222 0.738000 0.872825 0.736000 0.869826 0.736400
0 0.772645 0.734000 0.776845 0.736800 0.785243 0.738800 0.790042 0.743200 0.796641 0.745600 0.806839 0.747600 0.814637 0.748000 0.823635 0.750800 0.833833 0.751200 0.842831 0.752800 0.856029 0.752000 0.860228 0.748400 0.865627 0.738000 0.865627 0.730800 0.860228 0.727600 0.852430 0.725200 0.833833 0.725200 0.826035 0.722800 0.809238 0.722400 0.799640 0.724800 0.789442 0.726000 0.778044 0.730000 0.776245 0.732400
0 0.742052 0.772000 0.734253 0.772800 0.730654 0.775600 0.730054 0.780000 0.733053 0.783600 0.737253 0.785600 0.745051 0.785200 0.748650 0.782400 0.749250 0.778400 0.748050 0.775600 0.745051 0.772800
0 0.761848 0.765200 0.758248 0.767600 0.756449 0.771600 0.757049 0.774800 0.760648 0.779600 0.776245 0.790000 0.786443 0.802400 0.789442 0.803600 0.796641 0.802800 0.804439 0.798000 0.805039 0.793200 0.801440 0.789600 0.787642 0.781600 0.783443 0.775200 0.782843 0.771600 0.775045 0.764800 0.772645 0.763600 0.767846 0.763600
0 0.788242 0.744000 0.776245 0.748400 0.771446 0.751200 0.769646 0.754800 0.770846 0.759600 0.773845 0.763600 0.779244 0.767200 0.785243 0.769200 0.800840 0.771600 0.803239 0.770000 0.802639 0.762800 0.807439 0.752400 0.807439 0.749600 0.803839 0.747200
0 0.741452 0.749200 0.735453 0.750800 0.718656 0.762000 0.715057 0.766000 0.702460 0.776000 0.701260 0.778800 0.703659 0.781200 0.712657 0.784000 0.721056 0.784000 0.726455 0.781200 0.733653 0.768400 0.736653 0.766000 0.740252 0.760000 0.742651 0.752400
0 0.747451 0.719600 0.743851 0.718000 0.722256 0.719200 0.719256 0.720400 0.718056 0.724400 0.721056 0.727600 0.726455 0.729600 0.739052 0.730800 0.745651 0.728400 0.748050 0.724800
0 0.726455 0.694000 0.715657 0.693200 0.710858 0.694000 0.706659 0.696000 0.706659 0.703600 0.713257 0.709200 0.717457 0.708400 0.728854 0.700800 0.728854 0.696400
0 0.643671 0.692400 0.637073 0.694800 0.635273 0.701600 0.635873 0.703600 0.644271 0.707600 0.650270 0.704400 0.651470 0.698800 0.648470 0.694400
0 0.625075 0.764800 0.623275 0.763600 0.607678 0.763600 0.598680 0.765200 0.560288 0.764800 0.548890 0.767200 0.526695 0.767600 0.523095 0.769200 0.526695 0.779200 0.541692 0.797200 0.548890 0.802400 0.553089 0.803600 0.559088 0.803600 0.580084 0.801600 0.592082 0.798800 0.611278 0.780400 0.618476 0.771600 0.624475 0.767200
0 0.617277 0.709200 0.615477 0.710000 0.614877 0.714000 0.618476 0.726400 0.618476 0.734400 0.613677 0.742000 0.609478 0.744800 0.610078 0.748000 0.599280 0.756400 0.592082 0.757600 0.590882 0.762400 0.593881 0.764800 0.599880 0.764800 0.607079 0.763200 0.614877 0.757600 0.625675 0.745200 0.628674 0.736400 0.628674 0.726400 0.627475 0.721600 0.622675 0.712800 0.620276 0.710000
0 0.583083 0.688000 0.581284 0.688800 0.579484 0.692000 0.576485 0.710800 0.577684 0.712000 0.581284 0.712800 0.596881 0.712400 0.601080 0.710400 0.602879 0.707200 0.599280 0.695200 0.595681 0.689200 0.592681 0.687600
0 0.556089 0.693200 0.550090 0.696000 0.550090 0.703600 0.554889 0.706000 0.561488 0.706000 0.566287 0.703200 0.567487 0.700400 0.566887 0.697200 0.563287 0.694000
0 0.560288 0.713600 0.563287 0.718000 0.577684 0.722800 0.591482 0.722400 0.596881 0.720800 0.598080 0.719200 0.598080 0.716400 0.596281 0.715200 0.578884 0.712400 0.563887 0.712400
0 0.599280 0.721200 0.584883 0.724400 0.581884 0.728400 0.583083 0.738400 0.586083 0.742800 0.591482 0.746800 0.593881 0.747200 0.601680 0.746800 0.607079 0.742800 0.609478 0.738000 0.609478 0.730800 0.607678 0.726800 0.604679 0.723600
0 0.581884 0.740400 0.580084 0.741600 0.577684 0.747200 0.570486 0.746400 0.566887 0.748000 0.564487 0.750800 0.562687 0.749200 0.560288 0.748800 0.556689 0.751600 0.558488 0.753200 0.561488 0.760400 0.567487 0.763200 0.577684 0.763600 0.586083 0.762400 0.589682 0.760800 0.591482 0.756400 0.589682 0.746000 0.585483 0.742000
0 0.530894 0.754800 0.530294 0.758800 0.537493 0.763200 0.542292 0.764400 0.550090 0.764000 0.559688 0.759200 0.559088 0.754400 0.554289 0.752000 0.543491 0.752400 0.539892 0.750800 0.532693 0.753200
0 0.419886 0.730172 0.452424 0.729164 0.512957 0.696876 0.519010 0.695360 0.551542 0.711000 0.565165 0.734208 0.538680 0.749344 0.516737 0.769528 0.509928 0.790212 0.495555 0.792232 0.474367 0.791728 0.456209 0.787184 0.438050 0.778104 0.428968 0.770536 0.416107 0.752372
0 0.449910 0.716000 0.444511 0.712800 0.439112 0.712800 0.435513 0.714400 0.421116 0.714000 0.418116 0.716400 0.418116 0.721600 0.419916 0.724400 0.431914 0.728800 0.436713 0.728800 0.448110 0.724000 0.449910 0.721600
0 0.415117 0.712000 0.404319 0.713200 0.397720 0.715600 0.394121 0.715200 0.389922 0.719200 0.390522 0.724400 0.407319 0.734000 0.410918 0.734800 0.413917 0.732800 0.416917 0.724800 0.417516 0.715200
0 0.386923 0.710000 0.379724 0.718000 0.377924 0.726800 0.379124 0.738400 0.382723 0.746000 0.389922 0.756000 0.396521 0.760000 0.406119 0.763600 0.411518 0.764800 0.416317 0.764400 0.418116 0.762400 0.416317 0.758800 0.408518 0.753200 0.400120 0.751200 0.397121 0.748800 0.392921 0.742400 0.389322 0.730800 0.389922 0.712400
0 0.286785 0.720384 0.378992 0.719076 0.375069 0.724744 0.337792 0.781868 0.333869 0.783612 0.288092 0.729104 0.285477 0.723872
0 0.283743 0.721600 0.281944 0.720000 0.277744 0.718800 0.258548 0.720000 0.255549 0.718400 0.250150 0.718400 0.241752 0.720400 0.230354 0.720800 0.224355 0.719600 0.220756 0.720800 0.214757 0.718800 0.199160 0.720000 0.191962 0.721600 0.187163 0.724000 0.185363 0.727200 0.185963 0.737600 0.188962 0.742400 0.194961 0.743600 0.241152 0.742400 0.260348 0.743200 0.265747 0.742000 0.276545 0.742800 0.280144 0.742000 0.284943 0.737200 0.284943 0.726000
0 0.178764 0.748000 0.173365 0.750800 0.173365 0.756400 0.178764 0.760400 0.185963 0.760800 0.190162 0.757600 0.190162 0.750800 0.184763 0.747600
0 0.011998 0.745200 0.007199 0.749600 0.007199 0.756400 0.010798 0.759200 0.014997 0.760400 0.019196 0.760400 0.025795 0.756000 0.025795 0.751200 0.019196 0.746400 0.014997 0.746400
0 0.649070 0.658000 0.644271 0.659600 0.640072 0.663200 0.635873 0.664800 0.635873 0.668800 0.641872 0.675600 0.647271 0.679600 0.658068 0.679600 0.665867 0.676000 0.668266 0.672400 0.668266 0.667600 0.665267 0.665200 0.653269 0.660800 0.651470 0.658000
0 0.608878 0.675200 0.605279 0.676000 0.602879 0.678000 0.605279 0.688400 0.609478 0.696000 0.612478 0.705200 0.617277 0.705600 0.644271 0.686800 0.644871 0.682400 0.643071 0.680800 0.629874 0.679200 0.626875 0.677600 0.616077 0.678800
0 0.478704 0.688800 0.479904 0.692800 0.489502 0.696800 0.499700 0.696800 0.509298 0.695200 0.512298 0.693200 0.511098 0.689200 0.498500 0.687600 0.492501 0.685600 0.483503 0.686000
0 0.485303 0.654400 0.486503 0.658000 0.489502 0.660400 0.502100 0.664400 0.512298 0.664400 0.523095 0.660800 0.525495 0.658800 0.525495 0.656000 0.523695 0.653200 0.512298 0.648000 0.505099 0.647600 0.503299 0.649200 0.496701 0.651200 0.488302 0.652000
0 0.513497 0.665600 0.510498 0.668000 0.511698 0.674800 0.524295 0.684000 0.529694 0.690800 0.532094 0.691600 0.541692 0.691200 0.551290 0.687200 0.551290 0.682000 0.546491 0.680000 0.541092 0.679200 0.538692 0.677600 0.536893 0.674800 0.535693 0.666000 0.532693 0.663600 0.524895 0.662800
0 0.545891 0.661600 0.546491 0.665200 0.559688 0.672800 0.571686 0.672000 0.576485 0.668400 0.572286 0.664800 0.564487 0.663600 0.554889 0.659600 0.549490 0.659600
0 0.619076 0.652800 0.615477 0.651600 0.595681 0.656800 0.587882 0.660400 0.577085 0.669200 0.574085 0.675200 0.574085 0.680400 0.577684 0.684000 0.585483 0.682800 0.590882 0.678000 0.597481 0.674400 0.599880 0.670800 0.606479 0.666800 0.613677 0.666400 0.623875 0.661200 0.625075 0.657600
0 0.623275 0.643600 0.618476 0.647600 0.617876 0.651600 0.626875 0.659200 0.632274 0.661200 0.637672 0.661600 0.640072 0.658800 0.637672 0.652800 0.628074 0.643600
0 0.676065 0.633600 0.668266 0.634000 0.664667 0.632800 0.655069 0.635600 0.643071 0.642400 0.639472 0.646800 0.640072 0.650000 0.645471 0.650400 0.657469 0.648800 0.661668 0.646000 0.668866 0.643600 0.677864 0.637200
0 0.639472 0.629600 0.640072 0.634000 0.647870 0.633200 0.655069 0.634000 0.664067 0.632800 0.675465 0.633600 0.677265 0.632000 0.677265 0.626800 0.671266 0.624400 0.654469 0.624400 0.649070 0.625600
0 0.506299 0.625600 0.497900 0.633600 0.498500 0.638000 0.504499 0.640000 0.508698 0.639600 0.517097 0.641200 0.526095 0.640800 0.526695 0.636000 0.520096 0.623200 0.511698 0.623200
0 0.448110 0.623200 0.448110 0.627200 0.460108 0.633600 0.471506 0.636800 0.476905 0.640800 0.497301 0.648000 0.502100 0.648000 0.503299 0.647200 0.503299 0.642400 0.490702 0.633200 0.484703 0.631600 0.470906 0.625200 0.461308 0.622800 0.449310 0.622400
0 0.436713 0.640400 0.438512 0.644800 0.443911 0.648000 0.460108 0.647200 0.469706 0.645600 0.472705 0.644400 0.475105 0.640800 0.470906 0.637600 0.464907 0.636400 0.457109 0.633200 0.454109 0.634000 0.448710 0.633200 0.446911 0.634800 0.442711 0.635200
0 0.445111 0.626400 0.443311 0.624800 0.435513 0.625600 0.430114 0.628800 0.428314 0.631200 0.425915 0.631600 0.422316 0.634000 0.410318 0.636400 0.395921 0.640800 0.402519 0.645200 0.409118 0.646800 0.419316 0.646800 0.428314 0.642800 0.435513 0.642400 0.437912 0.637600 0.445111 0.630800
0 0.412717 0.626400 0.410918 0.624000 0.402519 0.622800 0.383923 0.624000 0.376725 0.623600 0.368326 0.626400 0.366527 0.631600 0.368326 0.634800 0.376125 0.639200 0.384523 0.639200 0.398320 0.641200 0.399520 0.640800 0.400720 0.636800 0.404919 0.638000 0.409118 0.634800 0.412118 0.630800
0 0.358728 0.636800 0.356929 0.642400 0.358728 0.648400 0.364727 0.652800 0.370726 0.653200 0.373125 0.652400 0.377924 0.648800 0.378524 0.642800 0.373725 0.638800 0.363527 0.636400
0 0.498500 0.664800 0.486503 0.662000 0.478104 0.662800 0.475105 0.665200 0.473905 0.672000 0.471506 0.676400 0.458308 0.681600 0.457708 0.686000 0.469706 0.690000 0.477504 0.689600 0.484703 0.683600 0.491302 0.681600 0.491902 0.678800 0.499100 0.673200 0.500900 0.667600
0 0.424715 0.686800 0.430114 0.688400 0.433713 0.692000 0.436113 0.696800 0.438512 0.708800 0.436713 0.712400 0.433113 0.714000 0.418116 0.714000 0.413917 0.710400 0.415717 0.694400 0.420516 0.688800
0 0.396521 0.653200 0.394721 0.654800 0.394121 0.658400 0.398920 0.662800 0.405519 0.666400 0.407918 0.669200 0.410918 0.668400 0.415717 0.672000 0.417516 0.675600 0.419916 0.676000 0.423515 0.678400 0.431314 0.686000 0.435513 0.685200 0.439112 0.682400 0.439712 0.676400 0.433713 0.664000 0.420516 0.657200 0.409718 0.653600 0.403119 0.652400
0 0.420516 0.685600 0.418716 0.682800 0.414517 0.681600 0.405519 0.682800 0.380324 0.682800 0.374925 0.683600 0.372525 0.686000 0.374925 0.689200 0.379124 0.691200 0.395321 0.692400 0.406119 0.691600 0.417516 0.688800
0 0.373125 0.692400 0.369526 0.692800 0.368326 0.695200 0.358728 0.701600 0.356329 0.706000 0.358128 0.711600 0.365927 0.716000 0.373725 0.716000 0.379724 0.714000 0.384523 0.710400 0.386323 0.706000 0.389322 0.703600 0.386923 0.699200 0.380324 0.694800 0.376725 0.695200
0 0.359328 0.656400 0.352130 0.662000 0.346731 0.671200 0.346131 0.676800 0.347930 0.681200 0.352729 0.682000 0.373725 0.680400 0.376125 0.681200 0.388122 0.681600 0.390522 0.679200 0.390522 0.675200 0.387522 0.667600 0.385123 0.664800 0.371926 0.656000 0.365927 0.654400
0 0.331734 0.678000 0.326335 0.682000 0.326335 0.688000 0.331134 0.690800 0.338932 0.690800 0.344331 0.686800 0.343731 0.681200 0.338332 0.677600
0 0.304139 0.674000 0.299940 0.674800 0.295741 0.678400 0.290942 0.685600 0.283743 0.690800 0.272346 0.696400 0.268146 0.696000 0.266947 0.699600 0.282543 0.707200 0.287942 0.706800 0.289742 0.704400 0.293941 0.702000 0.295141 0.699600 0.302939 0.694800 0.313737 0.691200 0.317936 0.690800 0.320336 0.688400 0.320936 0.684800 0.318536 0.681600
0 0.325135 0.632400 0.321536 0.634800 0.315537 0.634400 0.309538 0.636000 0.308338 0.638000 0.310138 0.647600 0.309538 0.654800 0.304739 0.661600 0.298140 0.664800 0.299940 0.668800 0.305939 0.672800 0.310138 0.674400 0.314337 0.674400 0.320936 0.676000 0.331134 0.675200 0.341932 0.672400 0.346731 0.669200 0.347930 0.666400 0.347331 0.663600 0.341932 0.661600 0.338332 0.658000 0.337732 0.649200 0.340132 0.644000 0.340132 0.639600 0.337133 0.636800
0 0.274745 0.677600 0.272945 0.675200 0.259748 0.676400 0.254349 0.675600 0.231554 0.679200 0.226155 0.681200 0.224355 0.685600 0.224955 0.687600 0.227954 0.689600 0.254949 0.686400 0.262747 0.684000 0.269946 0.683200 0.274145 0.680400
0 0.212957 0.687600 0.210558 0.694800 0.211158 0.700000 0.216557 0.703200 0.222555 0.704400 0.230954 0.710800 0.235153 0.712000 0.251950 0.711200 0.257349 0.707200 0.259748 0.702800 0.256749 0.699600 0.254349 0.699200 0.245951 0.701200 0.241152 0.701200 0.236353 0.699200 0.224355 0.686800 0.216557 0.686400
0 0.109778 0.729200 0.106179 0.728000 0.098380 0.727600 0.085783 0.730000 0.073785 0.730400 0.068386 0.734000 0.068386 0.738000 0.074385 0.744000 0.080384 0.746000 0.084583 0.746000 0.095981 0.740400 0.102579 0.738800 0.110378 0.732400
0 0.194961 0.716800 0.191362 0.713600 0.187762 0.712800 0.164367 0.712000 0.157169 0.713200 0.120576 0.723200 0.112777 0.727600 0.112178 0.731200 0.115777 0.733200 0.122975 0.732800 0.130174 0.734400 0.146371 0.734800 0.158368 0.733600 0.167966 0.731200 0.178164 0.726400 0.184763 0.724400 0.193161 0.719600
0 0.151170 0.627200 0.149970 0.630000 0.150570 0.633600 0.155369 0.641600 0.157768 0.648800 0.160768 0.652000 0.164967 0.651600 0.170966 0.648800 0.182963 0.640800 0.186563 0.635600 0.186563 0.633200 0.181164 0.630000 0.177564 0.629200 0.160168 0.628000 0.154769 0.626800
0 0.197361 0.637600 0.190162 0.638000 0.182364 0.640800 0.173365 0.646800 0.171566 0.650400 0.173365 0.657600 0.178164 0.663600 0.181764 0.666000 0.191962 0.668800 0.195561 0.667600 0.203959 0.667600 0.209358 0.665600 0.214757 0.662400 0.217756 0.659200 0.219556 0.653200 0.218956 0.647200 0.215357 0.643200 0.206959 0.639600
0 0.206959 0.666800 0.201560 0.669200 0.197960 0.675600 0.197361 0.682800 0.199160 0.685200 0.210558 0.684400 0.213557 0.677600 0.212358 0.671200
0 0.175165 0.695600 0.172166 0.697600 0.169766 0.702800 0.169766 0.707600 0.170966 0.709200 0.189562 0.709600 0.190762 0.708400 0.190762 0.704800 0.188962 0.701600 0.179364 0.695200
0 0.152969 0.671200 0.154169 0.675200 0.161968 0.678800 0.170966 0.680000 0.189562 0.680000 0.192561 0.678800 0.191962 0.675200 0.188962 0.673600 0.186563 0.673600 0.179364 0.668800 0.164367 0.668000 0.155969 0.669200
0 0.149970 0.650800 0.148170 0.648000 0.144571 0.646000 0.125375 0.644400 0.119976 0.645600 0.112777 0.649200 0.108578 0.648800 0.105579 0.649600 0.100180 0.652800 0.098980 0.656000 0.100780 0.658800 0.112777 0.662400 0.129574 0.662400 0.141572 0.658400 0.147570 0.654400
0 0.040792 0.659600 0.039592 0.659600 0.037792 0.669200 0.031194 0.678000 0.031194 0.682400 0.032394 0.682800 0.037792 0.681200 0.040792 0.679200 0.044391 0.669600 0.047391 0.665200 0.041992 0.661600
0 0.040192 0.646400 0.032394 0.653600 0.021596 0.671200 0.020396 0.677600 0.022196 0.688000 0.024595 0.688800 0.026995 0.688400 0.032394 0.682400 0.042591 0.662400 0.044391 0.650000 0.043791 0.648400
0 0.038992 0.681200 0.033593 0.682800 0.025795 0.689600 0.020396 0.698400 0.019796 0.703600 0.022196 0.706000 0.034193 0.710400 0.043791 0.711200 0.047990 0.706800 0.050990 0.697200 0.050390 0.689200 0.047391 0.682800 0.043791 0.681200
0 0.107379 0.713200 0.104379 0.710800 0.100780 0.710400 0.085783 0.712800 0.074385 0.716000 0.064787 0.713600 0.056389 0.713600 0.053989 0.714800 0.052789 0.717200 0.054589 0.719200 0.060588 0.722000 0.064787 0.722400 0.067187 0.723600 0.071986 0.723600 0.073185 0.724400 0.082783 0.724000 0.101380 0.718400 0.106179 0.715200
0 0.049790 0.664400 0.049190 0.672400 0.052789 0.676000 0.062388 0.680800 0.067187 0.685200 0.073785 0.686000 0.077385 0.684800 0.080384 0.682800 0.079784 0.676800 0.076185 0.671200 0.071986 0.667600 0.059988 0.664000
0 0.081584 0.640000 0.079184 0.639200 0.073785 0.640000 0.065987 0.645200 0.057588 0.647200 0.052789 0.650000 0.050990 0.653200 0.050990 0.658400 0.053989 0.660800 0.059388 0.662800 0.061788 0.662800 0.068386 0.657600 0.078584 0.658800 0.082783 0.656800 0.084583 0.653600 0.084583 0.646400
