0 0.095359 0.611276 0.091161 0.612472 0.082714 0.612664 0.073715 0.615102 0.068271 0.614627 0.058679 0.617552 0.034634 0.621999 0.031661 0.623987 0.030609 0.630684 0.033183 0.637551 0.043928 0.658367 0.047625 0.661620 0.050046 0.661880 0.053631 0.660288 0.055378 0.657509 0.080792 0.633987 0.087841 0.625517 0.093796 0.621982 0.096717 0.617792 0.096585 0.612066
0 0.876458 0.620063 0.867713 0.639973 0.867176 0.644187 0.873744 0.639985 0.879242 0.630757 0.880314 0.622329
0 0.675204 0.571836 0.671711 0.577392 0.671424 0.591092 0.673283 0.593158 0.680535 0.593498 0.689452 0.587536 0.694835 0.585368 0.696613 0.583911 0.697727 0.579856 0.680056 0.572796
0 0.682977 0.594639 0.678808 0.597157 0.677655 0.599450 0.679053 0.607728 0.683334 0.610055 0.691760 0.608983 0.695315 0.606070 0.695141 0.598582 0.693283 0.596515 0.689023 0.595069
0 0.643783 0.596691 0.636613 0.599875 0.634866 0.602653 0.639942 0.613304 0.639492 0.619956 0.636581 0.624586 0.627112 0.632796 0.625968 0.635529 0.629665 0.638782 0.638807 0.642510 0.642443 0.643120 0.654496 0.642218 0.667673 0.637702 0.673568 0.631524 0.675283 0.627425 0.672219 0.625448 0.666591 0.617045 0.665611 0.600792 0.663120 0.597449 0.655847 0.596229
0 0.704905 0.629178 0.701269 0.628568 0.695875 0.630295 0.690441 0.630261 0.678419 0.632485 0.673056 0.635534 0.670134 0.639723 0.678031 0.641780 0.683465 0.641814 0.695487 0.639590 0.705599 0.633097
0 0.893577 0.616818 0.888766 0.617619 0.881043 0.623051 0.882371 0.628246 0.887876 0.631364 0.894496 0.630427 0.899838 0.626497 0.899716 0.621212
0 0.952127 0.590373 0.948460 0.588441 0.941963 0.594664 0.930645 0.601247 0.924057 0.603505 0.918010 0.603075 0.907663 0.599438 0.904589 0.597020 0.899145 0.596546 0.894395 0.599990 0.896508 0.613068 0.907519 0.619304 0.913607 0.621495 0.919041 0.621530 0.932841 0.617849 0.941758 0.611887 0.949420 0.603812 0.952842 0.595173
0 0.847327 0.600866 0.844365 0.603294 0.842638 0.606953 0.843945 0.611268 0.853669 0.614070 0.855028 0.620586 0.857499 0.623049 0.861145 0.624099 0.870767 0.622497 0.873720 0.619628 0.877745 0.610943 0.879522 0.609487 0.879400 0.604201 0.875834 0.606674 0.871636 0.607871 0.865559 0.606120 0.858174 0.600054 0.853323 0.599094
0 0.817529 0.643690 0.817018 0.647700 0.820684 0.649631 0.832717 0.647848 0.841777 0.648052 0.846639 0.649453 0.859939 0.650222 0.862911 0.648235 0.865129 0.639685 0.854690 0.632084 0.849828 0.630683 0.836569 0.631675 0.831176 0.633403 0.824618 0.636982
0 0.850664 0.666801 0.846353 0.663153 0.837916 0.663784 0.828324 0.666709 0.814464 0.667746 0.810899 0.670219 0.810929 0.671541 0.821235 0.673417 0.836311 0.672729 0.850705 0.668563
0 0.748347 0.628132 0.745415 0.631881 0.745558 0.638048 0.760879 0.647932 0.766916 0.647921 0.773525 0.646544 0.774036 0.642534 0.769665 0.636243 0.756202 0.628426 0.750747 0.627511
0 0.737071 0.610444 0.721484 0.615141 0.719706 0.616598 0.719227 0.621929 0.723720 0.633505 0.725568 0.635132 0.735742 0.631282 0.741074 0.626912 0.741392 0.614533 0.740125 0.611981
0 0.735580 0.598202 0.735029 0.600449 0.741852 0.608322 0.767581 0.624486 0.773036 0.625401 0.791105 0.623607 0.795293 0.621970 0.797040 0.619192 0.795181 0.617125 0.772689 0.610425 0.759880 0.604766 0.750800 0.603681 0.743436 0.598496 0.739789 0.597445
0 0.727052 0.594869 0.719186 0.594134 0.714396 0.595817 0.710841 0.598730 0.705560 0.605303 0.705682 0.610588 0.708144 0.612610 0.712363 0.612294 0.718951 0.610036 0.726091 0.605530 0.730207 0.600810 0.729513 0.596891
0 0.850536 0.556944 0.843957 0.559643 0.839279 0.566170 0.832762 0.571512 0.827982 0.573634 0.829901 0.578344 0.835959 0.579215 0.843783 0.578187 0.850933 0.574122 0.853794 0.567290 0.853008 0.559406
0 0.857104 0.553805 0.855990 0.557859 0.877347 0.593765 0.882311 0.599571 0.887163 0.600531 0.893189 0.600080 0.903915 0.593982 0.911004 0.587274 0.910891 0.582429 0.903579 0.579447 0.886388 0.567056 0.878452 0.563237 0.869841 0.556381 0.861312 0.553049
0 0.876686 0.539102 0.876920 0.549233 0.879412 0.552576 0.883079 0.554508 0.887931 0.555468 0.899371 0.554170 0.905888 0.548829 0.905776 0.543984 0.903906 0.541476 0.899024 0.539195 0.888708 0.536878 0.881476 0.537420
0 0.836206 0.537720 0.838759 0.543706 0.845500 0.548055 0.849147 0.549106 0.854571 0.548700 0.861742 0.545516 0.868881 0.541010 0.870026 0.538277 0.868718 0.533963 0.865665 0.532426 0.862039 0.532256 0.853030 0.534255 0.849985 0.533159 0.841538 0.533350 0.838545 0.534457
0 0.786780 0.488914 0.788721 0.494505 0.793021 0.497713 0.802111 0.499238 0.809344 0.498697 0.817740 0.496303 0.825483 0.491753 0.830805 0.486942 0.831306 0.482492 0.826485 0.482853 0.816933 0.487539 0.799447 0.488407 0.792735 0.485380 0.788497 0.484815
0 0.827280 0.491177 0.821316 0.494271 0.814236 0.501419 0.811989 0.508647 0.813316 0.513843 0.816422 0.517581 0.824378 0.522280 0.829220 0.522800 0.842438 0.520046 0.847810 0.517437 0.850742 0.513688 0.851131 0.504393 0.849211 0.499683 0.846116 0.496385 0.838159 0.491686 0.831530 0.492182
0 0.779904 0.530905 0.776983 0.535094 0.777688 0.539454 0.780179 0.542797 0.789985 0.549123 0.791415 0.558723 0.793866 0.560304 0.801098 0.559763 0.808881 0.556974 0.813029 0.553575 0.816532 0.548459 0.817023 0.543569 0.815767 0.541457 0.804224 0.538350 0.793765 0.529867 0.790129 0.529257
0 0.670989 0.520086 0.674818 0.529065 0.681540 0.532533 0.695901 0.527045 0.701836 0.522630 0.701121 0.517830 0.696229 0.515108 0.690805 0.515514 0.686617 0.517151 0.676341 0.516596 0.673940 0.517217
0 0.670440 0.470268 0.664402 0.470279 0.658396 0.471611 0.653013 0.473779 0.649459 0.476692 0.649049 0.485106 0.650326 0.488099 0.654667 0.493069 0.658947 0.495396 0.669192 0.494629 0.678058 0.486464 0.678426 0.476288 0.676547 0.473340
0 0.629687 0.575287 0.674219 0.566566 0.665517 0.572967 0.662635 0.575698 0.634162 0.577467
0 0.645453 0.512291 0.634748 0.519269 0.626484 0.527389 0.622990 0.532945 0.616453 0.537406 0.614706 0.540184 0.614256 0.546836 0.616759 0.550620 0.617452 0.554539 0.619894 0.555680 0.623459 0.553207 0.628944 0.555444 0.633775 0.555523 0.640456 0.557229 0.653856 0.562403 0.659903 0.562833 0.665378 0.564629 0.670823 0.565104 0.676226 0.563817 0.679188 0.561389 0.679086 0.556984 0.668116 0.552511 0.662080 0.552521 0.655338 0.548173 0.651089 0.547167 0.643755 0.543304 0.639445 0.539655 0.639343 0.535251 0.641642 0.530225 0.649824 0.518582 0.649692 0.512856
0 0.604849 0.531656 0.600723 0.535936 0.599016 0.540476 0.599128 0.545321 0.600436 0.549636 0.602917 0.552538 0.603009 0.556503 0.607902 0.559225 0.612733 0.559304 0.616881 0.555905 0.616687 0.547536 0.612816 0.536796 0.609088 0.532221
0 0.549455 0.564042 0.541875 0.575640 0.542671 0.583964 0.546379 0.587657 0.550649 0.589544 0.557309 0.590369 0.568135 0.588676 0.575306 0.585492 0.578258 0.582623 0.580547 0.577157 0.578545 0.568924 0.570016 0.565591 0.559741 0.565037 0.555471 0.563150
0 0.581581 0.543546 0.576758 0.543907 0.566728 0.553924 0.561957 0.556488 0.553551 0.558441 0.551774 0.559897 0.553653 0.562845 0.560343 0.564992 0.574838 0.565230 0.581416 0.562532 0.586156 0.558647 0.587289 0.555473 0.586555 0.549792
0 0.330740 0.425986 0.326633 0.431146 0.326746 0.435992 0.333466 0.439460 0.338890 0.439054 0.344232 0.435124 0.344702 0.429353 0.338564 0.424959
0 0.458438 0.491876 0.458519 0.495400 0.460398 0.498347 0.467139 0.502696 0.469561 0.502956 0.482758 0.499321 0.489295 0.494860 0.490449 0.492568 0.488540 0.488298 0.485485 0.486762 0.479439 0.486332 0.463157 0.487110 0.459582 0.489143
0 0.398404 0.558584 0.396248 0.569776 0.403254 0.585577 0.413754 0.595822 0.423488 0.599064 0.430751 0.599844 0.441579 0.598151 0.463162 0.591682 0.468585 0.591275 0.473458 0.593117 0.477656 0.591920 0.483703 0.592350 0.486145 0.593491 0.508493 0.594024 0.522946 0.592500 0.528912 0.589406 0.538361 0.580316 0.546931 0.559377 0.546156 0.551934 0.541774 0.545203 0.534410 0.540018 0.505688 0.524960 0.499999 0.513914 0.495678 0.509826 0.483574 0.508526 0.458876 0.510816 0.449315 0.515062 0.445167 0.518461 0.441142 0.527145 0.436985 0.530104 0.429202 0.532893 0.419161 0.542469 0.404288 0.551966
0 0.368168 0.582468 0.362897 0.589481 0.364306 0.598200 0.368637 0.602729 0.379546 0.604560 0.386767 0.603578 0.394551 0.600789 0.399883 0.596419 0.401589 0.591879 0.399577 0.583205 0.393439 0.578811 0.374726 0.578888
0 0.375595 0.564263 0.370283 0.569514 0.371641 0.576031 0.375901 0.577477 0.383735 0.576890 0.386125 0.575829 0.389067 0.572520 0.386473 0.564772 0.383419 0.563236
0 0.368292 0.561721 0.365840 0.560139 0.359783 0.559269 0.336463 0.568957 0.334706 0.571295 0.334778 0.574378 0.336656 0.577326 0.341528 0.579167 0.348168 0.579112 0.358342 0.575261 0.369057 0.568723 0.369558 0.564273
0 0.378292 0.550383 0.386299 0.557284 0.390549 0.558289 0.397168 0.557353 0.414973 0.544106 0.438640 0.523362 0.439141 0.518912 0.437302 0.517726 0.418610 0.518684 0.412645 0.521778 0.410193 0.520197 0.402921 0.518976 0.383013 0.519584 0.377017 0.521357 0.372318 0.527003 0.371827 0.531894 0.373890 0.542770
0 0.317080 0.487898 0.312351 0.492223 0.310041 0.496808 0.310797 0.503370 0.322411 0.509561 0.324381 0.516473 0.328713 0.521002 0.340806 0.521862 0.346220 0.521015 0.355127 0.514612 0.354422 0.510253 0.351379 0.509157 0.336864 0.508037 0.331308 0.502717 0.327539 0.496381 0.328050 0.492372 0.325568 0.489469 0.321901 0.487537
0 0.301417 0.567610 0.301529 0.572455 0.307790 0.582135 0.309281 0.594377 0.311804 0.599042 0.316737 0.603526 0.325226 0.605097 0.337278 0.604195 0.340312 0.604850 0.359597 0.603406 0.361977 0.601904 0.353806 0.587955 0.347657 0.583121 0.341017 0.583177 0.336135 0.580895 0.333643 0.577552 0.322132 0.575766 0.319650 0.572863 0.317229 0.572603 0.312326 0.569441 0.309303 0.569226 0.305625 0.566854
0 0.117375 0.613581 0.282612 0.547781 0.297546 0.567811 0.305532 0.583910 0.304965 0.592300 0.284760 0.607729 0.245598 0.626241 0.206250 0.636979 0.178909 0.640138 0.154419 0.634740
0 0.243743 0.566929 0.255899 0.559806 0.272855 0.557914 0.273306 0.559125 0.260292 0.565999 0.252285 0.568773 0.244235 0.569685
0 0.153737 0.606583 0.159480 0.597770 0.171999 0.587822 0.191371 0.580473 0.206592 0.577162 0.218186 0.582503 0.218222 0.584053 0.155088 0.609897
0 0.124609 0.614663 0.135443 0.605468 0.142200 0.603718 0.149858 0.604076 0.152894 0.606955 0.153823 0.610300 0.152995 0.611293 0.125923 0.616427
0 0.124890 0.585093 0.134683 0.583278 0.145276 0.573864 0.161534 0.575162 0.163551 0.577525 0.153403 0.585111 0.152595 0.592717 0.153206 0.597701 0.149326 0.600149 0.142447 0.600307 0.134562 0.599459 0.129598 0.597315 0.125031 0.591189
0 0.124553 0.594529 0.108404 0.601033 0.107913 0.605923 0.110405 0.609267 0.115287 0.611549 0.118311 0.611763 0.125502 0.609460 0.131396 0.603283 0.131284 0.598438
0 0.135486 0.519143 0.130787 0.524789 0.127999 0.534705 0.127763 0.550607 0.130377 0.559236 0.135852 0.561032 0.134728 0.564646 0.137772 0.565742 0.141327 0.562829 0.152236 0.564659 0.176352 0.563295 0.190141 0.559174 0.196638 0.552952 0.195351 0.549518 0.182635 0.547823 0.172982 0.548104 0.153514 0.541620 0.146098 0.534233 0.143565 0.529127 0.141523 0.519132 0.140287 0.517901
0 0.030119 0.609541 0.028261 0.607474 0.025237 0.607260 0.018690 0.611280 0.017536 0.613572 0.013378 0.616531 0.001315 0.616993 0.000000 0.618540 0.000000 0.619476 0.000000 0.620978 0.000000 0.625338 0.000000 0.626343 0.000000 0.625937 0.006278 0.622798 0.014686 0.620845 0.016462 0.619388 0.021907 0.619863 0.029037 0.614917
0 0.036230 0.560548 0.033789 0.559408 0.030204 0.561000 0.027456 0.572677 0.027047 0.581091 0.022951 0.586693 0.004942 0.591130 0.000000 0.593985 0.000000 0.594956 0.000000 0.597949 0.000000 0.602513 0.019058 0.601104 0.026392 0.604967 0.032970 0.602268 0.037199 0.602393 0.043798 0.600575 0.046760 0.598147 0.048486 0.594488 0.047700 0.586605 0.044442 0.576259
0 0.854189 0.427831 0.849991 0.429028 0.848223 0.430925 0.842247 0.433579 0.835731 0.438920 0.833442 0.444386 0.836567 0.449006 0.844433 0.449741 0.848038 0.449029 0.854597 0.445450 0.858080 0.439453 0.857937 0.433287
0 0.854373 0.409727 0.851309 0.407750 0.848296 0.407976 0.836957 0.413678 0.830951 0.415010 0.825517 0.414976 0.816037 0.422745 0.814904 0.425919 0.817406 0.429702 0.825955 0.433916 0.835598 0.433194 0.853515 0.424793 0.856415 0.419722
0 0.845518 0.392299 0.829196 0.391315 0.826151 0.390219 0.808011 0.388930 0.804967 0.387834 0.794120 0.388646 0.786918 0.390509 0.760442 0.394256 0.752679 0.397926 0.747868 0.398728 0.744303 0.401201 0.737704 0.403018 0.731156 0.407038 0.726345 0.407840 0.720983 0.410889 0.699665 0.428810 0.688500 0.442001 0.681604 0.457078 0.679980 0.465141 0.680174 0.473510 0.682991 0.490948 0.691244 0.508421 0.699211 0.513561 0.705442 0.521919 0.710314 0.523760 0.720150 0.531407 0.730466 0.533723 0.733540 0.536141 0.749362 0.541575 0.765726 0.544321 0.774153 0.543248 0.774623 0.537477 0.772682 0.531887 0.772438 0.521315 0.773572 0.518142 0.773838 0.503561 0.777649 0.485627 0.784443 0.466145 0.798386 0.442598 0.807192 0.431791 0.811257 0.424868 0.836713 0.403107 0.842709 0.401334 0.846937 0.401459 0.850431 0.395903
0 0.662269 0.430286 0.658051 0.430602 0.652668 0.432770 0.647928 0.436655 0.648050 0.441940 0.643331 0.446706 0.640470 0.453539 0.641165 0.457458 0.640062 0.461953 0.641379 0.466708 0.643248 0.469215 0.649970 0.472683 0.658989 0.471125 0.667967 0.467806 0.670338 0.465863 0.673208 0.459471 0.676190 0.457924 0.678418 0.449815 0.677580 0.439729 0.671993 0.433088
0 0.641207 0.433187 0.635200 0.434519 0.631074 0.438799 0.631840 0.445801 0.634322 0.448704 0.637958 0.449314 0.644547 0.447056 0.648653 0.441895 0.647918 0.436214 0.645456 0.434192
0 0.573658 0.462071 0.567641 0.462962 0.557488 0.467693 0.554526 0.470121 0.552237 0.475587 0.551828 0.484001 0.553708 0.486949 0.561654 0.491208 0.567732 0.492959 0.575556 0.491932 0.580337 0.489809 0.585077 0.485925 0.588499 0.477285 0.587774 0.472044 0.582779 0.464917
0 0.497621 0.463351 0.489868 0.467461 0.480981 0.474745 0.480470 0.478754 0.481727 0.480866 0.492768 0.488423 0.498968 0.495460 0.497977 0.504800 0.499284 0.509114 0.512573 0.509443 0.523370 0.506429 0.531102 0.501437 0.538202 0.495170 0.540479 0.489263 0.540357 0.483978 0.535434 0.479934 0.523913 0.477708 0.520204 0.474015 0.517161 0.472919 0.516507 0.470761 0.512912 0.471913 0.507938 0.465667 0.503045 0.462945
0 0.450083 0.469998 0.442228 0.469704 0.431533 0.477123 0.428070 0.484001 0.419184 0.491285 0.404770 0.494570 0.404964 0.502939 0.406854 0.506327 0.416087 0.514019 0.422778 0.516166 0.429438 0.516991 0.433033 0.515839 0.441490 0.516089 0.445688 0.514892 0.448048 0.512509 0.449551 0.499160 0.462534 0.486274 0.463668 0.483101 0.461747 0.478391
0 0.365732 0.477196 0.358030 0.483509 0.356283 0.486287 0.355813 0.492058 0.359000 0.499320 0.366404 0.506267 0.375577 0.511316 0.376843 0.513869 0.391920 0.513181 0.398519 0.511364 0.402635 0.506643 0.401829 0.497879 0.394525 0.495337 0.372984 0.477536
0 0.355018 0.457701 0.351974 0.456606 0.348378 0.457757 0.344752 0.457588 0.334609 0.462759 0.329890 0.467525 0.322300 0.478683 0.323056 0.485245 0.326140 0.488102 0.334015 0.489278 0.345455 0.487980 0.352034 0.485281 0.355650 0.485011 0.363342 0.478257 0.365670 0.474553 0.366192 0.470984 0.364884 0.466670
0 0.208644 0.471749 0.203281 0.474798 0.201545 0.478016 0.202882 0.483652 0.207305 0.492146 0.214690 0.498211 0.218326 0.498821 0.223739 0.497975 0.233862 0.491922 0.235599 0.488704 0.234282 0.483949 0.229379 0.480786 0.226877 0.477002 0.222618 0.475556 0.219533 0.472698 0.215917 0.472969 0.212852 0.470992
0 0.143128 0.484155 0.139482 0.483104 0.135876 0.483815 0.132240 0.483205 0.129185 0.481669 0.121402 0.484457 0.107510 0.484174 0.100963 0.488194 0.093731 0.488735 0.090197 0.492530 0.087785 0.492710 0.084302 0.498707 0.083240 0.504964 0.085313 0.516281 0.089163 0.526141 0.094668 0.529258 0.098897 0.529383 0.101850 0.526514 0.102770 0.514091 0.107367 0.504040 0.115089 0.498608 0.119297 0.497852 0.128858 0.493606 0.136693 0.493020 0.144476 0.490231 0.146213 0.487012
0 0.852618 0.386032 0.853404 0.393915 0.858490 0.405006 0.868306 0.411772 0.873760 0.412688 0.879787 0.412236 0.889307 0.406229 0.895640 0.392959 0.896631 0.383619 0.895395 0.382388 0.891187 0.383144 0.884620 0.386283 0.879206 0.387130 0.870758 0.387321 0.867091 0.385389
0 0.748686 0.381900 0.739022 0.381741 0.731842 0.384484 0.720504 0.390187 0.721208 0.394546 0.727940 0.398455 0.733404 0.399810 0.738828 0.399404 0.746009 0.396661 0.750156 0.393261 0.751883 0.389602 0.751770 0.384757
0 0.712046 0.389937 0.706643 0.391224 0.698921 0.396656 0.696601 0.400801 0.688920 0.407994 0.687183 0.411213 0.689083 0.415042 0.691534 0.416623 0.700645 0.419030 0.707888 0.418929 0.710277 0.417867 0.716202 0.413012 0.719124 0.408822 0.721893 0.398025 0.718768 0.393405
0 0.698635 0.384323 0.693783 0.383363 0.681771 0.386027 0.675724 0.385597 0.670913 0.386398 0.669768 0.389132 0.670504 0.394812 0.674814 0.398461 0.680902 0.400652 0.686326 0.400246 0.692312 0.398033 0.698226 0.392737 0.699360 0.389564
0 0.728309 0.362246 0.719075 0.354554 0.712998 0.352803 0.703396 0.355287 0.698626 0.357850 0.691374 0.357510 0.688411 0.359938 0.678166 0.360705 0.675102 0.358729 0.671466 0.358118 0.646124 0.358692 0.634806 0.365275 0.633130 0.371137 0.636307 0.377959 0.642425 0.381472 0.646674 0.382477 0.655111 0.381845 0.668880 0.376844 0.674917 0.376833 0.677992 0.379250 0.682160 0.376732 0.684610 0.378313 0.698452 0.376395 0.705724 0.377615 0.714161 0.376983 0.724907 0.371767 0.727839 0.368017
0 0.657655 0.387391 0.652844 0.388192 0.643966 0.395917 0.636224 0.400468 0.629859 0.412416 0.632464 0.420604 0.642361 0.430894 0.647234 0.432736 0.676488 0.418632 0.681800 0.413381 0.683527 0.409722 0.682802 0.404481 0.679706 0.401183 0.668737 0.396710
0 0.605713 0.412459 0.601637 0.418941 0.606642 0.426509 0.612740 0.429141 0.621187 0.428950 0.630155 0.425190 0.630615 0.418978 0.628103 0.414754 0.624425 0.412382 0.614088 0.409184 0.609277 0.409986
0 0.610931 0.429276 0.603067 0.428541 0.588746 0.435791 0.582137 0.437168 0.570788 0.442430 0.564170 0.443367 0.543781 0.449305 0.538930 0.448345 0.522698 0.451325 0.517959 0.455210 0.522554 0.471191 0.529857 0.473733 0.546058 0.469432 0.551482 0.469026 0.570031 0.461901 0.580276 0.461134 0.589245 0.457374 0.613832 0.450238 0.617356 0.446003 0.617264 0.442039
0 0.462394 0.428042 0.455917 0.435146 0.454200 0.439245 0.453740 0.445457 0.456315 0.452324 0.469685 0.456176 0.477520 0.455590 0.485262 0.451039 0.488184 0.446849 0.488675 0.441959 0.480125 0.437746 0.466632 0.428607
0 0.368687 0.396229 0.353232 0.406652 0.346747 0.413315 0.345030 0.417415 0.344641 0.426710 0.346511 0.429217 0.345519 0.438557 0.348103 0.445865 0.358674 0.459193 0.364200 0.463191 0.369879 0.473797 0.377775 0.475853 0.390481 0.477108 0.394209 0.481683 0.397274 0.483659 0.401513 0.484224 0.411758 0.483457 0.418336 0.480759 0.425547 0.479336 0.451687 0.461054 0.453373 0.455633 0.453006 0.439776 0.454681 0.433914 0.453732 0.418984 0.443885 0.410896 0.431710 0.406513 0.420046 0.398120 0.413958 0.395929 0.401221 0.393353 0.376502 0.394762
0 0.346685 0.410672 0.344244 0.409531 0.328575 0.410705 0.318380 0.413674 0.300945 0.416744 0.297961 0.418291 0.297471 0.423182 0.302343 0.425023 0.314396 0.424121 0.328216 0.421321 0.342568 0.415393
0 0.375420 0.374105 0.380343 0.378149 0.397973 0.383447 0.411895 0.385053 0.420935 0.384376 0.424510 0.382343 0.421997 0.378119 0.412927 0.377474 0.395298 0.372176 0.380160 0.370220 0.377759 0.370841
0 0.340220 0.392183 0.336481 0.387169 0.318934 0.385394 0.314163 0.387957 0.311834 0.391661 0.309383 0.390080 0.307575 0.390215 0.305215 0.392598 0.300977 0.392033 0.298596 0.393535 0.279311 0.394979 0.273918 0.396706 0.269066 0.395746 0.259414 0.396027 0.255226 0.397664 0.249301 0.402520 0.246971 0.406224 0.246491 0.411555 0.248391 0.415384 0.252691 0.418592 0.263018 0.421349 0.269627 0.419971 0.277349 0.414540 0.284520 0.411355 0.294785 0.411469 0.300761 0.408816 0.307993 0.408274 0.314683 0.410421 0.321914 0.409879 0.338003 0.400733 0.340322 0.396588
0 0.132149 0.453208 0.132546 0.470386 0.135059 0.474610 0.138695 0.475221 0.164620 0.473721 0.182077 0.471532 0.198358 0.470754 0.202607 0.471759 0.211607 0.469321 0.229696 0.468408 0.234456 0.465404 0.233456 0.448271 0.229677 0.441494 0.195326 0.444066 0.180300 0.446956 0.175469 0.446876 0.173681 0.447892 0.166429 0.447553 0.163988 0.446412 0.156174 0.447879 0.136868 0.448442 0.133875 0.449549
0 0.064346 0.445047 0.064540 0.453416 0.069248 0.474243 0.071750 0.478026 0.072546 0.486350 0.076346 0.494008 0.080605 0.495454 0.094844 0.484681 0.111403 0.469763 0.122097 0.462344 0.125632 0.458549 0.126113 0.453219 0.122455 0.451727 0.107328 0.450213 0.096490 0.451465 0.089177 0.448483 0.073406 0.445251
0 0.815092 0.329716 0.815817 0.334957 0.828146 0.345947 0.833611 0.347303 0.837829 0.346987 0.840811 0.345440 0.843151 0.342176 0.843059 0.338212 0.841793 0.335659 0.837493 0.332451 0.825930 0.328464
0 0.737537 0.265367 0.733420 0.270087 0.734207 0.277971 0.737935 0.282545 0.756320 0.294405 0.778944 0.306831 0.781427 0.309734 0.786319 0.312456 0.789434 0.316635 0.804132 0.325683 0.813264 0.328971 0.826512 0.327537 0.830006 0.321981 0.829270 0.316300 0.824899 0.310009 0.822305 0.302261 0.816657 0.292977 0.807504 0.288809 0.800110 0.282302 0.792204 0.279806 0.780550 0.271854 0.769631 0.269582 0.763594 0.269593 0.745995 0.265616
0 0.731447 0.315241 0.726636 0.316042 0.718873 0.319712 0.712377 0.325934 0.708943 0.334133 0.712131 0.341396 0.715858 0.345970 0.719525 0.347902 0.730976 0.347044 0.738166 0.344741 0.745879 0.338869 0.748790 0.334239 0.749189 0.325384 0.744807 0.318653
0 0.733195 0.286430 0.728374 0.286791 0.723624 0.290235 0.718996 0.298965 0.700722 0.317982 0.700783 0.320625 0.703857 0.323042 0.708648 0.321360 0.715880 0.320818 0.730150 0.311367 0.741397 0.301700 0.741857 0.295488 0.739334 0.290824
0 0.641397 0.310952 0.634246 0.315017 0.628332 0.320313 0.626013 0.324458 0.626718 0.328817 0.636483 0.333381 0.642039 0.338701 0.646319 0.341028 0.648279 0.347500 0.645419 0.354332 0.647911 0.357676 0.654279 0.358920 0.668381 0.355261 0.674346 0.352167 0.682631 0.344928 0.687187 0.333115 0.686483 0.328755 0.684021 0.326733 0.680998 0.326518 0.673684 0.323536 0.670058 0.323366 0.664563 0.320689 0.652867 0.310975 0.649221 0.309925
0 0.627352 0.304061 0.617076 0.303507 0.609855 0.304488 0.602684 0.307673 0.586494 0.312415 0.581203 0.318547 0.579629 0.328813 0.584194 0.343473 0.591773 0.357907 0.597880 0.360980 0.601497 0.360709 0.603836 0.357446 0.600507 0.344017 0.600364 0.337850 0.602601 0.330182 0.612050 0.321091 0.620416 0.317376 0.629344 0.311854 0.631070 0.308195 0.629793 0.305202
0 0.575657 0.313667 0.568976 0.311961 0.554472 0.311282 0.544298 0.315132 0.536575 0.320564 0.530191 0.331632 0.529772 0.339605 0.532345 0.346472 0.538505 0.351747 0.547004 0.353758 0.552426 0.353352 0.555400 0.351365 0.563009 0.341088 0.576576 0.327277 0.578230 0.320534
0 0.425371 0.315211 0.420662 0.320418 0.418568 0.334253 0.420018 0.344734 0.419711 0.357552 0.423040 0.370981 0.428065 0.379430 0.431936 0.390170 0.441312 0.404029 0.446225 0.407632 0.448124 0.411461 0.455540 0.418848 0.469063 0.429308 0.496560 0.443575 0.522607 0.447361 0.526202 0.446209 0.529256 0.447746 0.536457 0.445883 0.541902 0.446358 0.547285 0.444190 0.561105 0.441390 0.564078 0.439402 0.570083 0.438070 0.576652 0.434931 0.588512 0.425660 0.590911 0.425039 0.595058 0.421640 0.602690 0.412244 0.610841 0.399279 0.611209 0.389103 0.609892 0.384348 0.603702 0.377752 0.595173 0.374420 0.590945 0.374295 0.581783 0.369686 0.575725 0.368816 0.560476 0.362015 0.555011 0.360660 0.528730 0.346743 0.519619 0.344336 0.509834 0.338892 0.483041 0.328984 0.464728 0.320207 0.459263 0.318851 0.443962 0.309849 0.439120 0.309329 0.431929 0.311632
0 0.387270 0.338361 0.385555 0.342460 0.386943 0.350298 0.391968 0.358747 0.395656 0.361559 0.399905 0.362565 0.408934 0.361448 0.417811 0.353723 0.418342 0.350595 0.417075 0.348042 0.402540 0.346042 0.397055 0.343805 0.390906 0.338971
0 0.314237 0.338975 0.307015 0.339957 0.299416 0.350674 0.288148 0.359460 0.279180 0.363220 0.276166 0.363445 0.272602 0.365918 0.272714 0.370764 0.278965 0.380003 0.288750 0.385447 0.297248 0.387459 0.308106 0.387087 0.316522 0.385574 0.319506 0.384027 0.318577 0.369977 0.319691 0.365923 0.324359 0.358955 0.332643 0.351716 0.331325 0.346961 0.328241 0.344104
0 0.090652 0.355714 0.083503 0.359779 0.081745 0.362117 0.081234 0.366126 0.098435 0.378958 0.105074 0.378902 0.111029 0.375367 0.110917 0.370522 0.106637 0.368195 0.094911 0.357160
0 0.048671 0.341649 0.037763 0.339818 0.020306 0.342008 0.016128 0.344085 0.002921 0.347280 0.000000 0.351797 0.000000 0.353885 0.000000 0.357690 0.000000 0.357871 0.000000 0.355013 0.000000 0.357260 0.000000 0.362116 0.000000 0.363178 0.000000 0.363098 0.000000 0.366542 0.000000 0.416315 0.000000 0.417456 0.000000 0.419704 0.000000 0.420279 0.000000 0.462124 0.000000 0.467919 0.000000 0.468914 0.000000 0.467706 0.000000 0.462749 0.000000 0.458334 0.005439 0.456076 0.056983 0.413830 0.078220 0.392384 0.082827 0.382774 0.083277 0.376121 0.081326 0.370090 0.076311 0.362082 0.068886 0.354255 0.057834 0.346258
0 0.167197 0.402490 0.166676 0.406059 0.171078 0.413671 0.175961 0.415953 0.182630 0.417219 0.191078 0.417027 0.204306 0.414713 0.209669 0.411665 0.214378 0.406458 0.213663 0.401658 0.211824 0.400472 0.177279 0.394675 0.171875 0.395962
0 0.230641 0.352734 0.225278 0.355783 0.221775 0.360899 0.220793 0.370680 0.222694 0.374508 0.234338 0.382020 0.237974 0.382630 0.249425 0.381773 0.252417 0.380666 0.258332 0.375370 0.259865 0.363342 0.255523 0.358372 0.252469 0.356836 0.253583 0.352782 0.246310 0.351561
0 0.235954 0.321450 0.229467 0.328113 0.221960 0.342795 0.218436 0.347030 0.217342 0.351965 0.219181 0.353151 0.226443 0.353931 0.234248 0.352023 0.255942 0.350399 0.261336 0.348671 0.259937 0.340393 0.255667 0.338506 0.244493 0.325223 0.240806 0.322411
0 0.215240 0.313294 0.209765 0.311498 0.198335 0.313236 0.190000 0.318272 0.174004 0.331383 0.169314 0.337470 0.167067 0.344698 0.168436 0.351655 0.173369 0.356140 0.178221 0.357100 0.192654 0.354696 0.197996 0.350766 0.205014 0.340975 0.216914 0.333465 0.220418 0.328350 0.220817 0.319495 0.218928 0.316107
0 0.196382 0.359270 0.192112 0.357384 0.173451 0.359663 0.168701 0.363108 0.162695 0.364440 0.156136 0.368019 0.146535 0.370503 0.143573 0.372931 0.139926 0.371880 0.136964 0.374308 0.130385 0.377007 0.125084 0.382699 0.116187 0.389542 0.108546 0.398497 0.107483 0.404754 0.108178 0.408673 0.110670 0.412017 0.116798 0.415970 0.124684 0.417586 0.144399 0.408609 0.147933 0.404814 0.155073 0.400309 0.158076 0.399643 0.166963 0.392359 0.168710 0.389581 0.172325 0.389310 0.185308 0.376425 0.190661 0.372936 0.194748 0.366894 0.197025 0.360987
0 0.303892 0.309304 0.292952 0.306152 0.268917 0.311040 0.263565 0.314530 0.262420 0.317263 0.263115 0.321182 0.268661 0.326061 0.273543 0.328343 0.280816 0.329564 0.287435 0.328627 0.296393 0.324426 0.302318 0.319571 0.305229 0.314940
0 0.448999 0.292705 0.441848 0.296770 0.440121 0.300429 0.440233 0.305274 0.442716 0.308177 0.451786 0.308822 0.458926 0.304316 0.459387 0.298104 0.453238 0.293270
0 0.340408 0.295981 0.340459 0.298183 0.336864 0.299335 0.333912 0.302203 0.333625 0.315903 0.336832 0.324046 0.344789 0.328745 0.348436 0.329796 0.357465 0.328679 0.359856 0.327617 0.361582 0.323958 0.361347 0.313828 0.360070 0.310834 0.353841 0.302476 0.345904 0.298658 0.342880 0.298443 0.341614 0.295891
0 0.459101 0.285771 0.458018 0.291147 0.461224 0.299290 0.467936 0.302318 0.473993 0.303188 0.490255 0.301529 0.495055 0.300287 0.499805 0.296843 0.500908 0.292348 0.499642 0.289796 0.489224 0.283075 0.483739 0.280838 0.470459 0.280950 0.463258 0.282812
0 0.839693 0.244923 0.837905 0.245939 0.831582 0.259650 0.827455 0.263930 0.822807 0.271779 0.815085 0.277210 0.800682 0.280936 0.803184 0.284720 0.809926 0.289068 0.819057 0.292356 0.830518 0.291939 0.834706 0.290302 0.840631 0.285446 0.845891 0.277992 0.849201 0.264508 0.848283 0.250898 0.845781 0.247115
0 0.852961 0.244371 0.850020 0.247680 0.849580 0.254772 0.851561 0.262125 0.855912 0.267535 0.859589 0.269907 0.866883 0.272009 0.875340 0.272258 0.881939 0.270440 0.886086 0.267041 0.887812 0.263382 0.887618 0.255013 0.883226 0.247841 0.878344 0.245559 0.860786 0.243344
0 0.807303 0.227934 0.802543 0.230937 0.802696 0.237544 0.815147 0.253820 0.818211 0.255797 0.824830 0.254860 0.832573 0.250310 0.837282 0.245103 0.837149 0.239377 0.830971 0.233221 0.821808 0.228613 0.818795 0.228838 0.813933 0.227437
0 0.758837 0.220531 0.754720 0.225252 0.752431 0.230718 0.753197 0.237720 0.758110 0.241324 0.761225 0.245503 0.760204 0.253521 0.756699 0.258637 0.756822 0.263923 0.758078 0.266035 0.762950 0.267876 0.776893 0.270362 0.781112 0.270047 0.784105 0.268940 0.788221 0.264220 0.795168 0.251345 0.793504 0.231614 0.788499 0.224047 0.779940 0.219393 0.773883 0.218523
0 0.618740 0.975377 0.613398 0.979307 0.611723 0.985168 0.613009 0.988602 0.615471 0.990624 0.619117 0.991674 0.623335 0.991358 0.629904 0.988219 0.630906 0.979320 0.629649 0.977208 0.625982 0.975276
0 0.781642 0.945091 0.778689 0.947959 0.778791 0.952364 0.781917 0.956983 0.786227 0.960632 0.789260 0.961287 0.797095 0.960700 0.800609 0.956025 0.799782 0.946380 0.793674 0.943307
0 0.871118 0.976779 0.871251 0.982505 0.902589 0.980159 0.901241 0.974083 0.893315 0.970705 0.886083 0.971246 0.880710 0.973855 0.873477 0.974396
0 0.596055 0.934276 0.592429 0.934106 0.581020 0.936725 0.571377 0.937447 0.564779 0.939265 0.563635 0.941998 0.564932 0.945872 0.571836 0.957268 0.576790 0.962633 0.579221 0.963334 0.594267 0.961325 0.596636 0.959383 0.601182 0.947129 0.599794 0.939291
0 0.425587 0.924536 0.416650 0.929617 0.411338 0.934868 0.402032 0.950125 0.400948 0.955501 0.405330 0.962233 0.412082 0.967022 0.421847 0.971586 0.430447 0.978002 0.444154 0.996390 0.453346 1.000000 0.469097 1.000000 0.478750 1.000000 0.486554 1.000000 0.497320 0.998146 0.502069 0.994701 0.512090 0.984244 0.522183 0.976870 0.528067 0.970252 0.544819 0.963703 0.550141 0.958892 0.553001 0.952060 0.552848 0.945453 0.549080 0.939117 0.537354 0.928081 0.530020 0.924218 0.520898 0.921371 0.498468 0.917314 0.493596 0.915473 0.479704 0.915189 0.471890 0.916657 0.459224 0.917164 0.453238 0.919377 0.447815 0.919783 0.443024 0.921465 0.435179 0.921611
0 0.729563 0.000000 0.725241 0.000000 0.712617 0.000000 0.692729 0.000000 0.686733 0.000460 0.681299 0.000426 0.672923 0.003701 0.660900 0.005924 0.658521 0.007426 0.658561 0.009188 0.669102 0.021195 0.673402 0.024403 0.679480 0.026154 0.685516 0.026143 0.716170 0.020318 0.725129 0.016118 0.727979 0.008845
0 0.501516 0.000000 0.496715 0.000000 0.490187 0.000000 0.483241 0.000000 0.475580 0.006562 0.476284 0.010921 0.485436 0.015090 0.495078 0.014368 0.507061 0.010382 0.514170 0.004555 0.511985 0.000000 0.506398 0.000000
0 0.360576 0.000000 0.354600 0.000000 0.351679 0.000395 0.349993 0.005816 0.350729 0.011497 0.353833 0.015235 0.358715 0.017517 0.370800 0.017936 0.374374 0.015904 0.375509 0.012730 0.374058 0.002249 0.369064 0.000000 0.365397 0.000000
0 0.243130 0.005433 0.237624 0.002315 0.232793 0.002236 0.220260 0.008469 0.215459 0.009711 0.211894 0.012184 0.204631 0.011404 0.202915 0.015503 0.204896 0.022856 0.212251 0.027600 0.226010 0.022158 0.235090 0.023243 0.241086 0.021470 0.244641 0.018557 0.246357 0.014457 0.245632 0.009217
0 0.163017 0.013196 0.161873 0.015929 0.162700 0.025574 0.170055 0.030318 0.177357 0.032860 0.187041 0.033900 0.202689 0.031846 0.203874 0.030875 0.204385 0.026865 0.182496 0.020121 0.170199 0.010452 0.165980 0.010768
0 0.046378 0.033841 0.039156 0.034823 0.032118 0.043733 0.023783 0.048770 0.016735 0.057240 0.000000 0.071502 0.000000 0.075251 0.000000 0.079656 0.000000 0.085202 0.003648 0.091753 0.017714 0.099524 0.032269 0.102406 0.037080 0.101604 0.040982 0.087634 0.048572 0.076476 0.059849 0.068131 0.066888 0.059221 0.072219 0.054851 0.077592 0.052242 0.075683 0.047973 0.068267 0.040586 0.055469 0.035367
0 0.930928 0.248241 0.923134 0.250589 0.915984 0.254654 0.909355 0.255151 0.905790 0.257624 0.902153 0.257014 0.895606 0.261034 0.885748 0.278538 0.888924 0.285360 0.887790 0.288534 0.889210 0.297693 0.893530 0.301782 0.902080 0.305996 0.909924 0.305850 0.913581 0.307341 0.932202 0.303299 0.940547 0.298703 0.946462 0.293407 0.948198 0.290188 0.950589 0.289127 0.950191 0.271949 0.947749 0.270808 0.942612 0.257514 0.935800 0.250082
1 0.065020 0.439186 0.235783 0.285591 0.258946 0.317382 0.264790 0.349728 0.256369 0.382396 0.228513 0.412045 0.202434 0.430389 0.168094 0.444137 0.154918 0.447356 0.130493 0.449184 0.117281 0.450919 0.111143 0.449892
0 0.354768 0.342559 0.351775 0.343665 0.345279 0.349888 0.338680 0.351705 0.333327 0.355195 0.330488 0.362908 0.334287 0.370566 0.339813 0.374565 0.347105 0.376666 0.360384 0.376554 0.371181 0.373540 0.380701 0.367532 0.384205 0.362417 0.386452 0.355189 0.386330 0.349903 0.384431 0.346074 0.381376 0.344538 0.365656 0.343509 0.360192 0.342153
0 0.808197 0.344793 0.805735 0.342771 0.800883 0.341811 0.792467 0.343323 0.790097 0.345266 0.786031 0.352189 0.775255 0.356084 0.772242 0.356309 0.765521 0.352842 0.761302 0.353157 0.754151 0.357223 0.753079 0.363039 0.761679 0.369455 0.778073 0.373522 0.791321 0.372089 0.798441 0.366702 0.806061 0.356866 0.808340 0.350960
0 0.834559 0.362234 0.837756 0.369936 0.844467 0.372964 0.857726 0.371971 0.870340 0.369262 0.876255 0.363966 0.876163 0.360001 0.872466 0.356748 0.866981 0.354511 0.856082 0.353121 0.842844 0.354995 0.836286 0.358574
1 0.710959 0.247779 0.915388 0.359875 0.868976 0.380487 0.823232 0.386149 0.782409 0.383990 0.742363 0.371342 0.717300 0.345650 0.700328 0.317120 0.698569 0.285214
0 0.054142 0.447576 0.049913 0.447451 0.042160 0.451562 0.028963 0.455197 0.022333 0.455693 0.013815 0.452801 0.009617 0.453998 0.009075 0.456686 0.011638 0.463113 0.016000 0.468963 0.023998 0.475424 0.034345 0.479062 0.043364 0.477504 0.049309 0.473529 0.055112 0.463388 0.055388 0.449248
0 0.908359 0.368622 0.900707 0.377137 0.897949 0.388374 0.900655 0.400967 0.906242 0.407609 0.917283 0.415165 0.925762 0.416295 0.931778 0.415404 0.953321 0.407172 0.952495 0.371495 0.939891 0.374644 0.936846 0.373549 0.929595 0.373209 0.915590 0.368080
0 0.452944 0.463166 0.452453 0.468056 0.456783 0.472585 0.462279 0.475263 0.468939 0.476088 0.478571 0.474925 0.485711 0.470420 0.489766 0.463056 0.488480 0.459623 0.475160 0.457973 0.458306 0.460117
1 0.135538 0.495312 0.130186 0.498802 0.126079 0.503963 0.113658 0.515041 0.107989 0.530908 0.109581 0.547556 0.112124 0.553102 0.119570 0.561810 0.135432 0.569006 0.146995 0.572994 0.153655 0.573819 0.183175 0.571167 0.188568 0.569440 0.193992 0.569034 0.196964 0.567047 0.202961 0.565274 0.209498 0.560813 0.221909 0.549295 0.229447 0.535935 0.229775 0.523997 0.228346 0.514397 0.221441 0.503000 0.204894 0.492326 0.185457 0.487163 0.170360 0.486969 0.167918 0.485828 0.163087 0.485749 0.160707 0.487251 0.152903 0.489159 0.139164 0.495482
0 0.370725 0.510356 0.363473 0.510016 0.358784 0.516103 0.356404 0.517605 0.352778 0.517435 0.348621 0.520394 0.343340 0.526967 0.338590 0.530411 0.335678 0.535041 0.329100 0.537740 0.311847 0.548739 0.302286 0.552984 0.299937 0.555807 0.301826 0.559196 0.307924 0.561828 0.315299 0.567453 0.327423 0.569634 0.334042 0.568697 0.345993 0.563390 0.360284 0.554819 0.371499 0.543831 0.371143 0.528415 0.374566 0.519775 0.373800 0.512773
0 0.554545 0.497035 0.547905 0.497091 0.540693 0.498513 0.537711 0.500060 0.530611 0.506328 0.521071 0.511454 0.516331 0.515339 0.510509 0.524600 0.513634 0.529219 0.518486 0.530179 0.527689 0.536550 0.542356 0.544277 0.546575 0.543961 0.565084 0.535074 0.569885 0.533832 0.574625 0.529948 0.582817 0.518745 0.583338 0.515176 0.569866 0.506919 0.567374 0.503575 0.563084 0.500808
1 0.629677 0.444467 0.592762 0.471344 0.584769 0.519336 0.602708 0.581596 0.630566 0.581174 0.696705 0.563334 0.660095 0.505379
0 0.703031 0.522099 0.700671 0.524482 0.685727 0.530896 0.683388 0.534159 0.684797 0.542879 0.692162 0.548063 0.697626 0.549419 0.703652 0.548968 0.710231 0.546269 0.714970 0.542384 0.717871 0.537314 0.718362 0.532424 0.709129 0.524731 0.704880 0.523726
0 0.151045 0.043654 0.141392 0.043936 0.129288 0.042636 0.106970 0.043424 0.084232 0.052186 0.078215 0.053078 0.072229 0.055291 0.057489 0.070514 0.055181 0.075099 0.063494 0.095215 0.070399 0.106611 0.074076 0.108983 0.081900 0.107956 0.091492 0.105032 0.096323 0.105111 0.102268 0.101136 0.144802 0.086921 0.153821 0.085364 0.159184 0.082315 0.165180 0.080542 0.168081 0.075471 0.164915 0.069090 0.163086 0.068344 0.162341 0.062223 0.154129 0.046512
0 0.286428 0.024253 0.280249 0.018097 0.273527 0.014629 0.269891 0.014019 0.257236 0.014966 0.245846 0.018466 0.239911 0.022882 0.220126 0.028775 0.215887 0.028210 0.206336 0.032896 0.198532 0.034804 0.178235 0.044707 0.169359 0.052432 0.166468 0.057943 0.166631 0.064990 0.169174 0.070536 0.175946 0.076206 0.183229 0.077867 0.194689 0.077450 0.203076 0.074616 0.217979 0.066441 0.231156 0.061924 0.234771 0.061654 0.240717 0.057679 0.244332 0.057408 0.249685 0.053919 0.258082 0.051525 0.262249 0.049007 0.276019 0.044005 0.284915 0.037162 0.287235 0.033017
0 0.313313 0.012092 0.305008 0.018449 0.299717 0.024582 0.298593 0.028196 0.298786 0.036564 0.300053 0.039117 0.305559 0.042235 0.338337 0.049929 0.342545 0.049173 0.338562 0.033587 0.331535 0.016905 0.328420 0.012726 0.322945 0.010929
0 0.372649 0.019563 0.366182 0.027106 0.366366 0.035035 0.379715 0.038007 0.387683 0.043146 0.390808 0.047766 0.395650 0.048286 0.404015 0.044571 0.408735 0.039805 0.410420 0.034384 0.409644 0.026941 0.405293 0.021531 0.393210 0.021112 0.377449 0.018321
0 0.498162 0.043258 0.489612 0.039045 0.485404 0.039801 0.481748 0.038310 0.464220 0.037416 0.440144 0.040542 0.427479 0.041049 0.411871 0.044865 0.405241 0.045361 0.396314 0.050883 0.398795 0.079819 0.403616 0.079458 0.406598 0.077911 0.412104 0.081029 0.427160 0.079460 0.438028 0.079529 0.447640 0.077486 0.465729 0.076573 0.471133 0.075286 0.483646 0.068171 0.497466 0.065372 0.501021 0.062458 0.500082 0.047968
0 0.518430 0.006001 0.514200 0.005877 0.501677 0.012550 0.493843 0.013137 0.486662 0.015880 0.484935 0.019540 0.485119 0.027468 0.488275 0.033409 0.494394 0.036922 0.502289 0.038978 0.507110 0.038617 0.510654 0.035263 0.515885 0.026488 0.528388 0.018934 0.527663 0.013693 0.525170 0.010350
0 0.526763 0.026998 0.522596 0.029516 0.519082 0.034191 0.517948 0.037365 0.518673 0.042605 0.521175 0.046389 0.527324 0.051223 0.533402 0.052974 0.537017 0.052704 0.541808 0.051021 0.544761 0.048153 0.545230 0.042382 0.542575 0.031991 0.537632 0.027066
0 0.955726 0.511123 0.946125 0.513607 0.940149 0.516260 0.933071 0.523409 0.930159 0.528039 0.928484 0.533900 0.928606 0.539186 0.931108 0.542970 0.934131 0.543185 0.951895 0.528177 0.956073 0.526099
0 0.823002 0.462817 0.823717 0.467617 0.833011 0.477952 0.837474 0.488207 0.849823 0.500079 0.851978 0.514919 0.855716 0.519934 0.859414 0.523187 0.877606 0.526679 0.894734 0.536427 0.904387 0.536146 0.916298 0.529077 0.930680 0.524470 0.940139 0.515820 0.946094 0.512285 0.955675 0.508921 0.954646 0.464433 0.949835 0.465235 0.935862 0.461427 0.929232 0.461924 0.922572 0.461099 0.905709 0.462802 0.896649 0.462598 0.893063 0.464190 0.889989 0.461773 0.883329 0.460948 0.872307 0.454272 0.852338 0.452237 0.843891 0.452429 0.827118 0.458097
0 0.931062 0.436636 0.926384 0.443164 0.927731 0.449240 0.931389 0.450731 0.944105 0.452427 0.947772 0.454358 0.949089 0.459113 0.951531 0.460254 0.954544 0.460029 0.954126 0.441969 0.952318 0.442105 0.941869 0.434063 0.937037 0.433983
0 0.799041 0.001318 0.794843 0.002515 0.787743 0.008783 0.768039 0.018200 0.742176 0.022342 0.722196 0.019867 0.720440 0.022205 0.720552 0.027050 0.730368 0.033816 0.744381 0.039385 0.754678 0.040821 0.767915 0.038947 0.775086 0.035763 0.793412 0.018948 0.799214 0.008806
0 0.809929 0.002268 0.807569 0.004651 0.805955 0.013155 0.808529 0.020022 0.812849 0.024111 0.820194 0.028415 0.826863 0.029680 0.835291 0.028608 0.843064 0.025379 0.846608 0.022025 0.847711 0.017530 0.845721 0.009737 0.842615 0.005998 0.834066 0.001785 0.825568 0.000000 0.814710 0.000145
0 0.913976 0.167882 0.900236 0.174206 0.893168 0.181794 0.893281 0.186640 0.906129 0.194061 0.910461 0.198590 0.913014 0.204576 0.913871 0.215543 0.921165 0.217644 0.930797 0.216482 0.939776 0.213162 0.948703 0.207640 0.948061 0.179891 0.943822 0.179326 0.939522 0.176118 0.934078 0.175643 0.921820 0.167736
0 0.107784 0.104694 0.102360 0.105101 0.095179 0.107844 0.091032 0.111243 0.087579 0.118562 0.088916 0.124197 0.094524 0.131720 0.099406 0.134002 0.102430 0.134217 0.106025 0.133065 0.108375 0.130242 0.114606 0.112567 0.113259 0.106491
0 0.295241 0.065951 0.294730 0.069961 0.297243 0.074185 0.304035 0.080736 0.311318 0.082397 0.322369 0.090394 0.326006 0.091004 0.335842 0.098651 0.344973 0.101939 0.353533 0.106593 0.361388 0.106887 0.370529 0.110615 0.379580 0.110379 0.402991 0.104655 0.406536 0.101301 0.406352 0.093372 0.398375 0.087792 0.383800 0.084030 0.362912 0.068386 0.355618 0.066284 0.345854 0.061721 0.342831 0.061506 0.337305 0.057507 0.331830 0.055711 0.328204 0.055541 0.324618 0.057133 0.316161 0.056884 0.310828 0.061254 0.306579 0.060249
0 0.563738 0.059528 0.558345 0.061255 0.551204 0.065761 0.550714 0.070651 0.568833 0.097092 0.570672 0.098278 0.574298 0.098448 0.588619 0.091199 0.592112 0.085642 0.587659 0.075827 0.580826 0.067514 0.570388 0.059912
0 0.596434 0.063698 0.596679 0.074270 0.612204 0.092963 0.622622 0.099684 0.628066 0.100159 0.647934 0.097789 0.650897 0.095361 0.668210 0.087005 0.671163 0.084136 0.670488 0.081098 0.668036 0.079517 0.643328 0.081367 0.636617 0.078339 0.626341 0.077785 0.623267 0.075368 0.611081 0.070544 0.601235 0.062457 0.597609 0.062287
0 0.727944 0.085621 0.721224 0.082153 0.716372 0.081193 0.691653 0.082602 0.674870 0.087830 0.671244 0.087660 0.670682 0.089467 0.666525 0.092426 0.663234 0.106792 0.663622 0.123529 0.664899 0.126522 0.668575 0.128894 0.673397 0.128534 0.676962 0.126060 0.684961 0.106489 0.691488 0.101588 0.708853 0.095434 0.727524 0.093595 0.729292 0.091698
0 0.922940 0.033518 0.915004 0.029700 0.908947 0.028830 0.901143 0.030738 0.892797 0.035333 0.887363 0.035299 0.873380 0.031051 0.865536 0.031197 0.851704 0.033556 0.839131 0.038028 0.828395 0.043685 0.797556 0.067614 0.770549 0.074490 0.758506 0.075832 0.742356 0.082336 0.740590 0.084233 0.737586 0.084899 0.727596 0.096678 0.725901 0.101659 0.726860 0.117030 0.731906 0.126359 0.757655 0.143404 0.767420 0.147968 0.780157 0.150544 0.787961 0.148636 0.793436 0.150433 0.806112 0.150366 0.809156 0.151462 0.812752 0.150310 0.823600 0.149498 0.827185 0.147906 0.844008 0.144440 0.863130 0.135949 0.868473 0.132019 0.872068 0.130868 0.879790 0.125436 0.885765 0.122782 0.906451 0.103585 0.914633 0.091941 0.920425 0.081359 0.922050 0.073295 0.924930 0.067344 0.925901 0.057123 0.930488 0.046631 0.929109 0.039233
0 0.000000 0.144641 0.000000 0.146899 0.000000 0.151089 0.000000 0.156860 0.000000 0.217770 0.000000 0.223225 0.000000 0.226738 0.000000 0.227699 0.004357 0.226717 0.006798 0.227858 0.010986 0.226220 0.014643 0.227711 0.018208 0.225238 0.019832 0.217175 0.019557 0.205282 0.016963 0.197534 0.017873 0.184670 0.014840 0.157982 0.009804 0.149093 0.004279 0.145095 0.000000 0.143919
0 0.149610 0.138185 0.147925 0.143606 0.148589 0.146204 0.152858 0.148090 0.163052 0.145121 0.165483 0.145822 0.175115 0.144659 0.186014 0.146049 0.196381 0.150568 0.203828 0.159276 0.208873 0.168606 0.211314 0.169747 0.216135 0.169386 0.217913 0.167929 0.219589 0.162067 0.215523 0.142958 0.211694 0.133978 0.207373 0.129890 0.197639 0.126647 0.189192 0.126838 0.175994 0.130474 0.165739 0.130800 0.162164 0.132833 0.157946 0.133149 0.154361 0.134741
0 0.376565 0.136637 0.378475 0.140906 0.389997 0.143132 0.403214 0.140378 0.407974 0.137374 0.409119 0.134641 0.406657 0.132619 0.400600 0.131749 0.384931 0.132922 0.378935 0.134695
0 0.368977 0.121762 0.369068 0.125726 0.375768 0.128313 0.378843 0.130730 0.388537 0.132211 0.403603 0.131083 0.413327 0.133885 0.419333 0.132553 0.431447 0.134293 0.448904 0.132104 0.456758 0.132398 0.463960 0.130535 0.476003 0.129192 0.482673 0.130458 0.507361 0.127727 0.518138 0.123832 0.530181 0.122489 0.537913 0.117498 0.537198 0.112698 0.534104 0.109399 0.526158 0.105141 0.517648 0.102689 0.501336 0.102146 0.497659 0.099773 0.492848 0.100575 0.490417 0.099874 0.487424 0.100981 0.480162 0.100201 0.469314 0.101013 0.465719 0.102165 0.453022 0.101350 0.436770 0.103450 0.416341 0.107626 0.412153 0.109264 0.403706 0.109455 0.395953 0.113565 0.391132 0.113926
0 0.465400 0.140576 0.457044 0.144731 0.455369 0.150593 0.459791 0.159086 0.469668 0.168495 0.470137 0.188756 0.472027 0.192145 0.474478 0.193726 0.485928 0.192869 0.493671 0.188318 0.494836 0.186466 0.494713 0.181181 0.484121 0.166972 0.481764 0.143322 0.477432 0.138792
0 0.597737 0.146111 0.598984 0.147783 0.603825 0.148303 0.613569 0.151986 0.627513 0.154471 0.638401 0.155421 0.645030 0.154925 0.648585 0.152011 0.647237 0.145935 0.645378 0.143868 0.641129 0.142863 0.626615 0.141743 0.604888 0.142046 0.601283 0.142757
0 0.679444 0.128963 0.675808 0.128353 0.669832 0.131007 0.656819 0.142570 0.653375 0.150329 0.650096 0.165135 0.647134 0.167563 0.643079 0.174926 0.638329 0.178371 0.636582 0.181149 0.636111 0.186920 0.638584 0.189382 0.643415 0.189462 0.652915 0.182573 0.666623 0.174929 0.676817 0.171959 0.686296 0.164190 0.687379 0.158814 0.681916 0.131426
0 0.692203 0.106388 0.690027 0.116699 0.683581 0.125124 0.683683 0.129528 0.696420 0.132105 0.711466 0.130096 0.718034 0.126957 0.723295 0.119503 0.723162 0.113777 0.721917 0.112105 0.714623 0.110004 0.708576 0.109574 0.697004 0.105146
0 0.942383 0.143253 0.938175 0.144009 0.931617 0.147588 0.928686 0.151338 0.930931 0.170143 0.932208 0.173136 0.935263 0.174672 0.947826 0.169760 0.947225 0.143773
0 0.335738 0.146312 0.334011 0.149971 0.334144 0.155697 0.336666 0.160362 0.352048 0.172888 0.361232 0.178378 0.366686 0.179294 0.373877 0.176990 0.386370 0.168995 0.392253 0.162378 0.392141 0.157532 0.390252 0.154144 0.387197 0.152608 0.378771 0.153680 0.372723 0.153250 0.366034 0.151104 0.355758 0.150549 0.344747 0.144314 0.338720 0.144765
0 0.457309 0.156183 0.452988 0.152094 0.449955 0.151439 0.442120 0.152026 0.435573 0.156046 0.428382 0.158349 0.424214 0.160867 0.411007 0.164062 0.407431 0.166095 0.399035 0.168488 0.393100 0.172904 0.393815 0.177704 0.396921 0.181442 0.403661 0.185791 0.411568 0.188288 0.426634 0.187160 0.429606 0.185172 0.432619 0.184947 0.441599 0.181627 0.450516 0.175665 0.458095 0.164067 0.458606 0.160057
0 0.522804 0.142896 0.519301 0.148012 0.519433 0.153738 0.525623 0.160335 0.540260 0.166740 0.551057 0.163725 0.554019 0.161297 0.555736 0.157198 0.555562 0.149710 0.551222 0.144740 0.547554 0.142808 0.540282 0.141588 0.531222 0.141384
0 0.579967 0.108613 0.577484 0.105710 0.568945 0.101937 0.559885 0.101733 0.541326 0.108418 0.538976 0.111241 0.539047 0.114324 0.541530 0.117227 0.546993 0.118583 0.565084 0.117670 0.577678 0.114079 0.580018 0.110816
0 0.340855 0.132692 0.340947 0.136656 0.343450 0.140440 0.353756 0.142316 0.363398 0.141594 0.374798 0.138534 0.378312 0.133859 0.378261 0.131656 0.374574 0.128844 0.364840 0.125602 0.355187 0.125883 0.348006 0.128627 0.343787 0.128943
0 0.478135 0.000000 0.473844 0.000000 0.446827 0.000000 0.435989 0.000000 0.405796 0.000000 0.403395 0.000000 0.403006 0.000964 0.408022 0.008972 0.419808 0.022650 0.428378 0.027745 0.434414 0.027734 0.454772 0.020474 0.466060 0.012569 0.469604 0.009215 0.478247 0.000000
0 0.309998 0.129707 0.311305 0.134022 0.322929 0.140653 0.327137 0.139896 0.338486 0.134634 0.340845 0.132251 0.341959 0.128197 0.334023 0.124379 0.323727 0.122944 0.315902 0.123971
0 0.129294 0.147207 0.126361 0.150957 0.125952 0.159371 0.130354 0.166983 0.140701 0.170621 0.150344 0.169899 0.156922 0.167200 0.159885 0.164772 0.162204 0.160628 0.160886 0.155873 0.148650 0.148847 0.138977 0.148247 0.133502 0.146451
0 0.044830 0.149560 0.040703 0.153840 0.038987 0.157939 0.039100 0.162784 0.045472 0.177309 0.058352 0.186052 0.065563 0.184630 0.080640 0.183942 0.083633 0.182836 0.085247 0.174331 0.090487 0.165997 0.087884 0.157808 0.089436 0.146661 0.082747 0.144515 0.065811 0.143135 0.057394 0.144648
0 0.464718 0.085032 0.468405 0.087844 0.483513 0.088478 0.492705 0.094408 0.499978 0.095629 0.506004 0.095178 0.511387 0.093010 0.514330 0.089701 0.525055 0.083603 0.526812 0.081265 0.535178 0.077550 0.536260 0.072175 0.535015 0.070503 0.531378 0.069893 0.518723 0.070840 0.505934 0.066062 0.492666 0.066614 0.486097 0.069753 0.480694 0.071040 0.478345 0.073863 0.468794 0.078549 0.464667 0.082829
0 0.306507 0.083198 0.302901 0.083909 0.293453 0.093000 0.287017 0.101865 0.283022 0.111872 0.283165 0.118038 0.288058 0.120760 0.300805 0.123777 0.305616 0.122976 0.309141 0.118741 0.320009 0.092777 0.319948 0.090134 0.317467 0.087231
0 0.224708 0.096382 0.222329 0.097884 0.220010 0.102028 0.220796 0.109912 0.224554 0.115808 0.235024 0.124731 0.244738 0.127092 0.251949 0.125670 0.256658 0.120464 0.257762 0.115969 0.256965 0.107645 0.253830 0.102585 0.248304 0.098586 0.235607 0.097772 0.231931 0.095400
0 0.210133 0.092620 0.201604 0.089287 0.191941 0.089128 0.178101 0.091047 0.168510 0.093971 0.154791 0.101175 0.138049 0.108165 0.129785 0.116284 0.125137 0.124133 0.124136 0.133033 0.126015 0.135981 0.136382 0.140499 0.146638 0.140173 0.155524 0.132889 0.161388 0.125390 0.168529 0.120885 0.179304 0.116989 0.183534 0.117114 0.190724 0.114811 0.198559 0.114224 0.204544 0.112011 0.209274 0.107686 0.212186 0.103055 0.212687 0.098606
0 0.007948 0.120994 0.007477 0.126765 0.014892 0.134152 0.025229 0.137349 0.034299 0.137994 0.040918 0.137057 0.048090 0.133873 0.050357 0.127526 0.049632 0.122285 0.047733 0.118456 0.040991 0.114107 0.022258 0.113304 0.014474 0.116093
0 0.786220 0.047284 0.780633 0.040642 0.775148 0.038406 0.760704 0.040369 0.757129 0.042402 0.749468 0.050476 0.749580 0.055322 0.754472 0.058044 0.765402 0.060755 0.772633 0.060214 0.778609 0.057561 0.785137 0.052660
0 0.656679 0.058306 0.656168 0.062315 0.660561 0.069487 0.669120 0.074141 0.675157 0.074130 0.681132 0.071477 0.685964 0.071556 0.687751 0.070540 0.696199 0.070349 0.707730 0.073015 0.716933 0.079386 0.729119 0.084210 0.734543 0.083804 0.744727 0.080394 0.750049 0.075583 0.749855 0.067214 0.745504 0.061804 0.734463 0.054247 0.720449 0.048678 0.709570 0.048169 0.706516 0.046632 0.695005 0.044847 0.684157 0.045659 0.669744 0.048944 0.661970 0.052174
0 0.657273 0.031787 0.649960 0.028805 0.643361 0.030623 0.636200 0.034247 0.631348 0.033287 0.630807 0.035975 0.622462 0.040571 0.612431 0.050588 0.612533 0.054992 0.616250 0.059126 0.621745 0.061803 0.631408 0.061963 0.645771 0.056475 0.652318 0.052455 0.660562 0.043454 0.661052 0.038564
1 0.000000 0.546388 0.058720 0.488387 0.076309 0.499733 0.109682 0.576211 0.118221 0.592709 0.081843 0.606604 0.047348 0.613657 0.000000 0.636672 0.000000 0.658626 0.000000 0.568744
0 0.905909 0.549710 0.901792 0.554430 0.899564 0.562539 0.899758 0.570908 0.902312 0.576894 0.910248 0.580712 0.920554 0.582588 0.937480 0.583527 0.953241 0.586318 0.957459 0.586003 0.956430 0.541515 0.944417 0.544179 0.940750 0.542248 0.933560 0.544551 0.926307 0.544212 0.913693 0.546921
0 0.593086 0.023356 0.587182 0.029093 0.585506 0.034954 0.586200 0.038873 0.594209 0.045775 0.602707 0.047786 0.608141 0.047820 0.614658 0.042479 0.614516 0.036312 0.611911 0.028124 0.607560 0.022713 0.604516 0.021618
0 0.279991 0.059151 0.264169 0.053717 0.253924 0.054484 0.248551 0.057092 0.237285 0.065878 0.235558 0.069537 0.236906 0.075613 0.243086 0.081769 0.248561 0.083565 0.257610 0.083329 0.267202 0.080405 0.282085 0.071348 0.284434 0.068525 0.284322 0.063680
0 0.083549 0.022675 0.079412 0.026515 0.078288 0.030129 0.078410 0.035414 0.081567 0.041355 0.088880 0.044337 0.100923 0.042995 0.105683 0.039991 0.109789 0.034830 0.109667 0.029544 0.107797 0.027037 0.100434 0.021852 0.094376 0.020982
0 0.284652 0.000000 0.276950 0.005989 0.277144 0.014358 0.288185 0.021915 0.294242 0.022785 0.300258 0.021894 0.312700 0.011696 0.311986 0.006896 0.309493 0.003553 0.304590 0.000390 0.295469 0.000000
0 0.917553 0.765924 0.914631 0.770114 0.917175 0.775659 0.925141 0.780799 0.932956 0.779331 0.934723 0.777434 0.935816 0.772499 0.932047 0.766162 0.926562 0.763926 0.921138 0.764332
0 0.921584 0.627075 0.921635 0.629278 0.923474 0.630464 0.930154 0.632170 0.945261 0.632804 0.958509 0.631371 0.958234 0.619478 0.948009 0.621126 0.943157 0.620166 0.939562 0.621317 0.934731 0.621238 0.928724 0.622570
0 0.151665 0.957398 0.149959 0.961938 0.156762 0.968929 0.160428 0.970861 0.167027 0.969043 0.172952 0.964187 0.174688 0.960969 0.174004 0.957490 0.168509 0.954813 0.157662 0.955625
0 0.704418 0.138566 0.693294 0.153518 0.690995 0.158543 0.692302 0.162858 0.702057 0.166981 0.715417 0.170393 0.718482 0.172370 0.753752 0.183407 0.764721 0.187881 0.775048 0.190638 0.778644 0.189486 0.786284 0.180531 0.793824 0.167170 0.783906 0.156000 0.775336 0.150905 0.738830 0.138637 0.714663 0.137799 0.711016 0.136748 0.707401 0.137019
0 0.882231 0.126577 0.876869 0.129626 0.873927 0.132935 0.874213 0.145268 0.879156 0.150192 0.893017 0.149155 0.900136 0.143768 0.901863 0.140109 0.901761 0.135704 0.899248 0.131480 0.893100 0.126646 0.890065 0.125990
0 0.019885 0.193344 0.019997 0.198189 0.022489 0.201533 0.023173 0.205011 0.028729 0.210331 0.035624 0.221287 0.039311 0.224100 0.061913 0.261677 0.065846 0.275061 0.070840 0.282188 0.074497 0.283679 0.084711 0.281591 0.106264 0.273800 0.114088 0.272773 0.120616 0.267872 0.127215 0.266054 0.130851 0.266664 0.133189 0.263401 0.138613 0.262995 0.150596 0.259009 0.176438 0.253985 0.190197 0.248543 0.216081 0.245281 0.222679 0.243464 0.228113 0.243498 0.231689 0.241466 0.238317 0.240969 0.240749 0.241670 0.263026 0.239119 0.275110 0.239538 0.289574 0.238456 0.297970 0.236062 0.299717 0.233284 0.302332 0.215880 0.302129 0.207071 0.304979 0.199798 0.304867 0.194952 0.307155 0.189486 0.309281 0.176973 0.307360 0.172263 0.304327 0.171608 0.292294 0.173391 0.288719 0.175424 0.279710 0.177422 0.271262 0.177613 0.259751 0.175827 0.249506 0.176594 0.209833 0.183977 0.183929 0.186357 0.176124 0.188266 0.138147 0.190667 0.136319 0.189922 0.132110 0.190678 0.129670 0.189537 0.117054 0.192247 0.094706 0.191714 0.091099 0.192425 0.087443 0.190934 0.065135 0.192163 0.062090 0.191067 0.059077 0.191292 0.054798 0.188965 0.048771 0.189417 0.035451 0.187766 0.023419 0.189550
0 0.021261 0.226775 0.014091 0.229959 0.010476 0.230230 0.006920 0.233143 0.003417 0.238259 0.000000 0.244572 0.000000 0.264380 0.000000 0.273030 0.000000 0.282957 0.000000 0.290760 0.000000 0.294160 0.000000 0.302054 0.000000 0.303115 0.000000 0.326019 0.000000 0.329352 0.000000 0.330042 0.000000 0.333600 0.000000 0.332403 0.000000 0.328563 0.000000 0.314187 0.000000 0.308936 0.000000 0.294559 0.005784 0.288382 0.010984 0.278286 0.019227 0.269285 0.025622 0.258658 0.032711 0.251950 0.036776 0.245027 0.037206 0.237494 0.035950 0.235382
0 0.029769 0.255259 0.026245 0.259494 0.026327 0.263018 0.030014 0.265830 0.048307 0.273727 0.053169 0.275127 0.056775 0.274416 0.057888 0.270362 0.055325 0.263935 0.055142 0.256007 0.053221 0.251297 0.050770 0.249716 0.044131 0.249771
0 0.357165 0.211334 0.353528 0.210724 0.345101 0.211796 0.337930 0.214980 0.332006 0.219836 0.327970 0.228080 0.328726 0.234642 0.332444 0.238776 0.341545 0.240742 0.348163 0.239805 0.355927 0.236135 0.361842 0.230839 0.363557 0.226740 0.363353 0.217930 0.361444 0.213661
0 0.327676 0.189274 0.323580 0.194875 0.323743 0.201923 0.328104 0.207773 0.335448 0.212077 0.353548 0.211605 0.359616 0.212915 0.369238 0.211312 0.372221 0.209765 0.372129 0.205801 0.361823 0.203925 0.355725 0.201293 0.341006 0.191364 0.339076 0.186214 0.337237 0.185028 0.333018 0.185344
0 0.393763 0.201534 0.391363 0.202155 0.387838 0.206390 0.390504 0.217221 0.385876 0.225951 0.375856 0.236408 0.374752 0.240903 0.377847 0.244201 0.391871 0.250211 0.400941 0.250856 0.409950 0.248858 0.414710 0.245854 0.423689 0.242534 0.426059 0.240592 0.425957 0.236187 0.422883 0.233770 0.416612 0.223650 0.415866 0.217529 0.419319 0.210210 0.419810 0.205320 0.416133 0.202948 0.407644 0.201377
0 0.467460 0.203518 0.459687 0.206747 0.454937 0.210191 0.452107 0.218345 0.452270 0.225393 0.454803 0.230498 0.460319 0.234056 0.473608 0.234385 0.477806 0.233188 0.486693 0.225904 0.488420 0.222245 0.488236 0.214317 0.485090 0.208816 0.478951 0.204422 0.475305 0.203371
0 0.569147 0.162812 0.564969 0.164890 0.562099 0.171282 0.548533 0.185093 0.540780 0.189204 0.540279 0.193653 0.557930 0.199833 0.561535 0.199122 0.566295 0.196118 0.570412 0.191398 0.573864 0.184079 0.574734 0.169454 0.572835 0.165625
0 0.513701 0.192996 0.506663 0.201906 0.506214 0.208558 0.510023 0.216657 0.519358 0.228753 0.520155 0.237077 0.516160 0.247083 0.516232 0.250167 0.518101 0.252674 0.525363 0.253454 0.530838 0.255250 0.536865 0.254799 0.552452 0.250102 0.567519 0.248974 0.581288 0.243972 0.585455 0.241454 0.589000 0.238100 0.594629 0.220471 0.593945 0.216992 0.585130 0.201326 0.582087 0.200231 0.566418 0.201404 0.556132 0.200409 0.548175 0.195710 0.528094 0.188830 0.520269 0.189857
0 0.344864 0.253730 0.343852 0.262190 0.346917 0.264166 0.357805 0.265116 0.362708 0.268279 0.364689 0.275631 0.367151 0.277653 0.373198 0.278083 0.382830 0.276921 0.393546 0.270382 0.394628 0.265007 0.392146 0.262104 0.390318 0.261358 0.374618 0.261210 0.367315 0.258668 0.361800 0.255110 0.358021 0.248333 0.351402 0.249270
0 0.216285 0.254091 0.210993 0.260223 0.206938 0.267586 0.206437 0.272036 0.210747 0.275685 0.223515 0.279582 0.228346 0.279662 0.232055 0.283355 0.238112 0.284225 0.246068 0.288924 0.252728 0.289750 0.277712 0.299792 0.281931 0.299477 0.291062 0.302764 0.295853 0.301082 0.306395 0.287055 0.306875 0.281725 0.305619 0.279613 0.263597 0.263786 0.259358 0.263221 0.228317 0.252308 0.221045 0.251087
0 0.180738 0.257193 0.172363 0.260468 0.164681 0.267661 0.163158 0.280130 0.163484 0.294225 0.166078 0.301973 0.169193 0.306152 0.175914 0.309620 0.185587 0.310219 0.194586 0.307781 0.199919 0.303410 0.201645 0.299751 0.201533 0.294906 0.198438 0.291608 0.195834 0.283420 0.198091 0.276632 0.201023 0.272883 0.201524 0.268433 0.198327 0.260730 0.193424 0.257567 0.187368 0.256697
0 0.126091 0.269668 0.117755 0.274704 0.108980 0.286833 0.109777 0.295157 0.117111 0.299020 0.122565 0.299936 0.131615 0.299699 0.135180 0.297226 0.139062 0.282375 0.139451 0.273080 0.134538 0.269477
0 0.706829 0.555790 0.708861 0.565345 0.712661 0.573002 0.721353 0.583382 0.732997 0.590894 0.753681 0.597729 0.772587 0.606021 0.781055 0.606710 0.786550 0.609387 0.793179 0.608891 0.799267 0.611083 0.805303 0.611072 0.819849 0.613513 0.824671 0.613152 0.831238 0.610013 0.837735 0.603791 0.844324 0.601532 0.846683 0.599150 0.850146 0.592272 0.848287 0.590205 0.836152 0.587583 0.828226 0.584206 0.825805 0.583946 0.821617 0.585583 0.816132 0.583346 0.811914 0.583662 0.800341 0.579234 0.793079 0.578454 0.774212 0.571924 0.764509 0.570003 0.746869 0.564264 0.742641 0.564139 0.735317 0.560717 0.725051 0.560603 0.713437 0.554412 0.709209 0.554288
0 0.760460 0.655905 0.769674 0.662716 0.782441 0.666614 0.799837 0.661782 0.809367 0.656215 0.808622 0.650093 0.803137 0.647856 0.795303 0.648443 0.787508 0.650791 0.776650 0.651163 0.771849 0.652405 0.760950 0.651015
1 0.000000 0.636240 0.000000 0.689149 0.009334 0.748837 0.064267 0.753628 0.156444 0.722243 0.175357 0.651258 0.095844 0.604338
0 0.110544 0.693531 0.106183 0.687681 0.091648 0.685680 0.086245 0.686967 0.080208 0.686978 0.073619 0.689236 0.068798 0.689597 0.060422 0.692872 0.055591 0.692792 0.051393 0.693989 0.048961 0.693288 0.042352 0.694666 0.019584 0.702106 0.013690 0.708283 0.013894 0.717093 0.016376 0.719996 0.026090 0.722357 0.041157 0.721229 0.057387 0.718249 0.067081 0.719729 0.096652 0.719280 0.102627 0.716627 0.107949 0.711816 0.111361 0.702736
0 0.243703 0.630173 0.239454 0.629168 0.214224 0.634586 0.203457 0.638922 0.198115 0.642852 0.194520 0.644004 0.192160 0.646387 0.188554 0.647098 0.183191 0.650147 0.180842 0.652970 0.180965 0.658256 0.188339 0.663881 0.192138 0.671538 0.195203 0.673515 0.213936 0.674319 0.222955 0.672761 0.241444 0.662993 0.252659 0.652005 0.253140 0.646675 0.248003 0.633381
0 0.390821 0.648280 0.391525 0.652640 0.394640 0.656819 0.397664 0.657034 0.401944 0.659361 0.410953 0.657363 0.418726 0.654133 0.424671 0.650158 0.426398 0.646499 0.418461 0.642681 0.405744 0.640986 0.400320 0.641392 0.394334 0.643605
0 0.477758 0.596325 0.477849 0.600289 0.481047 0.607992 0.491005 0.620924 0.498941 0.624743 0.510984 0.623400 0.517021 0.623389 0.519462 0.624530 0.522455 0.623423 0.541148 0.622465 0.544110 0.620037 0.548348 0.620602 0.553721 0.617994 0.561884 0.605470 0.563538 0.598727 0.567656 0.594007 0.565173 0.591104 0.556144 0.592221 0.554356 0.593237 0.547665 0.591091 0.539892 0.594320 0.516962 0.594713 0.490465 0.597580 0.484980 0.595343
1 0.276450 0.612583 0.650928 0.584547 0.636142 0.599601 0.604403 0.621700 0.585620 0.634649 0.560886 0.646605 0.538128 0.658409 0.518527 0.664686 0.476612 0.673595 0.469408 0.675096 0.431882 0.674539 0.393640 0.671247 0.341056 0.651327 0.308330 0.633621 0.297936 0.628244 0.282095 0.617548
0 0.418704 0.679285 0.406784 0.685913 0.405629 0.688206 0.406354 0.693447 0.414311 0.698146 0.419173 0.699547 0.427621 0.699355 0.431778 0.696397 0.432177 0.687542 0.429041 0.682482 0.425967 0.680065
1 0.640295 0.788976 0.651170 0.765345 0.668215 0.745145 0.712319 0.709562 0.746861 0.688612 0.780811 0.674938 0.755234 0.655705 0.705532 0.646626 0.672085 0.649130 0.647878 0.655955 0.617757 0.670450 0.593942 0.694497 0.587603 0.716676 0.586521 0.735677 0.592305 0.755280 0.608669 0.771307 0.617259 0.780684
0 0.816374 0.854685 0.805516 0.855057 0.780256 0.859154 0.777284 0.861142 0.776722 0.862949 0.778060 0.868585 0.787314 0.877158 0.798253 0.880310 0.812083 0.877950 0.816843 0.874947 0.820236 0.864986 0.820083 0.858379
0 0.128582 0.925151 0.125447 0.920091 0.118153 0.917990 0.110329 0.919017 0.106744 0.920609 0.095886 0.920980 0.089900 0.923193 0.080871 0.924311 0.065293 0.929448 0.060523 0.932011 0.051687 0.941497 0.051207 0.946828 0.053076 0.949336 0.059797 0.952804 0.070246 0.960846 0.083504 0.959853 0.096834 0.961944 0.107069 0.960736 0.111247 0.958659 0.122483 0.948552 0.125905 0.939912 0.126335 0.932379
0 0.774486 0.000000 0.766641 0.000000 0.762453 0.000000 0.752626 0.004352 0.753954 0.009547 0.765445 0.010452 0.768448 0.009786 0.771410 0.007358 0.778316 0.000000 0.778184 0.000000
0 0.256671 0.929681 0.254372 0.934706 0.254505 0.940433 0.257079 0.947300 0.263269 0.953896 0.272451 0.959386 0.278508 0.960256 0.291153 0.958868 0.296608 0.959783 0.306853 0.959016 0.317620 0.954680 0.322931 0.949429 0.324066 0.946256 0.322677 0.938417 0.316466 0.930940 0.307294 0.925891 0.301257 0.925902 0.296467 0.927584 0.282494 0.923776 0.272218 0.923222 0.264403 0.924690
0 0.000000 0.322375 0.000000 0.327221 0.000000 0.331400 0.000000 0.341971 0.000000 0.345800 0.000000 0.346455 0.010102 0.344536 0.019080 0.341217 0.024412 0.336847 0.026722 0.332261 0.027212 0.327371 0.024679 0.322266 0.021012 0.320334 0.012565 0.320526 0.002952 0.322569 0.000000 0.321608
0 0.058631 0.328549 0.058784 0.335156 0.061419 0.344666 0.063931 0.348890 0.066383 0.350471 0.073064 0.352177 0.083319 0.351851 0.090611 0.353952 0.101419 0.351378 0.104381 0.348950 0.106067 0.343529 0.103473 0.335781 0.103249 0.326091 0.100715 0.320986 0.097651 0.319009 0.091594 0.318139 0.078928 0.318646 0.075935 0.319752 0.072391 0.323106 0.062197 0.326076
0 0.109970 0.303526 0.108294 0.309387 0.110551 0.328633 0.116802 0.337872 0.124176 0.343497 0.132042 0.344232 0.135034 0.343125 0.148896 0.342087 0.159702 0.339514 0.166271 0.336374 0.168610 0.333111 0.167344 0.330558 0.159478 0.329823 0.157640 0.328637 0.142543 0.328444 0.139458 0.325586 0.135812 0.324535 0.135781 0.323214 0.132176 0.323925 0.126660 0.320367 0.124117 0.314821 0.121053 0.312845 0.120961 0.308880 0.119122 0.307694 0.118438 0.304216 0.114148 0.301448
0 0.353310 0.279572 0.348428 0.277290 0.344812 0.277561 0.340031 0.279684 0.310265 0.297796 0.309173 0.302732 0.313402 0.302856 0.330796 0.298024 0.342717 0.291396 0.350500 0.288607 0.354046 0.285253
0 0.445159 0.257252 0.441482 0.254880 0.430685 0.257895 0.396027 0.273285 0.385301 0.279383 0.379285 0.280275 0.355383 0.290889 0.353698 0.296310 0.361828 0.308497 0.367926 0.311129 0.376955 0.310012 0.399642 0.299047 0.409224 0.295683 0.421144 0.289054 0.425352 0.288298 0.435495 0.283126 0.439703 0.282370 0.445046 0.278440 0.452217 0.275256 0.454577 0.272873 0.453269 0.268558
0 0.659226 0.220488 0.653740 0.218251 0.640420 0.216601 0.628368 0.217504 0.604333 0.222392 0.599593 0.226276 0.596160 0.234475 0.587866 0.241274 0.572350 0.249054 0.565158 0.251357 0.559797 0.254406 0.548540 0.263632 0.545628 0.268262 0.543411 0.276812 0.544841 0.286412 0.546771 0.291562 0.557424 0.308414 0.575585 0.310584 0.581009 0.310178 0.598415 0.305786 0.620672 0.302355 0.629150 0.303485 0.651622 0.309304 0.663695 0.309282 0.673307 0.307239 0.681050 0.302688 0.686943 0.296511 0.695116 0.284427 0.698528 0.275347 0.698947 0.267373 0.695168 0.260597 0.679224 0.249877 0.677967 0.247765 0.678489 0.244196 0.674015 0.233500 0.668428 0.226859
0 0.690256 0.230961 0.686691 0.233434 0.684955 0.236652 0.684536 0.244626 0.686414 0.247574 0.688866 0.249155 0.698580 0.251517 0.704617 0.251506 0.711767 0.247441 0.715873 0.242280 0.715679 0.233911 0.704128 0.230363 0.698683 0.229888
0 0.751227 0.204776 0.747009 0.205091 0.732678 0.211900 0.721850 0.213593 0.717090 0.216597 0.715925 0.218449 0.716711 0.226333 0.722299 0.232974 0.733851 0.236521 0.738672 0.236160 0.741645 0.234173 0.747508 0.226674 0.757611 0.219741 0.759348 0.216522 0.758633 0.211722 0.755517 0.207543
0 0.006687 0.000000 0.002018 0.000000 0.001630 0.004540 0.004132 0.008324 0.012089 0.013023 0.019372 0.014684 0.035041 0.013511 0.044602 0.009265 0.049924 0.004454 0.051640 0.000355 0.050925 0.000000 0.047800 0.000000 0.040466 0.000000 0.021089 0.000000 0.012049 0.000000
1 0.252937 0.138343 0.648407 0.099999 0.579138 0.154996 0.528391 0.183702 0.457116 0.203895 0.380477 0.198708 0.310493 0.171177
0 0.231496 0.415766 0.226756 0.419651 0.226879 0.424937 0.233977 0.444702 0.236040 0.455578 0.238491 0.457160 0.236776 0.461259 0.239451 0.472531 0.239837 0.515301 0.236987 0.522574 0.237068 0.526098 0.234749 0.530243 0.233299 0.545795 0.234564 0.548347 0.238232 0.550279 0.241847 0.550008 0.246107 0.551454 0.252082 0.548801 0.253339 0.550913 0.255759 0.551173 0.259447 0.553985 0.263584 0.550146 0.271398 0.548678 0.273778 0.547176 0.294932 0.548240 0.297905 0.546253 0.301919 0.537127 0.303279 0.517611 0.307764 0.502715 0.308775 0.494256 0.311707 0.490507 0.314506 0.481031 0.325958 0.454141 0.330647 0.448054 0.331117 0.442283 0.326807 0.438634 0.323190 0.438905 0.319544 0.437854 0.307889 0.429902 0.300004 0.428287 0.286143 0.429324 0.270383 0.426533 0.267318 0.424557 0.264305 0.424782 0.260648 0.423291 0.257042 0.424002 0.246011 0.416886 0.238789 0.417868 0.235113 0.415496
1 0.166388 0.889228 0.162771 0.889499 0.159227 0.892853 0.152260 0.904847 0.144640 0.914683 0.141187 0.922001 0.135303 0.928619 0.130154 0.940918 0.127203 0.943786 0.122003 0.953882 0.117294 0.959088 0.115036 0.965876 0.107457 0.977474 0.104596 0.984307 0.102962 0.991930 0.103125 0.998978 0.107557 1.000000 0.116770 1.000000 0.125288 1.000000 0.136197 1.000000 0.150681 1.000000 0.163920 1.000000 0.184890 1.000000 0.202787 1.000000 0.214074 0.993319 0.222328 0.984758 0.228263 0.980343 0.231163 0.975272 0.228560 0.967084 0.216691 0.949882 0.211788 0.946719 0.209857 0.941569 0.204291 0.935808 0.199256 0.926920 0.178797 0.903742 0.175029 0.897406
0 0.853855 0.152528 0.852578 0.149535 0.847685 0.146812 0.837430 0.147139 0.826674 0.151915 0.805581 0.153495 0.797307 0.161174 0.796765 0.163862 0.798625 0.165929 0.806469 0.165783 0.820462 0.170471 0.827735 0.171691 0.839104 0.167310 0.845049 0.163335 0.853323 0.155656
0 0.705018 0.190586 0.703251 0.192483 0.702740 0.196492 0.704639 0.200321 0.712055 0.207708 0.715088 0.208364 0.727142 0.207461 0.730706 0.204988 0.734721 0.195863 0.733987 0.190182 0.730288 0.186929 0.717613 0.186996 0.709196 0.188508
0 0.516539 0.237348 0.512290 0.236342 0.499654 0.238171 0.495487 0.240689 0.490778 0.245895 0.480563 0.247983 0.473904 0.247158 0.467274 0.247655 0.451452 0.242221 0.447826 0.242051 0.443690 0.245890 0.443853 0.252938 0.458193 0.272602 0.469183 0.277957 0.478223 0.277280 0.500909 0.266316 0.508622 0.260443 0.511553 0.256694 0.513178 0.248630 0.517233 0.241267
0 0.297949 0.261214 0.294424 0.265449 0.294598 0.272937 0.300113 0.276495 0.304965 0.277455 0.308673 0.281149 0.326242 0.283805 0.334627 0.280971 0.335792 0.279119 0.335660 0.273392 0.333719 0.267802 0.329991 0.263227 0.325701 0.260460 0.318408 0.258358 0.314118 0.255591 0.307500 0.256528
0 0.064793 0.281758 0.052678 0.280018 0.035876 0.284364 0.029910 0.287458 0.025804 0.292619 0.025957 0.299226 0.029102 0.304727 0.033392 0.307494 0.040686 0.309596 0.058152 0.307847 0.061738 0.306255 0.070614 0.298530 0.072923 0.293945 0.072209 0.289145
0 0.532830 0.263043 0.528611 0.263359 0.518570 0.272935 0.508345 0.274583 0.502993 0.278073 0.502533 0.284284 0.504443 0.288554 0.509366 0.292597 0.516056 0.294744 0.526321 0.294858 0.529897 0.292825 0.535627 0.279601 0.542145 0.274259 0.542635 0.269369
0 0.921881 0.000000 0.918357 0.000000 0.902248 0.000000 0.895741 0.000000 0.889960 0.000000 0.891246 0.000000 0.889531 0.000000 0.889663 0.004241 0.894167 0.016258 0.907639 0.024515 0.910050 0.024335 0.914943 0.027057 0.937261 0.026269 0.944452 0.023965 0.943025 0.000000 0.932157 0.000000 0.927887 0.000000
0 0.942459 0.042205 0.935289 0.045389 0.929395 0.051566 0.926678 0.064566 0.926871 0.072934 0.928137 0.075487 0.931046 0.122922 0.934784 0.127937 0.946909 0.130118 0.944870 0.042024
0 0.900915 0.307848 0.899832 0.313224 0.901885 0.323660 0.898677 0.341549 0.900014 0.347185 0.915305 0.355747 0.931055 0.358098 0.940187 0.361385 0.947429 0.361284 0.948594 0.359432 0.947543 0.340097 0.946215 0.334901 0.943079 0.329841 0.932692 0.324442 0.911794 0.308357 0.907534 0.306911
0 0.827733 0.849864 0.825976 0.852201 0.826078 0.856606 0.830430 0.862016 0.835904 0.863813 0.842513 0.862435 0.844832 0.858291 0.843474 0.851774 0.836753 0.848306 0.832524 0.848181
0 0.753115 0.886336 0.748887 0.886212 0.745291 0.887363 0.741143 0.890763 0.741347 0.899572 0.746260 0.903175 0.754085 0.902148 0.760010 0.897292 0.759254 0.890730
0 0.868106 0.878945 0.874013 0.877263 0.881284 0.879203 0.884677 0.878949 0.885863 0.875132 0.893470 0.873322 0.895657 0.876260 0.893649 0.881070 0.891201 0.885600 0.885722 0.887563 0.878936 0.888071 0.872506 0.885446 0.867785 0.883629
0 0.000883 0.888717 0.009753 0.892903 0.020900 0.893281 0.033825 0.888329 0.035603 0.893394 0.033360 0.898760 0.028691 0.902057 0.021854 0.903782 0.013554 0.903534 0.006122 0.900106 0.000000 0.891797
0 0.158860 0.876996 0.155193 0.875064 0.150382 0.875866 0.141414 0.879626 0.133599 0.881093 0.128839 0.884097 0.123517 0.888908 0.121852 0.895210 0.119513 0.898474 0.113578 0.902889 0.110575 0.903555 0.096285 0.912126 0.095141 0.914859 0.095825 0.918338 0.100094 0.920224 0.122964 0.917188 0.145161 0.911114 0.150483 0.906303 0.153363 0.900352 0.154396 0.892774 0.158952 0.880960
0 0.183088 0.880477 0.174651 0.881109 0.171066 0.882701 0.166939 0.886981 0.168880 0.892572 0.176234 0.897316 0.184589 0.893160 0.188696 0.887999 0.187991 0.883640
0 0.246266 0.871335 0.236020 0.872102 0.217470 0.879227 0.211465 0.880559 0.210974 0.885449 0.214743 0.891785 0.219022 0.894112 0.226305 0.895773 0.233537 0.895232 0.238920 0.893064 0.246020 0.886796 0.248920 0.881726 0.248778 0.875559
0 0.242535 0.892793 0.241413 0.896407 0.242913 0.909091 0.244833 0.913800 0.247295 0.915822 0.253362 0.917133 0.262995 0.915970 0.271984 0.913091 0.274956 0.911104 0.275406 0.904452 0.272821 0.897144 0.263598 0.889893 0.252740 0.890264
0 0.308665 0.880783 0.303955 0.885989 0.305345 0.893827 0.309011 0.895759 0.312035 0.895973 0.319849 0.894506 0.323363 0.889830 0.323271 0.885866 0.319533 0.880851 0.314681 0.879891
0 0.401493 0.900748 0.401074 0.908721 0.404239 0.915103 0.406722 0.918006 0.411001 0.920333 0.423678 0.920266 0.429071 0.918539 0.438142 0.919183 0.456190 0.916508 0.471277 0.916261 0.482074 0.913247 0.488714 0.913191 0.495312 0.911373 0.502452 0.906868 0.504220 0.904970 0.505322 0.900475 0.503260 0.889599 0.498930 0.885070 0.494680 0.884064 0.481432 0.885497 0.474159 0.884277 0.469950 0.885033 0.466907 0.883937 0.463322 0.885529 0.459675 0.884479 0.449460 0.886567 0.446427 0.885912 0.417500 0.888078 0.409705 0.890426 0.403791 0.895722
0 0.514342 0.898918 0.511942 0.899539 0.507222 0.904304 0.507416 0.912673 0.512319 0.915836 0.518958 0.915780 0.524913 0.912246 0.526578 0.905944 0.525291 0.902510 0.519776 0.898952
0 0.599643 0.906651 0.596731 0.911281 0.596802 0.914365 0.599315 0.918589 0.606025 0.921616 0.614433 0.919663 0.617364 0.915914 0.617242 0.910628 0.615352 0.907240 0.608672 0.905534
0 0.676293 0.879733 0.670848 0.879258 0.661216 0.880421 0.647427 0.884542 0.639143 0.891780 0.633320 0.901041 0.630449 0.907433 0.630663 0.916683 0.632614 0.922714 0.638180 0.928475 0.645504 0.931897 0.649140 0.932508 0.667812 0.930669 0.677475 0.930828 0.683461 0.928615 0.687005 0.925261 0.688129 0.921647 0.686005 0.908128 0.686772 0.889097 0.683617 0.883156
0 0.031544 0.958007 0.029786 0.960345 0.029878 0.964309 0.035455 0.970510 0.042738 0.972171 0.049326 0.969913 0.052881 0.966999 0.054035 0.964707 0.052688 0.958631 0.041758 0.955919
0 0.242072 0.977103 0.237915 0.980062 0.236188 0.983721 0.235738 0.990373 0.237036 0.994247 0.242613 1.000000 0.257699 1.000000 0.263062 0.997152 0.269549 0.990489 0.273594 0.982685 0.273482 0.977840 0.271010 0.975378 0.266771 0.974813
0 0.207193 0.930738 0.208499 0.935052 0.212207 0.938746 0.215874 0.940677 0.223749 0.941853 0.230378 0.941356 0.237529 0.937291 0.241033 0.932175 0.240359 0.929137 0.237295 0.927160 0.225834 0.927577 0.217949 0.925961 0.211329 0.926898
0 0.296851 0.996387 0.298751 1.000000 0.311600 1.000000 0.317668 1.000000 0.328475 1.000000 0.333828 1.000000 0.336146 0.998740 0.336024 0.993454 0.329344 0.991748 0.322745 0.993566 0.315513 0.994108 0.305207 0.992232 0.299784 0.992638
0 0.339990 0.930061 0.334004 0.932275 0.332973 0.939853 0.334882 0.944122 0.337967 0.946980 0.343412 0.947454 0.349366 0.943920 0.351573 0.934930 0.349663 0.930661
0 0.383719 0.915316 0.375884 0.915902 0.365087 0.918917 0.359714 0.921525 0.353811 0.927262 0.351093 0.940261 0.352451 0.946778 0.358028 0.952979 0.370223 0.958243 0.384085 0.957205 0.395453 0.952824 0.401368 0.947528 0.405413 0.939724 0.405822 0.931310 0.402013 0.923212 0.394648 0.918027
0 0.698655 0.828641 0.695110 0.831995 0.695242 0.837721 0.700216 0.843967 0.712463 0.851434 0.719705 0.851333 0.724507 0.850091 0.729246 0.846206 0.732699 0.838888 0.731984 0.834088 0.728328 0.832597 0.711974 0.830292 0.703456 0.827399
0 0.643648 0.837057 0.657647 0.836009 0.669083 0.834535 0.677534 0.832658 0.677284 0.840129 0.667642 0.845819 0.660048 0.847941 0.649020 0.848767 0.643863 0.846360 0.640798 0.842552 0.640326 0.840412
0 0.622831 0.865204 0.621697 0.868378 0.623107 0.877097 0.627488 0.883828 0.630552 0.885805 0.640255 0.887726 0.645056 0.886484 0.648602 0.883130 0.647887 0.878330 0.644771 0.874151 0.628255 0.864798
0 0.572946 0.822610 0.571843 0.827104 0.579809 0.832244 0.591863 0.831342 0.597195 0.826971 0.597103 0.823007 0.594038 0.821030 0.586787 0.820691
0 0.556389 0.811495 0.553467 0.815685 0.550831 0.832207 0.550094 0.852559 0.548501 0.861944 0.549848 0.868021 0.556641 0.874572 0.573709 0.881677 0.577345 0.882288 0.598111 0.892646 0.601747 0.893257 0.614403 0.892309 0.618550 0.888910 0.617192 0.882393 0.604251 0.871007 0.583180 0.847435 0.575672 0.836084 0.574365 0.831769 0.571270 0.828471 0.563681 0.813596 0.560607 0.811179
0 0.522619 0.813141 0.511251 0.817521 0.508881 0.819464 0.508461 0.827437 0.510372 0.831707 0.517134 0.836936 0.522016 0.839218 0.531679 0.839377 0.535806 0.835097 0.539289 0.829100 0.539677 0.819806 0.537176 0.816022 0.532283 0.813299
0 0.514426 0.850376 0.509083 0.854306 0.509267 0.862234 0.525906 0.876873 0.533751 0.876727 0.536743 0.875620 0.544465 0.870189 0.547336 0.863796 0.546622 0.858996 0.544180 0.857856 0.536356 0.858883 0.532107 0.857877 0.521648 0.849394
0 0.429320 0.824979 0.430188 0.836386 0.427971 0.844936 0.428655 0.848414 0.435427 0.854084 0.437470 0.864080 0.441208 0.869095 0.447899 0.871241 0.462373 0.870599 0.471494 0.873446 0.476386 0.876168 0.480605 0.875852 0.491249 0.866231 0.505610 0.860743 0.506622 0.852284 0.502098 0.839386 0.493446 0.830768 0.479361 0.822115 0.469024 0.818918 0.432875 0.822065
0 0.409197 0.842370 0.408022 0.843782 0.408808 0.851665 0.413793 0.858351 0.420534 0.862700 0.427225 0.864847 0.433261 0.864836 0.432506 0.858274 0.419595 0.848210
0 0.407553 0.823520 0.403999 0.826433 0.402875 0.830048 0.403600 0.835288 0.407348 0.840743 0.415908 0.845397 0.422547 0.845342 0.426143 0.844190 0.428502 0.841807 0.430147 0.834624 0.425725 0.826131 0.416584 0.822403 0.412354 0.822278
0 0.379044 0.843745 0.380362 0.848500 0.385254 0.851222 0.391322 0.852533 0.399697 0.849258 0.406205 0.843476 0.405510 0.839557 0.402455 0.838021 0.381374 0.840041
0 0.377521 0.856213 0.372098 0.856619 0.365632 0.864163 0.362057 0.866196 0.356061 0.867968 0.346991 0.867324 0.345213 0.868780 0.344742 0.874552 0.346653 0.878821 0.352802 0.883655 0.359481 0.885362 0.366121 0.885306 0.369696 0.883273 0.382700 0.871269 0.385039 0.868005 0.384906 0.862279 0.383650 0.860167
0 0.381711 0.828543 0.376267 0.828068 0.369719 0.832089 0.363733 0.834302 0.360117 0.834572 0.354755 0.837621 0.355582 0.847266 0.356848 0.849819 0.360525 0.852191 0.364743 0.851875 0.368921 0.849798 0.373620 0.844151 0.377787 0.841633 0.383038 0.833739
0 0.296931 0.817241 0.295195 0.820460 0.295951 0.827022 0.305286 0.839119 0.307971 0.850831 0.307613 0.861447 0.305315 0.866473 0.294692 0.876975 0.294743 0.879178 0.297194 0.880759 0.311617 0.877914 0.315131 0.873239 0.324610 0.865469 0.331578 0.853476 0.331894 0.841098 0.330015 0.838150 0.325746 0.836263 0.319086 0.835438 0.311129 0.830739 0.303754 0.825114 0.301231 0.820449
0 0.267636 0.829583 0.258678 0.833783 0.255205 0.840221 0.254775 0.847754 0.259177 0.855366 0.261823 0.865317 0.264804 0.889802 0.266673 0.892310 0.272801 0.896263 0.281862 0.896467 0.287847 0.894254 0.292526 0.887727 0.292894 0.877551 0.290668 0.859627 0.293937 0.844381 0.293141 0.836057 0.291252 0.832668 0.283325 0.829291 0.279086 0.828726
0 0.207022 0.863132 0.210573 0.855877 0.222892 0.852625 0.233059 0.848241 0.237245 0.845470 0.237412 0.852703 0.233874 0.860477 0.229027 0.865239 0.224688 0.868931 0.219936 0.870191 0.215341 0.870663 0.211228 0.869029 0.206558 0.866017
0 0.130782 0.863655 0.122957 0.864682 0.117604 0.868172 0.116511 0.873107 0.120240 0.877681 0.127501 0.878461 0.131098 0.877310 0.134652 0.874396 0.135807 0.872104 0.135082 0.866863
0 0.128934 0.835996 0.127790 0.838729 0.128545 0.845291 0.136113 0.859285 0.141669 0.864605 0.148963 0.866706 0.161659 0.867521 0.170158 0.869532 0.179770 0.867489 0.182711 0.864180 0.181996 0.859380 0.175838 0.854105 0.172794 0.853009 0.167370 0.853415 0.157063 0.851539 0.153979 0.848682 0.152631 0.842605 0.140374 0.834698 0.132519 0.834404
0 0.108106 0.849027 0.101446 0.848202 0.091201 0.848969 0.081630 0.852774 0.075725 0.858511 0.072824 0.863582 0.073028 0.872391 0.078013 0.879078 0.084141 0.883031 0.087777 0.883642 0.096807 0.882524 0.102772 0.879430 0.109269 0.873208 0.114469 0.863112 0.114306 0.856064 0.111160 0.850564
0 0.019397 0.863320 0.026524 0.863188 0.034738 0.862573 0.040175 0.860361 0.046393 0.856489 0.049905 0.854020 0.056838 0.857313 0.058281 0.860413 0.059535 0.867132 0.058793 0.870796 0.055256 0.871864 0.043208 0.872766 0.036117 0.874700 0.028213 0.876695 0.024149 0.879003 0.019965 0.876108 0.017675 0.871872 0.017315 0.868289
0 0.845631 0.793445 0.861386 0.791784 0.879912 0.796169 0.900348 0.797525 0.924542 0.790904 0.947930 0.777610 0.960979 0.772781 0.962512 0.839045 0.962634 0.844331 0.950221 0.848146 0.941680 0.848785 0.931164 0.849573 0.921300 0.849830 0.904165 0.848708 0.882359 0.845046 0.867841 0.843247 0.845295 0.835797 0.838543 0.828608 0.833210 0.825641 0.834869 0.812046 0.833200 0.796780
0 0.807359 0.778145 0.802988 0.771854 0.800546 0.770713 0.795122 0.771119 0.781384 0.777442 0.774192 0.779745 0.767564 0.780242 0.765888 0.786103 0.767768 0.789051 0.770821 0.790587 0.780474 0.790306 0.805643 0.782244
0 0.766381 0.729147 0.765860 0.732716 0.768342 0.735619 0.765993 0.738442 0.768719 0.751916 0.767820 0.765221 0.763733 0.771262 0.753621 0.777756 0.742364 0.786982 0.740709 0.793724 0.736041 0.800692 0.734927 0.804747 0.736459 0.818751 0.738941 0.821654 0.740258 0.826409 0.750758 0.836654 0.765354 0.841297 0.779318 0.844664 0.789604 0.845659 0.792657 0.847195 0.796896 0.847760 0.805323 0.846688 0.815507 0.843278 0.823230 0.837846 0.828552 0.833036 0.832576 0.824351 0.834242 0.818049 0.833834 0.800430 0.828524 0.779649 0.826011 0.775425 0.819228 0.769314 0.817258 0.762402 0.814786 0.759940 0.811569 0.751356 0.798627 0.739970 0.779088 0.730402 0.774267 0.730763 0.771213 0.729227
0 0.647422 0.779970 0.645062 0.782353 0.646369 0.786668 0.654305 0.790486 0.668871 0.793808 0.675020 0.798642 0.679422 0.806255 0.679799 0.822552 0.684058 0.823998 0.689451 0.822271 0.692986 0.818476 0.696919 0.805827 0.696603 0.792173 0.694050 0.786187 0.686716 0.782323 0.653437 0.779079
0 0.627105 0.788992 0.610955 0.795496 0.599953 0.815734 0.598257 0.820715 0.598461 0.829524 0.601035 0.836391 0.610881 0.844478 0.625508 0.850443 0.635181 0.851043 0.637531 0.848219 0.635048 0.845317 0.625243 0.838991 0.621393 0.829131 0.622793 0.811377 0.625081 0.805911 0.629790 0.800705 0.632610 0.792110 0.628912 0.788857
0 0.575308 0.768161 0.566330 0.771481 0.559199 0.776427 0.552171 0.785778 0.551691 0.791109 0.554959 0.801895 0.558697 0.806910 0.571537 0.813890 0.576399 0.815291 0.584856 0.815541 0.590852 0.813768 0.604519 0.804362 0.609750 0.795587 0.609536 0.786337 0.608208 0.781141 0.604449 0.775245 0.596473 0.769665
0 0.474001 0.773099 0.472233 0.774996 0.468321 0.788526 0.469046 0.793766 0.470272 0.794557 0.478698 0.793485 0.482273 0.791452 0.494286 0.788788 0.496646 0.786405 0.492294 0.780995 0.485635 0.780170 0.478250 0.774104
0 0.434459 0.801293 0.444223 0.800875 0.456610 0.803672 0.463402 0.803477 0.473502 0.799305 0.482767 0.795814 0.489603 0.797478 0.491019 0.803580 0.490261 0.807365 0.487811 0.811895 0.484448 0.813391 0.474290 0.815082 0.455204 0.816511 0.439504 0.817378 0.431854 0.817328 0.430568 0.816802 0.427053 0.811788 0.426974 0.808375 0.428995 0.803877
0 0.402367 0.792969 0.432087 0.785132 0.435700 0.787067 0.435783 0.790670 0.418138 0.798804 0.413499 0.799756 0.405857 0.801330
0 0.340125 0.773873 0.353734 0.774734 0.368341 0.771227 0.373624 0.777269 0.365342 0.784331 0.357340 0.787617 0.351825 0.787492 0.336210 0.779267 0.336161 0.777122
0 0.329998 0.759171 0.321622 0.762445 0.313890 0.767436 0.310284 0.768147 0.304370 0.773444 0.300293 0.779926 0.294614 0.795353 0.294808 0.803722 0.296819 0.812396 0.306808 0.826650 0.313560 0.831439 0.322099 0.835213 0.339668 0.837868 0.352926 0.836876 0.363130 0.834347 0.380455 0.826431 0.383968 0.821756 0.396982 0.810192 0.400875 0.795781 0.398761 0.782703 0.393736 0.774254 0.386340 0.767748 0.376555 0.762304 0.360805 0.759953 0.349263 0.756846
0 0.290201 0.813333 0.281722 0.812203 0.270884 0.813455 0.263091 0.815804 0.255339 0.819914 0.244480 0.820286 0.240323 0.823244 0.237472 0.830517 0.237717 0.841089 0.241006 0.852756 0.245990 0.859442 0.249637 0.860493 0.251996 0.858110 0.253447 0.842558 0.258667 0.833343 0.273571 0.825167 0.281967 0.822774 0.288535 0.819635 0.290895 0.817252
0 0.262019 0.795587 0.253583 0.796219 0.236187 0.801051 0.236912 0.806292 0.245574 0.815350 0.248004 0.816051 0.252213 0.815294 0.262857 0.805673 0.265737 0.799721
0 0.217995 0.797560 0.198108 0.799048 0.194543 0.801521 0.194042 0.805971 0.198363 0.810060 0.204471 0.813133 0.214113 0.812411 0.221253 0.807905 0.221723 0.802134
0 0.154001 0.823530 0.154705 0.827889 0.168076 0.831742 0.184910 0.828717 0.192672 0.825047 0.194409 0.821828 0.194368 0.820066 0.192530 0.818880 0.179844 0.818506 0.164777 0.819634 0.161191 0.821227 0.156370 0.821588
0 0.153532 0.803268 0.149313 0.803584 0.136136 0.808100 0.130221 0.813397 0.129732 0.818287 0.130977 0.819959 0.141917 0.823111 0.150333 0.821598 0.154481 0.818199 0.157351 0.811807 0.157239 0.806962
0 0.211388 0.772904 0.201674 0.770543 0.194452 0.771525 0.190284 0.774043 0.187373 0.778673 0.186862 0.782682 0.182848 0.791808 0.178711 0.795647 0.171560 0.799712 0.167433 0.803992 0.166299 0.807166 0.166963 0.809764 0.170671 0.813457 0.177351 0.815163 0.185757 0.813210 0.191570 0.803509 0.209926 0.788015 0.213952 0.779331 0.213870 0.775807
0 0.155290 0.774898 0.155463 0.782386 0.163420 0.787085 0.174289 0.787154 0.185003 0.780615 0.185463 0.774404 0.181766 0.771151 0.178763 0.771817 0.177588 0.773228 0.175116 0.770766 0.170857 0.769320 0.166046 0.770121 0.162410 0.769511 0.157629 0.771634
0 0.109090 0.787181 0.097016 0.787203 0.089814 0.789066 0.086791 0.788851 0.083216 0.790883 0.080805 0.791064 0.072501 0.797422 0.066749 0.809765 0.067719 0.825577 0.073889 0.831292 0.083633 0.834975 0.087269 0.835586 0.099322 0.834683 0.108914 0.831759 0.120793 0.823369 0.127249 0.815384 0.128884 0.807761 0.126852 0.798206 0.118834 0.790864
0 0.079723 0.770407 0.074923 0.771649 0.062410 0.778763 0.044462 0.785842 0.040908 0.788756 0.040346 0.790563 0.043523 0.797385 0.050897 0.803010 0.057547 0.803395 0.070100 0.798042 0.073625 0.793808 0.083707 0.785993 0.086649 0.782684 0.087752 0.778189 0.086465 0.774756
0 0.065053 0.814746 0.060753 0.811538 0.045575 0.807821 0.035340 0.809028 0.031152 0.810666 0.018527 0.812934 0.003583 0.819348 0.000000 0.823718 0.000000 0.828608 0.002735 0.834855 0.014359 0.841485 0.019220 0.842886 0.033725 0.843565 0.042713 0.840686 0.052867 0.835955 0.060589 0.830523 0.064114 0.826288
0 0.934173 0.727616 0.931222 0.730484 0.931334 0.735330 0.937626 0.746331 0.943763 0.750725 0.949851 0.752916 0.957697 0.752770 0.961292 0.751618 0.960925 0.735762 0.951824 0.733796 0.938392 0.727300
0 0.855634 0.751145 0.851926 0.747452 0.848300 0.747282 0.840578 0.752714 0.838156 0.752454 0.833254 0.749291 0.826022 0.749832 0.823039 0.751379 0.821936 0.755874 0.823202 0.758427 0.829954 0.763216 0.834826 0.765058 0.838452 0.765227 0.853978 0.757888 0.855726 0.755110
0 0.833898 0.724975 0.826105 0.727323 0.818995 0.733150 0.815982 0.733376 0.811805 0.735454 0.807667 0.739293 0.807789 0.744579 0.809669 0.747527 0.818851 0.753017 0.827238 0.750183 0.837473 0.748975 0.839832 0.746592 0.843857 0.737908 0.843735 0.732622 0.841222 0.728398
0 0.867137 0.700425 0.858261 0.708149 0.854767 0.713706 0.857260 0.717049 0.879332 0.731722 0.882377 0.732818 0.889608 0.732276 0.899128 0.726269 0.900262 0.723095 0.899578 0.719617 0.894052 0.715618 0.881857 0.710354
0 0.918070 0.631751 0.910878 0.634054 0.907324 0.636968 0.905588 0.640186 0.905108 0.645517 0.907640 0.650622 0.913799 0.655897 0.913922 0.661183 0.909294 0.669913 0.910632 0.675548 0.917383 0.680338 0.922245 0.681739 0.937863 0.678363 0.947363 0.671475 0.949641 0.665568 0.949407 0.655437 0.947425 0.648085 0.943677 0.642629 0.937538 0.638235 0.935660 0.635288 0.928959 0.632701
0 0.887425 0.664049 0.878998 0.665121 0.867650 0.670383 0.861847 0.680524 0.861306 0.683212 0.866954 0.692497 0.870632 0.694869 0.877883 0.695208 0.892326 0.693244 0.899406 0.686096 0.899794 0.676801 0.894739 0.667031
0 0.826628 0.697722 0.827362 0.703403 0.832285 0.707447 0.839017 0.711355 0.848720 0.713276 0.854747 0.712825 0.864809 0.704129 0.867096 0.698663 0.866403 0.694744 0.863941 0.692722 0.849508 0.695126 0.831979 0.694233 0.828977 0.694899
0 0.731285 0.699565 0.735576 0.702332 0.744064 0.703903 0.748997 0.708387 0.755688 0.710534 0.765984 0.711969 0.773828 0.711823 0.782939 0.714230 0.793195 0.713903 0.802275 0.714988 0.815513 0.713115 0.819640 0.708835 0.824799 0.696976 0.824616 0.689048 0.819110 0.685930 0.811215 0.683874 0.792532 0.685273 0.784637 0.683216 0.767752 0.684039 0.758171 0.687404 0.747956 0.689492 0.736607 0.694754 0.734861 0.697532
0 0.701519 0.743711 0.693704 0.745178 0.690160 0.748532 0.689669 0.753422 0.692774 0.757161 0.697044 0.759047 0.704868 0.758020 0.708413 0.754666 0.708913 0.750217 0.707637 0.747224 0.704552 0.744366
0 0.721233 0.734734 0.717678 0.737647 0.715972 0.742187 0.716657 0.745666 0.720395 0.750681 0.736329 0.760960 0.746890 0.773847 0.749933 0.774943 0.757145 0.773521 0.764857 0.767649 0.765338 0.762318 0.761630 0.758624 0.747565 0.750853 0.743183 0.744121 0.742489 0.740202 0.734481 0.733301 0.732040 0.732160 0.727218 0.732521
0 0.747209 0.709404 0.735269 0.715151 0.730519 0.718595 0.728802 0.722695 0.730130 0.727890 0.733245 0.732069 0.738761 0.735628 0.744838 0.737379 0.760569 0.738848 0.762938 0.736906 0.762152 0.729023 0.766709 0.717210 0.766638 0.714126 0.762960 0.711754
0 0.700335 0.718649 0.694349 0.720862 0.677760 0.734458 0.674246 0.739134 0.661846 0.751093 0.660712 0.754267 0.663183 0.756729 0.672294 0.759135 0.680732 0.758504 0.686084 0.755014 0.692990 0.740378 0.695942 0.737510 0.699405 0.730632 0.701621 0.722082
0 0.705608 0.685603 0.701950 0.684112 0.680286 0.687058 0.677303 0.688605 0.676199 0.693100 0.679295 0.696398 0.684769 0.698194 0.697455 0.698568 0.704024 0.695429 0.706342 0.691284
0 0.683862 0.658992 0.672994 0.658924 0.668193 0.660165 0.664026 0.662684 0.664219 0.671052 0.670991 0.676723 0.675190 0.675526 0.686446 0.666300 0.686333 0.661455
0 0.600655 0.663457 0.594087 0.666596 0.592452 0.674219 0.593106 0.676376 0.601645 0.680150 0.607590 0.676175 0.608653 0.669918 0.605527 0.665298
0 0.583818 0.744580 0.581979 0.743394 0.566310 0.744567 0.557311 0.747006 0.518731 0.749453 0.507342 0.752953 0.485054 0.755063 0.481478 0.757096 0.485350 0.767837 0.500875 0.786530 0.508239 0.791714 0.512488 0.792720 0.518514 0.792269 0.539556 0.788487 0.551539 0.784502 0.570354 0.762796 0.577361 0.752565 0.583276 0.747268
0 0.574567 0.683942 0.572779 0.684958 0.572278 0.689408 0.576210 0.702792 0.576413 0.711601 0.571786 0.720331 0.567639 0.723730 0.568323 0.727209 0.557689 0.737271 0.550489 0.739133 0.549405 0.744509 0.552479 0.746926 0.558506 0.746475 0.565698 0.744172 0.573389 0.737419 0.583921 0.722952 0.586710 0.713036 0.586455 0.702025 0.585128 0.696829 0.580081 0.687500 0.577600 0.684597
0 0.539674 0.663169 0.537887 0.664185 0.536161 0.667844 0.533627 0.688772 0.534862 0.690003 0.538499 0.690613 0.554158 0.689000 0.558325 0.686481 0.560051 0.682822 0.556130 0.669879 0.552361 0.663543 0.549307 0.662006
0 0.512688 0.670925 0.506733 0.674460 0.506926 0.682829 0.511809 0.685110 0.518438 0.684614 0.523188 0.681170 0.524322 0.677996 0.523638 0.674518 0.519940 0.671265
0 0.517426 0.693073 0.520551 0.697693 0.535137 0.701896 0.548989 0.700417 0.554372 0.698249 0.555536 0.696397 0.555464 0.693314 0.553627 0.692128 0.536078 0.690353 0.521011 0.691481
0 0.556792 0.698509 0.542410 0.703116 0.539499 0.707746 0.540959 0.718668 0.544085 0.723287 0.549611 0.727286 0.552031 0.727546 0.559856 0.726519 0.565178 0.721708 0.567466 0.716242 0.567282 0.708314 0.565372 0.704044 0.562277 0.700746
0 0.539805 0.720960 0.538027 0.722417 0.535759 0.728764 0.528507 0.728425 0.524932 0.730457 0.522593 0.733721 0.520744 0.732094 0.518323 0.731834 0.514779 0.735188 0.516627 0.736815 0.519825 0.744518 0.525923 0.747150 0.536177 0.746823 0.544584 0.744870 0.548159 0.742838 0.549855 0.737857 0.547782 0.726540 0.543462 0.722451
0 0.488946 0.740652 0.488445 0.745102 0.495790 0.749406 0.500642 0.750366 0.508466 0.749339 0.517986 0.743332 0.517261 0.738091 0.512378 0.735809 0.501540 0.737062 0.497884 0.735571 0.490713 0.738755
0 0.376797 0.721882 0.409460 0.718325 0.469450 0.678217 0.475493 0.676092 0.508574 0.690868 0.522851 0.715399 0.496629 0.734059 0.475099 0.757935 0.468786 0.781224 0.454398 0.784529 0.433099 0.785568 0.414741 0.781930 0.396267 0.773297 0.386950 0.765646 0.373567 0.746612
0 0.406599 0.704018 0.401094 0.700900 0.395670 0.701306 0.392095 0.703339 0.377621 0.703981 0.374668 0.706850 0.374801 0.712576 0.376680 0.715524 0.388846 0.719466 0.393667 0.719105 0.404995 0.712963 0.406742 0.710184
0 0.371543 0.702230 0.360726 0.704364 0.354158 0.707503 0.350532 0.707333 0.346415 0.712054 0.347151 0.717734 0.364270 0.727042 0.367906 0.727653 0.370868 0.725225 0.373678 0.716190 0.374035 0.705573
0 0.343168 0.702148 0.336139 0.711499 0.334555 0.721325 0.336057 0.734008 0.339866 0.742106 0.347353 0.752577 0.354084 0.756485 0.363819 0.759727 0.369273 0.760643 0.374084 0.759841 0.375841 0.757503 0.373941 0.753675 0.365964 0.748095 0.357476 0.746524 0.354402 0.744107 0.350019 0.737375 0.346108 0.724872 0.346242 0.704566
0 0.242831 0.721114 0.335432 0.712739 0.331635 0.719275 0.295641 0.784982 0.291744 0.787198 0.244367 0.730618 0.241606 0.725054
0 0.239806 0.722682 0.237958 0.721056 0.233708 0.720050 0.214454 0.722815 0.211400 0.721279 0.205976 0.721685 0.197591 0.724519 0.186150 0.725817 0.180093 0.724947 0.176508 0.726539 0.170430 0.724788 0.154791 0.727282 0.147601 0.729585 0.142841 0.732589 0.141114 0.736248 0.141982 0.747655 0.145117 0.752715 0.151174 0.753586 0.197548 0.748790 0.216854 0.748227 0.222247 0.746500 0.233115 0.746568 0.236711 0.745417 0.241409 0.739770 0.241124 0.727437
0 0.135015 0.759649 0.129662 0.763138 0.129805 0.769305 0.135331 0.773303 0.142573 0.773203 0.146710 0.769363 0.146537 0.761875 0.141031 0.758757
0 0.605202 0.625171 0.600422 0.627293 0.596295 0.631573 0.592117 0.633651 0.592219 0.638056 0.598419 0.645093 0.603945 0.649091 0.614792 0.648279 0.622535 0.643728 0.624854 0.639584 0.624731 0.634298 0.621657 0.631881 0.609492 0.627938 0.607613 0.624990
0 0.565262 0.647134 0.561667 0.648285 0.559307 0.650668 0.561983 0.661940 0.566395 0.669993 0.569644 0.679898 0.574475 0.679978 0.601115 0.657245 0.601605 0.652355 0.599756 0.650728 0.586457 0.649959 0.583404 0.648423 0.572587 0.650556
0 0.434833 0.671900 0.436141 0.676215 0.445885 0.679898 0.456130 0.679131 0.465732 0.676647 0.468695 0.674219 0.467387 0.669904 0.454690 0.669090 0.448612 0.667339 0.439583 0.668456
0 0.440586 0.633524 0.441883 0.637398 0.444957 0.639815 0.457715 0.643272 0.467961 0.642505 0.478716 0.637729 0.481076 0.635346 0.481005 0.632263 0.479125 0.629315 0.467543 0.624446 0.460300 0.624547 0.458533 0.626444 0.451955 0.629143 0.443538 0.630655
0 0.469196 0.643736 0.466244 0.646605 0.467623 0.654002 0.480513 0.663186 0.486110 0.670268 0.488541 0.670968 0.498174 0.669806 0.507714 0.664679 0.507581 0.658953 0.502709 0.657112 0.497265 0.656637 0.494813 0.655055 0.492934 0.652107 0.491505 0.642507 0.488430 0.640090 0.480575 0.639796
0 0.501638 0.636895 0.502332 0.640814 0.515784 0.648191 0.527817 0.646407 0.532546 0.642082 0.528236 0.638434 0.520371 0.637699 0.510626 0.634016 0.505202 0.634422
0 0.574937 0.621700 0.571291 0.620650 0.551535 0.627865 0.543792 0.632416 0.533170 0.642918 0.530309 0.649750 0.530441 0.655477 0.534148 0.659170 0.541953 0.657262 0.547255 0.651571 0.553792 0.647110 0.556111 0.642965 0.562638 0.638064 0.569859 0.637082 0.579972 0.630589 0.581086 0.626535
0 0.578921 0.611254 0.574201 0.616019 0.573701 0.620469 0.582935 0.628161 0.588410 0.629958 0.593843 0.629992 0.596183 0.626728 0.593619 0.620302 0.583742 0.610893
0 0.631700 0.596272 0.623875 0.597299 0.620229 0.596248 0.610658 0.600053 0.598778 0.608444 0.595274 0.613559 0.595959 0.617038 0.601393 0.617072 0.613405 0.614408 0.617552 0.611009 0.624723 0.607825 0.633599 0.600101
0 0.594836 0.594619 0.595551 0.599419 0.603364 0.597952 0.610617 0.598291 0.619626 0.596293 0.631097 0.596317 0.632865 0.594420 0.632732 0.588693 0.626644 0.586502 0.609770 0.587765 0.604376 0.589493
0 0.460945 0.600231 0.452711 0.609672 0.453426 0.614472 0.459504 0.616223 0.463712 0.615467 0.472191 0.616597 0.481220 0.615480 0.481700 0.610149 0.474745 0.596550 0.466308 0.597182
0 0.402426 0.601965 0.402528 0.606369 0.414744 0.612514 0.426277 0.615181 0.431803 0.619179 0.452476 0.625574 0.457298 0.625213 0.458482 0.624242 0.458359 0.618956 0.445470 0.609773 0.439402 0.608462 0.425378 0.602452 0.415675 0.600532 0.403611 0.600993
0 0.391414 0.621762 0.393334 0.626472 0.398839 0.629589 0.415091 0.627490 0.424693 0.625007 0.427675 0.623460 0.429994 0.619315 0.425694 0.616107 0.419637 0.615237 0.411721 0.612300 0.408728 0.613406 0.403283 0.612931 0.401517 0.614828 0.397308 0.615585
0 0.399495 0.605714 0.397645 0.604087 0.389832 0.605555 0.384489 0.609485 0.382742 0.612263 0.380342 0.612884 0.376788 0.615797 0.364795 0.619343 0.350444 0.625271 0.357185 0.629619 0.363855 0.630885 0.374100 0.630118 0.383038 0.625037 0.390260 0.624055 0.392548 0.618589 0.399607 0.610559
0 0.366951 0.608150 0.365082 0.605643 0.356614 0.604953 0.337962 0.607673 0.330721 0.607774 0.322354 0.611489 0.320680 0.617351 0.322569 0.620739 0.330516 0.624998 0.338953 0.624366 0.352864 0.625531 0.354060 0.625000 0.355163 0.620505 0.359412 0.621510 0.363549 0.617671 0.366461 0.613041
0 0.312977 0.623663 0.311313 0.629965 0.313273 0.636437 0.319412 0.640831 0.325449 0.640820 0.327838 0.639759 0.332568 0.635433 0.333018 0.628781 0.328094 0.624738 0.317788 0.622862
0 0.454109 0.643983 0.441985 0.641802 0.433568 0.643315 0.430616 0.646183 0.429584 0.653762 0.427286 0.658787 0.414159 0.665506 0.413669 0.670396 0.425824 0.673899 0.433648 0.672872 0.440727 0.665723 0.447306 0.663024 0.447837 0.659896 0.454926 0.653188 0.456591 0.646886
0 0.380543 0.673759 0.386008 0.675114 0.389716 0.678808 0.392249 0.683913 0.394965 0.696947 0.393249 0.701046 0.389673 0.703079 0.374607 0.704207 0.370297 0.700558 0.371698 0.682804 0.376376 0.676277
0 0.351363 0.638880 0.349595 0.640777 0.349084 0.644787 0.354018 0.649271 0.360739 0.652739 0.363220 0.655641 0.366214 0.654535 0.371127 0.658138 0.373026 0.661967 0.375447 0.662227 0.379124 0.664599 0.387153 0.672381 0.391351 0.671185 0.394895 0.667831 0.395345 0.661179 0.389002 0.647975 0.375571 0.641480 0.364631 0.638328 0.357971 0.637503
0 0.376294 0.672753 0.374415 0.669805 0.370166 0.668800 0.361157 0.670798 0.335845 0.672693 0.330442 0.673980 0.328092 0.676803 0.330584 0.680146 0.334854 0.682033 0.351156 0.682136 0.361984 0.680443 0.373362 0.676502
0 0.328858 0.683805 0.325252 0.684517 0.324108 0.687250 0.314628 0.695019 0.312331 0.700045 0.314281 0.706076 0.322228 0.710334 0.330062 0.709748 0.336038 0.707094 0.340767 0.702769 0.342463 0.697789 0.345415 0.694920 0.342893 0.690256 0.336151 0.685907 0.332546 0.686618
0 0.314079 0.645201 0.306991 0.651909 0.301801 0.662446 0.301341 0.668658 0.303261 0.673367 0.308102 0.673887 0.329155 0.670546 0.331586 0.671247 0.343649 0.670785 0.345999 0.667962 0.345897 0.663557 0.342689 0.655414 0.340208 0.652511 0.326725 0.643813 0.320658 0.642502
0 0.286908 0.671062 0.281586 0.675873 0.281739 0.682479 0.286632 0.685202 0.294466 0.684615 0.299788 0.679805 0.299042 0.673683 0.293527 0.670125
0 0.259084 0.668733 0.254886 0.669929 0.250759 0.674209 0.246121 0.682499 0.239021 0.688766 0.227714 0.695790 0.223485 0.695665 0.222372 0.699720 0.238234 0.706916 0.243648 0.706069 0.245395 0.703291 0.249552 0.700332 0.250696 0.697599 0.258408 0.691727 0.269164 0.686951 0.273373 0.686195 0.275723 0.683371 0.276234 0.679362 0.273741 0.676019
0 0.279117 0.621345 0.275562 0.624258 0.269525 0.624269 0.263539 0.626482 0.262385 0.628775 0.264438 0.639210 0.264018 0.647184 0.259370 0.655033 0.252823 0.659053 0.254733 0.663322 0.260861 0.667276 0.265121 0.668722 0.269339 0.668406 0.276009 0.669672 0.286234 0.668024 0.297011 0.664128 0.301750 0.660244 0.302884 0.657070 0.302210 0.654032 0.296735 0.652236 0.293027 0.648542 0.292200 0.638897 0.294479 0.632990 0.294366 0.628145 0.291282 0.625287
0 0.229645 0.674908 0.227776 0.672400 0.214549 0.674714 0.209104 0.674239 0.186296 0.679918 0.180923 0.682526 0.179226 0.687507 0.179880 0.689664 0.182944 0.691641 0.209982 0.686087 0.217755 0.682858 0.224967 0.681435 0.229114 0.678036
0 0.167827 0.690567 0.165600 0.698675 0.166335 0.704356 0.171841 0.707474 0.177897 0.708344 0.186498 0.714760 0.190747 0.715766 0.207601 0.713621 0.212923 0.708811 0.215221 0.703785 0.212127 0.700487 0.209706 0.700227 0.201320 0.703061 0.196499 0.703422 0.191626 0.701580 0.179257 0.688828 0.171413 0.688974
0 0.065231 0.744136 0.061584 0.743085 0.053739 0.743231 0.041145 0.746821 0.029102 0.748164 0.023770 0.752534 0.023871 0.756939 0.030051 0.763095 0.036129 0.764846 0.040347 0.764530 0.051655 0.757506 0.058243 0.755248 0.065915 0.747614
0 0.150492 0.724074 0.146794 0.720821 0.143157 0.720211 0.119634 0.721090 0.112433 0.722953 0.075926 0.736717 0.068203 0.742148 0.067693 0.746157 0.071359 0.748089 0.078580 0.747107 0.085853 0.748328 0.102136 0.747550 0.114157 0.745326 0.123739 0.741961 0.133861 0.735909 0.140440 0.733210 0.148755 0.727293
0 0.104215 0.628703 0.103080 0.631877 0.103775 0.635796 0.108800 0.644244 0.111394 0.651992 0.114489 0.655290 0.118697 0.654534 0.124653 0.650999 0.136501 0.641288 0.139985 0.635291 0.139924 0.632648 0.134419 0.629530 0.130782 0.628920 0.113275 0.628907 0.107820 0.627992
0 0.150884 0.636681 0.143662 0.637663 0.135899 0.641333 0.127012 0.648617 0.125296 0.652716 0.127287 0.660509 0.132261 0.666755 0.135939 0.669127 0.146255 0.671444 0.149840 0.669852 0.158277 0.669220 0.163650 0.666612 0.168993 0.662682 0.171924 0.658932 0.173579 0.652190 0.172824 0.645628 0.169106 0.641494 0.160578 0.638162
0 0.161271 0.668113 0.155908 0.671162 0.152454 0.678480 0.152036 0.686454 0.153905 0.688961 0.165335 0.687223 0.168175 0.679510 0.166807 0.672552
0 0.130064 0.702218 0.127102 0.704646 0.124823 0.710553 0.124946 0.715838 0.126192 0.717510 0.144884 0.716552 0.146059 0.715140 0.145967 0.711176 0.144077 0.707788 0.134272 0.701462
0 0.107143 0.677019 0.108451 0.681334 0.116378 0.684711 0.125448 0.685356 0.144130 0.683957 0.147112 0.682410 0.146419 0.678491 0.143364 0.676955 0.140954 0.677135 0.133599 0.672391 0.118512 0.672638 0.110106 0.674591
0 0.103611 0.654781 0.101731 0.651833 0.098064 0.649901 0.078739 0.649583 0.073345 0.651311 0.066205 0.655817 0.061976 0.655692 0.058984 0.656798 0.053641 0.660728 0.052517 0.664342 0.054397 0.667290 0.066541 0.670352 0.083416 0.669089 0.095367 0.663781 0.101291 0.658926
0 0.062413 0.726697 0.059338 0.724280 0.055712 0.724110 0.040707 0.727881 0.029338 0.732262 0.019634 0.730341 0.011197 0.730973 0.008817 0.732475 0.007672 0.735208 0.009532 0.737275 0.015630 0.739907 0.019858 0.740032 0.022300 0.741172 0.027121 0.740812 0.028346 0.741602 0.037978 0.740440 0.056519 0.732875 0.061258 0.728990
0 0.003314 0.677292 0.002915 0.686146 0.006622 0.689840 0.016388 0.694403 0.021321 0.698888 0.027970 0.699272 0.031556 0.697680 0.034518 0.695252 0.033763 0.688690 0.030004 0.682794 0.025694 0.679146 0.013549 0.676084
0 0.034633 0.648032 0.032202 0.647331 0.026798 0.648618 0.019096 0.654931 0.010710 0.657765 0.005960 0.661209 0.004234 0.664868 0.004366 0.670594 0.007441 0.673012 0.012915 0.674808 0.015327 0.674627 0.021823 0.668405 0.032098 0.668959 0.036266 0.666441 0.037993 0.662782 0.037809 0.654854
