0 0.800689 0.694976 0.804825 0.696402 0.813522 0.697059 0.822408 0.699989 0.828115 0.699816 0.837532 0.703263 0.861626 0.709029 0.864362 0.711176 0.864315 0.717915 0.860491 0.724624 0.845860 0.744796 0.841488 0.747837 0.838942 0.747963 0.835507 0.746177 0.834172 0.743309 0.811895 0.718437 0.806046 0.709598 0.800490 0.705743 0.798181 0.701402 0.799288 0.695697
0 0.208146 0.623593 0.210815 0.629329 0.208790 0.643012 0.206518 0.644971 0.198966 0.644909 0.190761 0.638468 0.185566 0.636008 0.183975 0.634456 0.183511 0.630350 0.202969 0.624283
0 0.196250 0.645912 0.200131 0.648655 0.200935 0.651006 0.198087 0.659187 0.193269 0.661272 0.184742 0.659737 0.181563 0.656634 0.183011 0.649174 0.185281 0.647214 0.189929 0.646007
0 0.236406 0.650125 0.243276 0.653697 0.244611 0.656566 0.237560 0.666910 0.236898 0.673572 0.239122 0.678352 0.247516 0.687065 0.248236 0.689855 0.243864 0.692896 0.233784 0.696110 0.229923 0.696518 0.217621 0.694952 0.204768 0.689718 0.199723 0.683230 0.198645 0.679045 0.202146 0.677242 0.209386 0.669170 0.213153 0.653011 0.216294 0.649813 0.224017 0.648997
0 0.167736 0.679158 0.171597 0.678750 0.176878 0.680771 0.182500 0.681037 0.194547 0.683920 0.199572 0.687258 0.201882 0.691599 0.193373 0.693214 0.187752 0.692948 0.175705 0.690065 0.166355 0.683029
0 0.025352 0.643044 0.028001 0.645630 0.029166 0.649376 0.027083 0.653608 0.016560 0.655866 0.014052 0.662292 0.011080 0.664612 0.007134 0.665458 0.000000 0.663328 0.000000 0.660303 0.000000 0.651417 0.000000 0.649865 0.000000 0.644599 0.000000 0.647263 0.000000 0.648689 0.005620 0.647278 0.014279 0.641635 0.019456 0.640945
0 0.048889 0.687413 0.048738 0.691441 0.044621 0.693165 0.032488 0.690721 0.023091 0.690424 0.017829 0.691553 0.003954 0.691586 0.001219 0.689439 0.000376 0.680787 0.012452 0.673780 0.017714 0.672651 0.031248 0.674374 0.036529 0.676396 0.042699 0.680329
0 0.010730 0.708638 0.015804 0.705236 0.024416 0.706332 0.033832 0.709780 0.047980 0.711581 0.051245 0.714245 0.050989 0.715561 0.040022 0.716863 0.024558 0.715344 0.010390 0.710393
0 0.123019 0.675714 0.125414 0.679616 0.124222 0.685760 0.106713 0.694774 0.100477 0.694429 0.093880 0.692690 0.094031 0.688662 0.099615 0.682628 0.114852 0.675573 0.120644 0.674962
0 0.137669 0.658691 0.152982 0.664238 0.154572 0.665790 0.154164 0.671134 0.147559 0.682435 0.145373 0.683956 0.135512 0.679552 0.130742 0.674898 0.132511 0.662532 0.134253 0.660055
0 0.141284 0.646560 0.141474 0.648833 0.133088 0.656309 0.103760 0.671013 0.097968 0.671625 0.079599 0.668837 0.075549 0.666972 0.074214 0.664104 0.076486 0.662145 0.100864 0.656704 0.115060 0.651766 0.124628 0.651185 0.133116 0.646420 0.137064 0.645573
0 0.150663 0.643707 0.158916 0.643408 0.163581 0.645351 0.166761 0.648454 0.171105 0.655303 0.170083 0.660569 0.167196 0.662450 0.162890 0.661902 0.156464 0.659285 0.149849 0.654396 0.146395 0.649459 0.147777 0.645588
0 0.029478 0.599049 0.035819 0.602105 0.039548 0.608876 0.045377 0.614564 0.049957 0.616946 0.047176 0.621539 0.040768 0.622072 0.032856 0.620615 0.026156 0.616165 0.024357 0.609190 0.026506 0.601369
0 0.047544 0.580663 0.043891 0.586494 0.036187 0.590460 0.032241 0.591307 0.026705 0.590602 0.019834 0.587029 0.013219 0.582140 0.012499 0.579350 0.014582 0.575118 0.017998 0.573754 0.021773 0.573785 0.030745 0.576276 0.034077 0.575351 0.042774 0.576009 0.045680 0.577278
0 0.106892 0.534704 0.103939 0.540174 0.098952 0.543137 0.089299 0.544157 0.081916 0.543217 0.073645 0.540365 0.066414 0.535398 0.061730 0.530304 0.061966 0.525837 0.066887 0.526464 0.075964 0.531667 0.093888 0.533499 0.101336 0.530849 0.105813 0.530520
0 0.064655 0.534724 0.070294 0.538140 0.076399 0.545663 0.077496 0.552997 0.075245 0.558107 0.071402 0.561665 0.062383 0.565913 0.057292 0.566165 0.044098 0.562686 0.038989 0.559787 0.036594 0.555885 0.037767 0.546591 0.040550 0.541998 0.044307 0.538879 0.053326 0.534631 0.060092 0.535492
0 0.106882 0.576975 0.109191 0.581316 0.107724 0.585626 0.104583 0.588824 0.093378 0.594592 0.090273 0.604091 0.087473 0.605533 0.080090 0.604593 0.072520 0.601381 0.068809 0.597761 0.066055 0.592463 0.066377 0.587558 0.068033 0.585520 0.080488 0.583058 0.092734 0.575173 0.096595 0.574766
0 0.221272 0.572199 0.215792 0.580945 0.208259 0.584034 0.194347 0.577766 0.188962 0.573033 0.190514 0.568284 0.196031 0.565838 0.201568 0.566543 0.205618 0.568408 0.216331 0.568423 0.218707 0.569175
0 0.230281 0.522530 0.236518 0.522875 0.242499 0.524535 0.247695 0.526996 0.250874 0.530099 0.249871 0.538515 0.248045 0.541431 0.242717 0.546149 0.237900 0.548234 0.227442 0.546902 0.219663 0.538267 0.221007 0.528095 0.223449 0.525258
0 0.254600 0.629551 0.210057 0.618390 0.217966 0.625256 0.220482 0.628140 0.249606 0.631479
0 0.248982 0.565833 0.258862 0.573387 0.266026 0.581944 0.268696 0.587680 0.274695 0.592491 0.276030 0.595359 0.275368 0.602020 0.272140 0.605657 0.270759 0.609528 0.268043 0.610531 0.264778 0.607867 0.258731 0.609796 0.253724 0.609608 0.246531 0.610941 0.231806 0.615362 0.225484 0.615457 0.219522 0.616946 0.213815 0.617119 0.208449 0.615537 0.205799 0.612951 0.206651 0.608562 0.218746 0.604706 0.224982 0.605050 0.232686 0.601084 0.237247 0.600315 0.245481 0.596867 0.250553 0.593465 0.251405 0.589076 0.249881 0.583936 0.243398 0.571868 0.244506 0.566163
0 0.287661 0.587396 0.291200 0.591894 0.292194 0.596517 0.291258 0.601345 0.289175 0.605577 0.286119 0.608336 0.285353 0.612285 0.279835 0.614731 0.274829 0.614543 0.271118 0.610923 0.272736 0.602585 0.278557 0.592083 0.283185 0.587726
0 0.339419 0.622766 0.345287 0.634755 0.343054 0.643015 0.338596 0.646495 0.333864 0.648141 0.326842 0.648596 0.315940 0.646309 0.309069 0.642736 0.306505 0.639711 0.305066 0.634132 0.308530 0.626028 0.317908 0.623175 0.328621 0.623190 0.333353 0.621544
0 0.309693 0.600544 0.314615 0.601170 0.323283 0.611717 0.327779 0.614538 0.336136 0.616951 0.337725 0.618502 0.335284 0.621340 0.328006 0.623111 0.312987 0.622549 0.306646 0.619493 0.302406 0.615356 0.301772 0.612127 0.303494 0.606500
0 0.588838 0.497122 0.592207 0.502498 0.591270 0.507325 0.583738 0.510414 0.578201 0.509709 0.573346 0.505493 0.573838 0.499710 0.580927 0.495666
0 0.445707 0.555800 0.445026 0.559311 0.442585 0.562148 0.434881 0.566114 0.432335 0.566240 0.419313 0.561884 0.413312 0.557073 0.412509 0.554722 0.415205 0.550568 0.418622 0.549204 0.424943 0.549110 0.441638 0.550785 0.444988 0.553010
0 0.496444 0.625666 0.496776 0.636951 0.486857 0.652327 0.474271 0.661967 0.463662 0.664664 0.456024 0.665041 0.445121 0.662753 0.423913 0.655107 0.418377 0.654402 0.413030 0.655970 0.408894 0.654544 0.402572 0.654639 0.399856 0.655642 0.376670 0.654939 0.361991 0.652621 0.356351 0.649204 0.348127 0.639613 0.342817 0.618251 0.344880 0.610869 0.350549 0.604396 0.359038 0.599630 0.391271 0.586195 0.399022 0.575490 0.404181 0.571650 0.416909 0.571021 0.442045 0.574671 0.451206 0.579435 0.454917 0.583055 0.457604 0.591941 0.461399 0.595123 0.468970 0.598335 0.477724 0.608443 0.491485 0.618739
0 0.523643 0.651164 0.527902 0.658451 0.524968 0.667072 0.519726 0.671351 0.508142 0.672575 0.500846 0.671196 0.493274 0.667984 0.488504 0.663329 0.487511 0.658706 0.491059 0.650164 0.498148 0.646119 0.517473 0.647230
0 0.519053 0.632592 0.523652 0.638124 0.521145 0.644550 0.516498 0.645757 0.508501 0.644739 0.506211 0.643548 0.503731 0.640085 0.507725 0.632499 0.511141 0.631135
0 0.527031 0.630459 0.529833 0.629017 0.536239 0.628484 0.558698 0.639437 0.560117 0.641866 0.559520 0.644938 0.557079 0.647775 0.551732 0.649343 0.544880 0.648921 0.535019 0.644517 0.525053 0.637403 0.525290 0.632936
0 0.518618 0.618596 0.509173 0.625038 0.504611 0.625806 0.497930 0.624506 0.481774 0.610308 0.460831 0.588305 0.461067 0.583838 0.463169 0.582756 0.482323 0.584745 0.487964 0.588161 0.490766 0.586719 0.498488 0.585903 0.518958 0.587610 0.524854 0.589709 0.528753 0.595602 0.528432 0.600508 0.524457 0.611244
0 0.592464 0.559642 0.596618 0.564218 0.598228 0.568920 0.596335 0.575425 0.583284 0.580958 0.580076 0.587745 0.574833 0.592024 0.562189 0.592214 0.556738 0.591070 0.548618 0.584190 0.550085 0.579880 0.553416 0.578955 0.568605 0.578640 0.575249 0.573640 0.580217 0.567527 0.580369 0.563499 0.583426 0.560740 0.587542 0.559016
0 0.595143 0.640029 0.594206 0.644857 0.586095 0.654167 0.582480 0.666299 0.579083 0.670813 0.573225 0.675014 0.564186 0.676112 0.551884 0.674546 0.548637 0.675032 0.528953 0.672526 0.526748 0.670896 0.537555 0.657432 0.544729 0.652949 0.551581 0.653371 0.557013 0.651365 0.560155 0.648167 0.572354 0.647022 0.575410 0.644263 0.577956 0.644137 0.583559 0.641253 0.586720 0.641205 0.590922 0.639042
0 0.777547 0.696059 0.617936 0.621287 0.599109 0.640444 0.588129 0.656063 0.587292 0.664465 0.605558 0.680973 0.642892 0.701605 0.681736 0.714491 0.709456 0.719153 0.735679 0.715121
0 0.654861 0.642536 0.643505 0.634759 0.626302 0.631935 0.625631 0.633118 0.637916 0.640694 0.645720 0.643904 0.653885 0.645259
0 0.741155 0.687069 0.736714 0.677959 0.725461 0.667344 0.706688 0.658942 0.691519 0.654798 0.678632 0.659485 0.678332 0.661030 0.739197 0.690300
0 0.769888 0.696739 0.760250 0.686968 0.753563 0.684848 0.745589 0.684782 0.741963 0.687486 0.740436 0.690773 0.741124 0.691809 0.768231 0.698426
0 0.774608 0.667224 0.764795 0.664873 0.755443 0.654895 0.738422 0.655292 0.735937 0.657539 0.745138 0.665667 0.744685 0.673299 0.743209 0.678238 0.746803 0.680894 0.753885 0.681431 0.762178 0.681021 0.767671 0.679157 0.773430 0.673297
0 0.773357 0.676656 0.788944 0.684037 0.788622 0.688943 0.785481 0.692140 0.780049 0.694147 0.776887 0.694194 0.769847 0.691499 0.764802 0.685011 0.765739 0.680184
0 0.774833 0.600846 0.778732 0.606738 0.779933 0.616785 0.777483 0.632662 0.773319 0.641126 0.767357 0.642615 0.767906 0.646283 0.764574 0.647207 0.761394 0.644105 0.749811 0.645328 0.725120 0.642635 0.711567 0.637762 0.705908 0.631195 0.707820 0.627841 0.721248 0.626852 0.731176 0.627666 0.752394 0.622273 0.761309 0.615313 0.764792 0.610360 0.768596 0.600501 0.770082 0.599341
0 0.868403 0.696850 0.870674 0.694891 0.873835 0.694844 0.879920 0.699216 0.880725 0.701567 0.884520 0.704748 0.896908 0.705875 0.899728 0.707583 0.906410 0.708884 0.908615 0.710513 0.907149 0.714824 0.902586 0.715592 0.897050 0.714887 0.890795 0.711393 0.882437 0.708980 0.880848 0.707429 0.875141 0.707601 0.868611 0.702273
0 0.870390 0.647637 0.873106 0.646633 0.876541 0.648420 0.877402 0.660221 0.876399 0.668638 0.879683 0.674452 0.897542 0.679874 0.918202 0.683853 0.919261 0.684887 0.917435 0.687802 0.906571 0.691816 0.881264 0.689044 0.873031 0.692493 0.866690 0.689437 0.862299 0.689328 0.855787 0.687150 0.853138 0.684564 0.851973 0.680818 0.854121 0.672997 0.859242 0.662856
0 0.893056 0.693243 0.895328 0.691284 0.898573 0.690798 0.906571 0.691816 0.913612 0.694511 0.925300 0.695999 0.931026 0.698976 0.931574 0.702643 0.928603 0.704963 0.925441 0.705011 0.913791 0.709823 0.905624 0.709683 0.900959 0.707740 0.894069 0.701017 0.892119 0.698071
0 0.925659 0.638933 0.928990 0.638008 0.935227 0.638352 0.945088 0.642755 0.958508 0.654807 0.956123 0.667095 0.953662 0.666781 0.948552 0.663882 0.932141 0.651001 0.925337 0.643839
0 0.047581 0.470042 0.051716 0.471468 0.053221 0.473459 0.058947 0.476436 0.064776 0.482125 0.066215 0.487704 0.062203 0.492140 0.053950 0.492439 0.050345 0.491530 0.044174 0.487597 0.041590 0.481422 0.042783 0.475278
0 0.050457 0.451971 0.053960 0.450168 0.057035 0.450560 0.067786 0.456875 0.073768 0.458536 0.079389 0.458802 0.087869 0.467077 0.088502 0.470305 0.085276 0.473942 0.075727 0.477673 0.065883 0.476420 0.048792 0.467049 0.046654 0.461830
0 0.062562 0.435074 0.079596 0.434994 0.082928 0.434069 0.101893 0.433785 0.105225 0.432861 0.116297 0.434270 0.123424 0.436526 0.150150 0.441727 0.157551 0.445817 0.162387 0.446883 0.165651 0.449547 0.172163 0.451725 0.178248 0.456097 0.183084 0.457162 0.188110 0.460500 0.207103 0.479557 0.216407 0.493333 0.220978 0.508755 0.221290 0.516889 0.219672 0.525227 0.213805 0.542468 0.202315 0.559443 0.193212 0.564130 0.185356 0.572124 0.180009 0.573692 0.168549 0.580777 0.157495 0.582518 0.153909 0.584760 0.136637 0.589307 0.119261 0.591142 0.110734 0.589607 0.111226 0.583823 0.114179 0.578353 0.116224 0.567821 0.115589 0.564592 0.117785 0.550031 0.116886 0.531929 0.113166 0.512119 0.102746 0.487858 0.095478 0.476589 0.092449 0.469458 0.069830 0.446343 0.063934 0.444243 0.059543 0.444134 0.056874 0.438398
0 0.245499 0.483095 0.249805 0.483644 0.255000 0.486104 0.259240 0.490241 0.258218 0.495507 0.262288 0.500522 0.264086 0.507497 0.262705 0.511368 0.263082 0.515913 0.260916 0.520584 0.258559 0.522982 0.251026 0.526071 0.241969 0.524018 0.233253 0.520211 0.231132 0.518142 0.229249 0.511606 0.226430 0.509898 0.225502 0.501686 0.228076 0.491670 0.234975 0.485353
0 0.266774 0.487153 0.272755 0.488814 0.276294 0.493312 0.274316 0.500255 0.271259 0.503014 0.267398 0.503421 0.260972 0.500805 0.257603 0.495429 0.259325 0.489802 0.262212 0.487921
0 0.331686 0.519700 0.337753 0.520922 0.347444 0.526203 0.350093 0.528789 0.351532 0.534368 0.350529 0.542785 0.348087 0.545622 0.339154 0.549431 0.332576 0.550842 0.324665 0.549385 0.320083 0.547003 0.315844 0.542866 0.313771 0.534058 0.315409 0.528870 0.321778 0.522036
0 0.410047 0.525178 0.417363 0.529707 0.425313 0.537465 0.425162 0.541493 0.423505 0.543530 0.410814 0.550459 0.403214 0.557136 0.402656 0.566509 0.400574 0.570741 0.386786 0.570335 0.376139 0.566731 0.368994 0.561324 0.362719 0.554679 0.361366 0.548661 0.362388 0.543395 0.368161 0.539633 0.380444 0.538049 0.384902 0.534569 0.388233 0.533644 0.389274 0.531528 0.392795 0.532875 0.398993 0.526919 0.404511 0.524473
0 0.458048 0.534437 0.466215 0.534577 0.476011 0.542569 0.478424 0.549622 0.486373 0.557379 0.500712 0.561453 0.499094 0.569791 0.496567 0.573067 0.485721 0.580231 0.478443 0.582003 0.471421 0.582458 0.467900 0.581110 0.459118 0.580892 0.454983 0.579466 0.452947 0.576958 0.453657 0.563558 0.442423 0.549986 0.441789 0.546757 0.444572 0.542165
0 0.543999 0.546277 0.550888 0.553001 0.552223 0.555869 0.551731 0.561652 0.547207 0.568721 0.538378 0.575242 0.528044 0.579772 0.526302 0.582249 0.510838 0.580730 0.504327 0.578552 0.500872 0.573615 0.503191 0.564917 0.511170 0.562784 0.536447 0.546215
0 0.558375 0.527421 0.561706 0.526496 0.565227 0.527844 0.569003 0.527875 0.578609 0.533595 0.582678 0.538610 0.588630 0.550160 0.586738 0.556665 0.583066 0.559345 0.574729 0.560083 0.563126 0.558156 0.556785 0.555100 0.553094 0.554630 0.546289 0.547468 0.544510 0.543644 0.544576 0.540055 0.546659 0.535823
0 0.707261 0.549522 0.712286 0.552860 0.713535 0.556167 0.711198 0.561716 0.705187 0.569945 0.696529 0.575588 0.692668 0.575996 0.687216 0.574852 0.677781 0.568255 0.676531 0.564948 0.678699 0.560277 0.684301 0.557392 0.687528 0.553756 0.692174 0.552549 0.695847 0.549868 0.699538 0.550338 0.703040 0.548535
0 0.772864 0.565519 0.776810 0.564672 0.780416 0.565580 0.784277 0.565173 0.787694 0.563809 0.795265 0.567021 0.809669 0.567506 0.815754 0.571878 0.823136 0.572818 0.826145 0.576798 0.828607 0.577112 0.831190 0.583286 0.831228 0.589587 0.827168 0.600762 0.821518 0.610386 0.815301 0.613192 0.810909 0.613083 0.808344 0.610058 0.809498 0.597614 0.806451 0.587332 0.799391 0.581487 0.795171 0.580500 0.786010 0.575736 0.778012 0.574718 0.770441 0.571506 0.769192 0.568199
0 0.928545 0.578591 0.932491 0.577744 0.950775 0.580971 0.959661 0.583901 0.971198 0.589417 0.963703 0.628037 0.956066 0.628413 0.937062 0.622397 0.925337 0.614608 0.920207 0.608559 0.916989 0.599155 0.917907 0.591178 0.922771 0.582353
0 0.056287 0.428430 0.054139 0.436251 0.047003 0.447034 0.035713 0.453242 0.029921 0.453854 0.023769 0.453071 0.014949 0.446551 0.010653 0.432963 0.011211 0.423591 0.012697 0.422431 0.016918 0.423418 0.023173 0.426912 0.028624 0.428056 0.037322 0.428713 0.041438 0.426989
0 0.164392 0.430049 0.174406 0.430425 0.181362 0.433559 0.192113 0.439874 0.190646 0.444184 0.183027 0.447711 0.177150 0.448762 0.171614 0.448057 0.164658 0.444923 0.160948 0.441303 0.159784 0.437557 0.160721 0.432730
0 0.200895 0.440093 0.206261 0.441675 0.213321 0.447520 0.215015 0.451783 0.221734 0.459384 0.222984 0.462691 0.220372 0.466406 0.217571 0.467848 0.207748 0.469746 0.200280 0.469245 0.197990 0.468054 0.192690 0.462882 0.190380 0.458541 0.189349 0.447617 0.193361 0.443181
0 0.215706 0.435233 0.220883 0.434543 0.232845 0.437864 0.239167 0.437769 0.244003 0.438835 0.244723 0.441625 0.243000 0.447251 0.237928 0.450653 0.231265 0.452503 0.225728 0.451798 0.219917 0.449260 0.214703 0.443649 0.214069 0.440421
0 0.188781 0.411569 0.199627 0.404405 0.206204 0.402994 0.215706 0.406002 0.220202 0.408823 0.227753 0.408885 0.230404 0.411471 0.240861 0.412802 0.244362 0.410999 0.248223 0.410591 0.274315 0.412564 0.284896 0.419757 0.285635 0.425697 0.281196 0.432327 0.274278 0.435494 0.269716 0.436262 0.261104 0.435166 0.247723 0.429415 0.241486 0.429071 0.237898 0.431312 0.234018 0.428570 0.231218 0.430012 0.217239 0.427333 0.209517 0.428149 0.200905 0.427053 0.190684 0.421254 0.188289 0.417352
0 0.257536 0.440558 0.262372 0.441623 0.270237 0.449819 0.277467 0.454787 0.282020 0.467059 0.277941 0.475083 0.265969 0.484802 0.260622 0.486370 0.232779 0.470684 0.228180 0.465151 0.227015 0.461406 0.228653 0.456218 0.232410 0.453098 0.244504 0.449242
0 0.306966 0.468435 0.310080 0.475128 0.303626 0.482400 0.296878 0.484689 0.288181 0.484032 0.279550 0.479785 0.280127 0.473563 0.283439 0.469488 0.287642 0.467324 0.298866 0.464706 0.303702 0.465771
0 0.298724 0.484924 0.306976 0.484626 0.320547 0.492649 0.327144 0.494388 0.337980 0.500265 0.344661 0.501565 0.364724 0.508616 0.369901 0.507926 0.386170 0.511796 0.390409 0.515933 0.382952 0.531622 0.374975 0.533755 0.358962 0.528568 0.353425 0.527864 0.335463 0.519731 0.325005 0.518400 0.316373 0.514153 0.292174 0.505676 0.289250 0.501257 0.290017 0.497307
0 0.452435 0.491900 0.457925 0.499344 0.459004 0.503529 0.458427 0.509751 0.454603 0.516460 0.440133 0.519565 0.432136 0.518546 0.424906 0.513579 0.422596 0.509237 0.422918 0.504332 0.432467 0.500601 0.447959 0.492230
0 0.554664 0.465341 0.568870 0.476593 0.574443 0.483598 0.575523 0.487782 0.574349 0.497077 0.571992 0.499475 0.571434 0.508848 0.567526 0.515995 0.554343 0.528707 0.547955 0.532391 0.540289 0.542657 0.531781 0.544272 0.518437 0.544822 0.513810 0.549180 0.510308 0.550982 0.505831 0.551312 0.495374 0.549981 0.489033 0.546925 0.481822 0.545108 0.457906 0.525425 0.457082 0.519923 0.460148 0.504125 0.459411 0.498185 0.462922 0.483342 0.474468 0.475818 0.487792 0.472118 0.501269 0.464389 0.507932 0.462539 0.521531 0.460673 0.546837 0.463445
0 0.574954 0.480965 0.577671 0.479961 0.593665 0.481998 0.603697 0.485523 0.621195 0.489549 0.624016 0.491258 0.623694 0.496163 0.618347 0.497731 0.606044 0.496165 0.592236 0.492608 0.578410 0.485902
0 0.551455 0.442897 0.545682 0.446659 0.526566 0.450971 0.511907 0.451803 0.502679 0.450628 0.499329 0.448403 0.502642 0.444328 0.512124 0.444186 0.531241 0.439874 0.547216 0.438760 0.549591 0.439512
0 0.584768 0.462877 0.589482 0.458081 0.607917 0.457280 0.612412 0.460100 0.614192 0.463925 0.616993 0.462482 0.618839 0.462717 0.620873 0.465225 0.625349 0.464895 0.627555 0.466525 0.647239 0.469031 0.652521 0.471052 0.657697 0.470362 0.667625 0.471176 0.671675 0.473041 0.676975 0.478212 0.678755 0.482037 0.678348 0.487381 0.675736 0.491096 0.670748 0.494059 0.659609 0.496238 0.653013 0.494499 0.645953 0.488654 0.639082 0.485081 0.628454 0.484627 0.622728 0.481650 0.615347 0.480710 0.608069 0.482482 0.600688 0.481542 0.585611 0.471529 0.583917 0.467266
0 0.789454 0.535252 0.786133 0.552368 0.782820 0.556443 0.778959 0.556851 0.752422 0.553922 0.734752 0.550774 0.718059 0.549098 0.713497 0.549867 0.704610 0.546936 0.686071 0.545026 0.681661 0.541767 0.685598 0.524730 0.690651 0.518178 0.725714 0.522641 0.740753 0.526354 0.745759 0.526542 0.747434 0.527655 0.754986 0.527717 0.757703 0.526713 0.765529 0.528609 0.785385 0.530237 0.788290 0.531506
0 0.860906 0.530857 0.859287 0.539195 0.850893 0.559712 0.847666 0.563349 0.845433 0.571609 0.840209 0.579038 0.835562 0.580245 0.822672 0.568711 0.808088 0.552914 0.798294 0.544922 0.795283 0.540941 0.795690 0.535596 0.799722 0.534311 0.815612 0.533635 0.826600 0.535484 0.834663 0.532913 0.851508 0.530560
0 0.104609 0.374321 0.102972 0.379509 0.088369 0.389792 0.082492 0.390843 0.078186 0.390295 0.075366 0.388587 0.073501 0.385201 0.074268 0.381252 0.076009 0.378775 0.080997 0.375813 0.093622 0.372473
0 0.195661 0.314410 0.199115 0.319347 0.196967 0.327168 0.192339 0.331526 0.171329 0.342342 0.145843 0.353488 0.142786 0.356247 0.137269 0.358692 0.133342 0.362689 0.116619 0.370904 0.106625 0.373679 0.093177 0.371517 0.090508 0.365781 0.092231 0.360154 0.097814 0.354119 0.101807 0.346533 0.109217 0.337583 0.119382 0.333931 0.128126 0.327849 0.136720 0.325795 0.150111 0.318505 0.161780 0.316843 0.168017 0.317187 0.186878 0.314192
0 0.193503 0.364502 0.198339 0.365567 0.205740 0.369657 0.211399 0.376224 0.213558 0.384593 0.209033 0.391662 0.204406 0.396019 0.200289 0.397744 0.188601 0.396256 0.181560 0.393561 0.174585 0.387277 0.172361 0.382497 0.173450 0.373641 0.179118 0.367168
0 0.196579 0.335663 0.201500 0.336290 0.205825 0.339988 0.209128 0.348953 0.224791 0.368934 0.224279 0.371568 0.220693 0.373809 0.216027 0.371866 0.208645 0.370926 0.195500 0.360709 0.185515 0.350444 0.186092 0.344222 0.189490 0.339707
0 0.287290 0.365198 0.293991 0.369649 0.299205 0.375260 0.300899 0.379522 0.299432 0.383833 0.288568 0.387846 0.281924 0.392846 0.277107 0.394931 0.273985 0.401279 0.275782 0.408254 0.272641 0.411451 0.265849 0.412341 0.251896 0.407911 0.246255 0.404495 0.238920 0.396816 0.236213 0.384779 0.237680 0.380469 0.240567 0.378588 0.243728 0.378540 0.251791 0.375969 0.255567 0.376000 0.261700 0.373633 0.275432 0.364588 0.279378 0.363742
0 0.302972 0.359100 0.313685 0.359115 0.320981 0.360493 0.327852 0.364066 0.343780 0.369692 0.348209 0.376101 0.348096 0.386430 0.340894 0.400803 0.330616 0.414784 0.323784 0.417512 0.320092 0.417042 0.318228 0.413657 0.323944 0.400444 0.325136 0.394300 0.324124 0.386526 0.315900 0.376935 0.307883 0.372767 0.299593 0.366765 0.298429 0.363019 0.300255 0.360104
0 0.354767 0.371540 0.361960 0.370207 0.377064 0.370331 0.386926 0.374734 0.393986 0.380580 0.398708 0.391973 0.397790 0.399951 0.393968 0.406660 0.386709 0.411582 0.377585 0.413118 0.372049 0.412414 0.369314 0.410267 0.363191 0.399594 0.351511 0.385066 0.350944 0.378248
0 0.509815 0.381384 0.513799 0.386838 0.513619 0.400756 0.510344 0.411131 0.508489 0.423936 0.502774 0.437149 0.496149 0.445300 0.490328 0.455802 0.478290 0.469109 0.472603 0.472432 0.469991 0.476147 0.461076 0.483107 0.445329 0.492794 0.414495 0.505508 0.386936 0.507846 0.383416 0.506498 0.380000 0.507862 0.372873 0.505606 0.367166 0.505779 0.361971 0.503319 0.348163 0.499762 0.345427 0.497615 0.339447 0.495954 0.333191 0.492460 0.322506 0.482555 0.320131 0.481803 0.316421 0.478183 0.310127 0.468388 0.303900 0.455004 0.305244 0.444832 0.307411 0.440161 0.314926 0.433923 0.324304 0.431069 0.328695 0.431178 0.338944 0.427087 0.345351 0.426553 0.362263 0.420612 0.368140 0.419561 0.397658 0.407130 0.407481 0.405232 0.418516 0.400341 0.447883 0.391938 0.468296 0.384193 0.474173 0.383143 0.491511 0.375007 0.496602 0.374755 0.503644 0.377451
0 0.545266 0.406583 0.546344 0.410767 0.543582 0.418510 0.536957 0.426661 0.532669 0.429263 0.528108 0.430031 0.518966 0.428418 0.511102 0.420222 0.511083 0.417071 0.512824 0.414595 0.528184 0.413402 0.534231 0.411474 0.541405 0.406991
0 0.620636 0.411231 0.627933 0.412609 0.633971 0.423721 0.644126 0.433108 0.652757 0.437355 0.655833 0.437747 0.659098 0.440411 0.658161 0.445238 0.650135 0.454110 0.639101 0.459001 0.629978 0.460538 0.618820 0.459567 0.610378 0.457593 0.607557 0.455885 0.610898 0.441920 0.610434 0.437813 0.606791 0.430604 0.599456 0.422925 0.601624 0.418254 0.605295 0.415574
0 0.848858 0.440283 0.855558 0.444734 0.856978 0.447163 0.856826 0.451191 0.836876 0.463042 0.830025 0.462619 0.824470 0.458764 0.825407 0.453937 0.830223 0.451852 0.844211 0.441491
0 0.894625 0.428571 0.906208 0.427348 0.923878 0.430496 0.927843 0.432800 0.940950 0.436717 0.953803 0.441951 0.964005 0.444598 0.973251 0.448923 0.975711 0.449237 0.979384 0.446556 0.979573 0.448829 0.984872 0.454000 0.987163 0.455191 0.992169 0.455379 0.996494 0.459077 0.986870 0.508668 0.984153 0.509671 0.984343 0.511944 0.986103 0.512618 0.978012 0.554309 0.965662 0.559482 0.954863 0.559906 0.944491 0.558136 0.931724 0.552464 0.926339 0.547731 0.919913 0.545114 0.873805 0.500121 0.855492 0.477553 0.852359 0.467711 0.853022 0.461050 0.856060 0.455141 0.862599 0.447429 0.871599 0.440030 0.884375 0.432663
0 0.761829 0.482719 0.761762 0.486308 0.755923 0.493659 0.750490 0.495665 0.743384 0.496560 0.734686 0.495902 0.721408 0.492863 0.716383 0.489525 0.712398 0.484071 0.713951 0.479322 0.716052 0.478240 0.752734 0.474366 0.758100 0.475948
0 0.704695 0.429576 0.709720 0.432914 0.712474 0.438211 0.711831 0.448023 0.709218 0.451738 0.695912 0.458588 0.692051 0.458996 0.680363 0.457508 0.677458 0.456239 0.672243 0.450628 0.672697 0.438544 0.678026 0.433826 0.681442 0.432462 0.680978 0.428356 0.688701 0.427540
0 0.704505 0.398073 0.710080 0.405079 0.715351 0.420140 0.718275 0.424560 0.718568 0.429544 0.716467 0.430625 0.708830 0.431002 0.701088 0.428668 0.678944 0.425849 0.673663 0.423827 0.676511 0.415646 0.681243 0.413999 0.695042 0.401366 0.699328 0.398764
0 0.727294 0.391081 0.733256 0.389592 0.744773 0.391957 0.752534 0.397442 0.766843 0.411405 0.770658 0.417737 0.771755 0.425072 0.769162 0.431937 0.763304 0.436138 0.758127 0.436828 0.743619 0.433632 0.738764 0.429416 0.733172 0.419261 0.722146 0.411112 0.719392 0.405815 0.720480 0.396959 0.723006 0.393683
0 0.738992 0.437990 0.743724 0.436344 0.762623 0.439649 0.766948 0.443347 0.772929 0.445008 0.779100 0.448941 0.788601 0.451950 0.791251 0.454535 0.795198 0.453689 0.797848 0.456275 0.804189 0.459330 0.808703 0.465301 0.816738 0.472620 0.823116 0.481976 0.823154 0.488277 0.821773 0.492148 0.818631 0.495346 0.811628 0.498951 0.803204 0.500127 0.784352 0.490083 0.781343 0.486102 0.774727 0.481213 0.771737 0.480382 0.763787 0.472625 0.762453 0.469757 0.758762 0.469287 0.747529 0.455715 0.742588 0.451938 0.739389 0.445685 0.738036 0.439667
0 0.636355 0.382203 0.648194 0.379663 0.672204 0.385867 0.677144 0.389644 0.677864 0.392433 0.676482 0.396305 0.669924 0.400866 0.664491 0.402873 0.656769 0.403689 0.650088 0.402389 0.641542 0.397703 0.636242 0.392531 0.634018 0.387751
0 0.489211 0.357625 0.495912 0.362076 0.497076 0.365822 0.496139 0.370649 0.493082 0.373408 0.483599 0.373550 0.476984 0.368660 0.477561 0.362438 0.484735 0.357955
0 0.600876 0.366894 0.600450 0.369088 0.603970 0.370435 0.606534 0.373460 0.604509 0.387143 0.599816 0.395090 0.590796 0.399338 0.586850 0.400184 0.577708 0.398571 0.575417 0.397380 0.574254 0.393634 0.576213 0.383541 0.578040 0.380625 0.585894 0.372631 0.594743 0.369261 0.597903 0.369213 0.599645 0.366737
0 0.479946 0.350150 0.480154 0.355573 0.475460 0.363520 0.468012 0.366169 0.461605 0.366703 0.445081 0.364149 0.440330 0.362645 0.436005 0.358947 0.435627 0.354402 0.437368 0.351925 0.449273 0.345796 0.455321 0.343867 0.469025 0.344713 0.476151 0.346969
0 0.093554 0.288371 0.095230 0.289484 0.099441 0.303511 0.102981 0.308009 0.106454 0.316096 0.113514 0.321941 0.127767 0.326454 0.124540 0.330090 0.116836 0.334056 0.106842 0.336831 0.095069 0.335782 0.091019 0.333917 0.085719 0.328746 0.081545 0.321019 0.080409 0.307384 0.083665 0.293858 0.086892 0.290221
0 0.079936 0.287087 0.082415 0.290551 0.081668 0.297651 0.078374 0.304876 0.072961 0.310033 0.068759 0.312197 0.060866 0.313890 0.052084 0.313671 0.045573 0.311493 0.041863 0.307873 0.040699 0.304128 0.042318 0.295789 0.048071 0.288877 0.053504 0.286870 0.072024 0.285630
0 0.129905 0.273212 0.134315 0.276472 0.133038 0.283054 0.117413 0.298603 0.113912 0.300406 0.107230 0.299106 0.100000 0.294138 0.096015 0.288684 0.097123 0.282979 0.104551 0.277179 0.114801 0.273088 0.117877 0.273479 0.123138 0.272351
0 0.181246 0.268505 0.184701 0.273442 0.186140 0.279021 0.184162 0.285965 0.178474 0.289288 0.174547 0.293285 0.174243 0.301341 0.176998 0.306638 0.175976 0.311905 0.174320 0.313942 0.168973 0.315510 0.154143 0.317220 0.149836 0.316672 0.146931 0.315402 0.143477 0.310466 0.138479 0.297238 0.143543 0.277646 0.149997 0.270373 0.159631 0.266203 0.166038 0.265670
0 0.034903 0.990077 0.037469 0.993102 0.036617 0.997491 0.032604 1.000000 0.027532 1.000000 0.024286 1.000000 0.016288 1.000000 0.013449 0.999938 0.015938 0.990361 0.022771 0.987633
0 0.228526 0.989542 0.232301 0.989573 0.243649 0.992816 0.253491 0.994069 0.260002 0.996247 0.260721 0.999037 0.258724 1.000000 0.249659 1.000000 0.243630 1.000000 0.240999 1.000000 0.225790 1.000000 0.223671 1.000000 0.221049 1.000000 0.223812 0.994338
0 0.406342 0.989244 0.414717 0.994807 0.419317 1.000000 0.426349 1.000000 0.426557 1.000000 0.420889 1.000000 0.413099 1.000000 0.402235 1.000000 0.392260 1.000000 0.374979 1.000000 0.364474 1.000000 0.347799 1.000000 0.337871 1.000000 0.330129 1.000000 0.319739 1.000000 0.315414 1.000000 0.306830 1.000000 0.297650 1.000000 0.292691 1.000000 0.276488 1.000000 0.271803 1.000000 0.270006 1.000000 0.271283 1.000000 0.276251 0.996967 0.290239 0.986606 0.298472 0.983157 0.308381 0.980821 0.332249 0.978013 0.337596 0.976445 0.352001 0.976930 0.359827 0.978825 0.372830 0.980031 0.378641 0.982569 0.384177 0.983274 0.388843 0.985217 0.396925 0.985796
0 0.249034 0.049138 0.254192 0.045298 0.266855 0.048259 0.287155 0.050843 0.293051 0.052943 0.298672 0.053209 0.306773 0.056938 0.318821 0.059821 0.321026 0.061451 0.320685 0.063206 0.307757 0.074601 0.302770 0.077564 0.296193 0.078975 0.289957 0.078631 0.259265 0.071127 0.250719 0.066441 0.249006 0.059028
0 0.433561 0.040250 0.436741 0.043353 0.439239 0.049967 0.437961 0.056550 0.434545 0.057914 0.425677 0.058134 0.422876 0.059576 0.416384 0.060548 0.407195 0.065674 0.404204 0.064844 0.402747 0.056114 0.403854 0.050409 0.406381 0.047133 0.414955 0.041929 0.429254 0.039702
0 0.488016 0.042236 0.492766 0.043740 0.498682 0.048990 0.503678 0.062217 0.510228 0.070696 0.508761 0.075006 0.498597 0.078659 0.488754 0.077406 0.477047 0.072768 0.470688 0.066562 0.475684 0.050559 0.482583 0.044242
0 0.631280 0.064071 0.637006 0.067048 0.639315 0.071389 0.640138 0.076890 0.638416 0.082517 0.634574 0.086075 0.629142 0.088082 0.616583 0.087832 0.613233 0.085607 0.612598 0.082379 0.615873 0.072003 0.622242 0.065169 0.626359 0.063444
0 0.750639 0.082413 0.756856 0.079607 0.761863 0.079794 0.773758 0.086705 0.778509 0.088209 0.781774 0.090873 0.789412 0.090496 0.790491 0.094681 0.787197 0.101907 0.778793 0.106233 0.765496 0.100044 0.755929 0.100624 0.750033 0.098525 0.746853 0.095422 0.745774 0.091237 0.747411 0.086049
0 0.832113 0.094583 0.832833 0.097373 0.830344 0.106949 0.821939 0.111276 0.813962 0.113408 0.803778 0.113911 0.787955 0.110997 0.786895 0.109963 0.787046 0.105935 0.810810 0.100416 0.825157 0.091449 0.829463 0.091997
0 0.949152 0.121624 0.956449 0.123003 0.962213 0.132281 0.969973 0.137766 0.975822 0.146605 0.993653 0.161916 0.996047 0.165818 0.995195 0.170207 0.991627 0.175598 0.983498 0.181759 0.967645 0.188735 0.952115 0.190805 0.947279 0.189740 0.945614 0.175587 0.939661 0.164036 0.929421 0.155088 0.923657 0.145810 0.918888 0.141156 0.913777 0.138257 0.916474 0.134103 0.925389 0.127143 0.939499 0.122644
0 0.000000 0.286640 0.006364 0.289414 0.013064 0.293864 0.019831 0.294726 0.023096 0.297390 0.026958 0.296982 0.033043 0.301354 0.040264 0.319362 0.035826 0.325992 0.036460 0.329221 0.033441 0.338280 0.028283 0.342120 0.018733 0.345851 0.010652 0.345272 0.006621 0.346558 0.000000 0.341497 0.000000 0.336451 0.000000 0.330841 0.000000 0.327534 0.000000 0.326343 0.000000 0.309227 0.000000 0.308224 0.000000 0.295246 0.000000 0.288208
1 0.861203 0.524972 0.710759 0.362309 0.681434 0.392744 0.669914 0.424690 0.673081 0.457746 0.696844 0.488863 0.720686 0.508605 0.753844 0.524217 0.766915 0.528156 0.791847 0.531330 0.805207 0.533790 0.811724 0.533105
0 0.578143 0.412567 0.581049 0.413836 0.586708 0.420403 0.593219 0.422581 0.598160 0.426357 0.599787 0.434210 0.594563 0.441639 0.588175 0.445323 0.580283 0.447016 0.566579 0.446171 0.555932 0.442567 0.547111 0.436048 0.544358 0.430751 0.543260 0.423416 0.544282 0.418150 0.546894 0.414435 0.550311 0.413071 0.566731 0.412913 0.572607 0.411862
0 0.109180 0.389743 0.112067 0.387862 0.117244 0.387172 0.125685 0.389146 0.127805 0.391215 0.130834 0.398346 0.141310 0.402827 0.144386 0.403219 0.151919 0.400131 0.156225 0.400679 0.162926 0.405129 0.163048 0.410991 0.153074 0.416917 0.135443 0.420068 0.121995 0.417907 0.115549 0.412140 0.109341 0.401906 0.107988 0.395887
0 0.078982 0.405686 0.074372 0.413194 0.066925 0.415843 0.053391 0.414120 0.040814 0.410720 0.035599 0.405110 0.036366 0.401160 0.040738 0.398119 0.046785 0.396191 0.058284 0.395406 0.071646 0.398007 0.077817 0.401940
1 0.226107 0.298333 0.000000 0.398867 0.040321 0.421994 0.086634 0.430170 0.129189 0.430272 0.172716 0.419867 0.202970 0.395621 0.225344 0.368096 0.232568 0.336364
0 0.871023 0.533944 0.875414 0.534053 0.882730 0.538582 0.895752 0.542938 0.902519 0.543799 0.911812 0.541385 0.915948 0.542811 0.916052 0.545522 0.912314 0.551792 0.906815 0.557387 0.897456 0.563391 0.886146 0.566448 0.877090 0.564396 0.871619 0.560102 0.867341 0.549664 0.869451 0.535543
0 0.456250 0.527462 0.455928 0.532368 0.450685 0.536647 0.444553 0.539014 0.437530 0.539469 0.427773 0.537778 0.421158 0.532888 0.418215 0.525319 0.420126 0.521964 0.434171 0.521054 0.451224 0.524124
1 0.778817 0.577069 0.783757 0.580846 0.787126 0.586221 0.798086 0.597960 0.801255 0.614102 0.796789 0.630622 0.793221 0.636014 0.784051 0.644291 0.766439 0.650593 0.753814 0.653932 0.746791 0.654387 0.716734 0.650111 0.711453 0.648090 0.705917 0.647385 0.703182 0.645238 0.697286 0.643139 0.691286 0.638328 0.680412 0.626151 0.674885 0.612406 0.676570 0.600479 0.679673 0.590980 0.688740 0.579993 0.707649 0.570258 0.728611 0.566181 0.744245 0.566822 0.746962 0.565819 0.751968 0.566006 0.754173 0.567636 0.761915 0.569971 0.775041 0.577038
0 0.533220 0.579082 0.540772 0.579144 0.544586 0.585476 0.546791 0.587106 0.550567 0.587137 0.554362 0.590318 0.558706 0.597167 0.563031 0.600865 0.565256 0.605645 0.571596 0.608701 0.587562 0.620627 0.596723 0.625390 0.598672 0.628337 0.596146 0.631613 0.589398 0.633902 0.580823 0.639106 0.567925 0.640612 0.561243 0.639311 0.549792 0.633357 0.536476 0.624017 0.526747 0.612435 0.529728 0.597075 0.527655 0.588267 0.529633 0.581324
0 0.345513 0.555637 0.352365 0.556060 0.359577 0.557877 0.362397 0.559585 0.368672 0.566230 0.377663 0.571871 0.381903 0.576009 0.386350 0.585569 0.382338 0.590005 0.377161 0.590695 0.366571 0.596542 0.350104 0.603440 0.345798 0.602891 0.328176 0.593003 0.323425 0.591499 0.319185 0.587362 0.312617 0.575733 0.312684 0.572144 0.328005 0.564651 0.331148 0.561453 0.336050 0.558929
1 0.276777 0.499044 0.310372 0.527896 0.310500 0.576215 0.281411 0.637335 0.252694 0.635375 0.187368 0.613923 0.235021 0.558129
0 0.187818 0.572438 0.189852 0.574945 0.204209 0.582169 0.206073 0.585554 0.203139 0.594175 0.194650 0.598940 0.188774 0.599991 0.182622 0.599208 0.176281 0.596152 0.172041 0.592015 0.169903 0.586796 0.170224 0.581890 0.181070 0.574726 0.185631 0.573958
0 0.839324 0.125631 0.849252 0.126445 0.861981 0.125817 0.884912 0.127837 0.906925 0.137834 0.912992 0.139056 0.918803 0.141595 0.931456 0.157596 0.933065 0.162297 0.921065 0.181906 0.911998 0.192893 0.907797 0.195057 0.899884 0.193600 0.890468 0.190152 0.885461 0.189965 0.879991 0.185671 0.838445 0.169140 0.829388 0.167087 0.824363 0.163749 0.818467 0.161650 0.816327 0.156431 0.820681 0.150239 0.822697 0.149597 0.824504 0.143531 0.835653 0.128311
0 0.702704 0.098796 0.710133 0.092996 0.717667 0.089908 0.721528 0.089500 0.734445 0.091144 0.745622 0.095265 0.751008 0.099998 0.770456 0.106971 0.774932 0.106641 0.784008 0.111844 0.791750 0.114178 0.811047 0.125179 0.818911 0.133375 0.820965 0.139033 0.819602 0.146055 0.816035 0.151447 0.808075 0.156729 0.800267 0.157984 0.788495 0.156935 0.780308 0.153644 0.766292 0.144665 0.753440 0.139431 0.749749 0.138961 0.744279 0.134667 0.740589 0.134198 0.735648 0.130421 0.727376 0.127569 0.723496 0.124827 0.710114 0.119076 0.702080 0.111757 0.700385 0.107494
0 0.676981 0.085178 0.684486 0.091979 0.688915 0.098389 0.689464 0.102057 0.687846 0.110395 0.686105 0.112872 0.679887 0.115678 0.644709 0.121543 0.640489 0.120556 0.647246 0.105227 0.657334 0.088973 0.661262 0.084976 0.667224 0.083486
0 0.614396 0.089353 0.619800 0.097236 0.618267 0.105135 0.603968 0.107362 0.594863 0.112049 0.590851 0.116485 0.585759 0.116736 0.577744 0.112568 0.573673 0.107553 0.572851 0.102052 0.574914 0.094670 0.580327 0.089513 0.592885 0.089762 0.609645 0.087849
0 0.480672 0.106057 0.490222 0.102326 0.494443 0.103313 0.498474 0.102027 0.516739 0.102104 0.541090 0.106553 0.554093 0.107759 0.569576 0.112428 0.576343 0.113289 0.584633 0.119291 0.577166 0.148021 0.572245 0.147394 0.569425 0.145686 0.563207 0.148492 0.547914 0.146096 0.536670 0.145564 0.527083 0.142994 0.508544 0.141084 0.503178 0.139501 0.491452 0.131713 0.477644 0.128156 0.474465 0.125054 0.477890 0.110650
0 0.466040 0.067769 0.470433 0.067878 0.482243 0.075228 0.490240 0.076246 0.497196 0.079380 0.498360 0.083126 0.496827 0.091025 0.492559 0.096777 0.485640 0.099944 0.477133 0.101559 0.472212 0.100933 0.469117 0.097391 0.465199 0.088348 0.453558 0.080121 0.455195 0.074933 0.458338 0.071735
0 0.453871 0.088255 0.457751 0.090997 0.460590 0.095856 0.461224 0.099084 0.459587 0.104272 0.456360 0.107909 0.449186 0.112392 0.442609 0.113803 0.438918 0.113333 0.434252 0.111390 0.431687 0.108366 0.432180 0.102582 0.436684 0.092363 0.442627 0.087723
0 0.073881 0.506668 0.072329 0.511417 0.060973 0.521214 0.054623 0.531198 0.039849 0.542359 0.035108 0.557045 0.030395 0.561841 0.026023 0.564882 0.006631 0.567360 0.000000 0.576139 0.000000 0.575325 0.000000 0.567615 0.000000 0.562225 0.000000 0.553073 0.000000 0.549217 0.000000 0.545331 0.000000 0.501007 0.000000 0.502072 0.000000 0.499046 0.000000 0.499907 0.000000 0.499452 0.000000 0.502084 0.000000 0.502381 0.001246 0.504167 0.004833 0.501925 0.011855 0.501470 0.024376 0.495419 0.045357 0.494493 0.054054 0.495150 0.070427 0.501731
0 0.943649 0.666406 0.948485 0.667471 0.953340 0.671687 0.955186 0.671922 0.949139 0.703081 0.942713 0.700464 0.933277 0.693866 0.930183 0.690325 0.924902 0.688303 0.922252 0.685717 0.921088 0.681972 0.925101 0.677536
0 0.401630 0.016399 0.408860 0.021366 0.414094 0.030127 0.412135 0.040221 0.388428 0.055191 0.376286 0.065787 0.365610 0.072073 0.357443 0.071933 0.341155 0.064912 0.332146 0.056121 0.327784 0.046122 0.328152 0.034476 0.333906 0.027564 0.346597 0.020635 0.369471 0.013204 0.389137 0.012560
0 0.176844 0.047593 0.180979 0.049019 0.187254 0.055664 0.206021 0.066147 0.232047 0.071709 0.253114 0.070344 0.254532 0.072773 0.253596 0.077600 0.242305 0.083808 0.226880 0.088589 0.215996 0.089452 0.202633 0.086852 0.195762 0.083279 0.179674 0.065492 0.175396 0.055054
0 0.165430 0.047939 0.167465 0.050447 0.167693 0.059020 0.163869 0.065728 0.158711 0.069569 0.150392 0.073456 0.143286 0.074350 0.134758 0.072815 0.127272 0.069164 0.124178 0.065622 0.123799 0.061077 0.127177 0.053412 0.131020 0.049854 0.140569 0.046123 0.149691 0.044586 0.160850 0.045557
0 0.029843 0.207410 0.042970 0.214477 0.048989 0.222439 0.048052 0.227266 0.033516 0.233960 0.028272 0.238239 0.024619 0.244070 0.021875 0.254963 0.013982 0.256656 0.004224 0.254964 0.000000 0.251157 0.000000 0.245155 0.000000 0.217507 0.000000 0.217177 0.002047 0.214214 0.007754 0.214042 0.021761 0.206831
0 0.873688 0.188916 0.879225 0.189621 0.886181 0.192755 0.889891 0.196375 0.892219 0.203866 0.889882 0.209415 0.882812 0.216609 0.877380 0.218616 0.874219 0.218663 0.870698 0.217316 0.868748 0.214369 0.865304 0.196393 0.867726 0.190405
0 0.686531 0.139908 0.686380 0.143936 0.683067 0.148011 0.674937 0.154171 0.667130 0.155426 0.654354 0.162793 0.650493 0.163201 0.639032 0.170287 0.629038 0.173062 0.619404 0.177231 0.611237 0.177091 0.601158 0.180305 0.591845 0.179569 0.568621 0.172566 0.565526 0.169024 0.567059 0.161124 0.576248 0.155998 0.591949 0.153050 0.616185 0.138598 0.624079 0.136904 0.634943 0.132891 0.638104 0.132844 0.644492 0.129160 0.650454 0.127670 0.654230 0.127701 0.657666 0.129488 0.666448 0.129706 0.671218 0.134361 0.675779 0.133592
0 0.410148 0.118665 0.415429 0.120686 0.422044 0.125576 0.421723 0.130481 0.398517 0.155858 0.396416 0.156940 0.392640 0.156909 0.379069 0.148885 0.376400 0.143149 0.382665 0.133604 0.391135 0.125688 0.403210 0.118681
0 0.375652 0.121019 0.373608 0.131552 0.354397 0.149342 0.342491 0.155472 0.336784 0.155645 0.316655 0.152183 0.314004 0.149597 0.297528 0.140304 0.294963 0.137279 0.296174 0.134286 0.298976 0.132844 0.324197 0.136054 0.331646 0.133405 0.342359 0.133420 0.345945 0.131178 0.359356 0.127039 0.370901 0.119515 0.374677 0.119546
0 0.236032 0.135624 0.243565 0.132535 0.248741 0.131845 0.274047 0.134617 0.290506 0.140759 0.294281 0.140790 0.294556 0.142624 0.298351 0.145805 0.299317 0.160319 0.296081 0.176995 0.294254 0.179910 0.290052 0.182074 0.285131 0.181447 0.281865 0.178783 0.276916 0.158816 0.271000 0.153566 0.254098 0.146468 0.235114 0.143601 0.233609 0.141611
0 0.043347 0.072871 0.052195 0.069500 0.058603 0.068967 0.066344 0.071301 0.074190 0.076347 0.079811 0.076613 0.094982 0.073148 0.103064 0.073727 0.116957 0.076845 0.129194 0.082000 0.139330 0.088237 0.167144 0.113813 0.193889 0.122164 0.206107 0.124169 0.221694 0.131550 0.223198 0.133540 0.226190 0.134371 0.234518 0.146673 0.235426 0.151736 0.231830 0.167017 0.225035 0.176046 0.195536 0.191627 0.184672 0.195641 0.171072 0.197507 0.163331 0.195172 0.157368 0.196662 0.144280 0.195895 0.140949 0.196820 0.137428 0.195473 0.126355 0.194063 0.122920 0.192277 0.106121 0.187890 0.087799 0.178362 0.082944 0.174147 0.079424 0.172799 0.072364 0.166954 0.066638 0.163976 0.048515 0.143681 0.042032 0.131614 0.037839 0.120737 0.037527 0.112602 0.035558 0.106506 0.036287 0.096256 0.033325 0.085535 0.036003 0.078232
0 0.991987 0.235454 0.998413 0.238071 1.000000 0.242412 1.000000 0.248195 0.984086 0.308648 0.979288 0.313883 0.972370 0.317050 0.967193 0.317740 0.959896 0.316361 0.957180 0.317365 0.953130 0.315500 0.949097 0.316786 0.945833 0.314122 0.945520 0.305987 0.947820 0.294138 0.951814 0.286552 0.953053 0.273669 0.960710 0.247212 0.967419 0.238622 0.973808 0.234938 0.982145 0.234201
0 0.824789 0.220016 0.825612 0.225517 0.824486 0.228072 0.819754 0.229718 0.809722 0.226192 0.807092 0.226757 0.797335 0.225065 0.785836 0.225850 0.774356 0.229785 0.765186 0.238061 0.758391 0.247089 0.755675 0.248093 0.750754 0.247466 0.749164 0.245915 0.748425 0.239975 0.755864 0.221135 0.761343 0.212389 0.766501 0.208548 0.777110 0.205852 0.785807 0.206509 0.798830 0.210865 0.809373 0.211757 0.812723 0.213983 0.817028 0.214531 0.820463 0.216317
0 0.590511 0.205932 0.587814 0.210085 0.575529 0.211669 0.562337 0.208191 0.557927 0.204932 0.557207 0.202142 0.560094 0.200261 0.566501 0.199727 0.582495 0.201763 0.588391 0.203863
0 0.600873 0.191511 0.600107 0.195461 0.592745 0.197672 0.589157 0.199913 0.578889 0.200855 0.563510 0.198897 0.552987 0.201155 0.547005 0.199494 0.534192 0.200561 0.516522 0.197412 0.508355 0.197272 0.501229 0.195016 0.489010 0.193011 0.481904 0.193905 0.456853 0.189816 0.446376 0.185335 0.434158 0.183330 0.427013 0.177923 0.428565 0.173174 0.432322 0.170055 0.441255 0.166245 0.450464 0.164270 0.467414 0.164629 0.471616 0.162465 0.476452 0.163531 0.479083 0.162966 0.481989 0.164236 0.489625 0.163859 0.500698 0.165268 0.504218 0.166616 0.517478 0.166505 0.533917 0.169497 0.554321 0.174793 0.558372 0.176657 0.567068 0.177315 0.574385 0.181844 0.579306 0.182470
0 0.498039 0.204953 0.505971 0.209560 0.506708 0.215500 0.500699 0.223729 0.488898 0.232570 0.484980 0.252757 0.482453 0.256033 0.479652 0.257475 0.467964 0.255987 0.460734 0.251020 0.459844 0.249108 0.460866 0.243841 0.474219 0.230251 0.480663 0.206788 0.485907 0.202509
0 0.360341 0.203163 0.358769 0.204762 0.353678 0.205013 0.342984 0.208149 0.328153 0.209858 0.316741 0.210204 0.309974 0.209343 0.306794 0.206240 0.309216 0.200253 0.311488 0.198293 0.316049 0.197525 0.331238 0.197210 0.353640 0.198713 0.357245 0.199621
0 0.278809 0.181542 0.282670 0.181134 0.288396 0.184111 0.299885 0.196367 0.302128 0.204297 0.303008 0.219249 0.305658 0.221835 0.308601 0.229405 0.312926 0.233103 0.314261 0.235971 0.313769 0.241755 0.310797 0.244074 0.305790 0.243887 0.297140 0.236490 0.284270 0.228106 0.274238 0.224581 0.265758 0.216306 0.265550 0.210883 0.275837 0.183862
0 0.269448 0.158315 0.269950 0.168722 0.275184 0.177483 0.274333 0.181871 0.260733 0.183738 0.245524 0.180902 0.239269 0.177408 0.235095 0.169681 0.236203 0.163976 0.237773 0.162377 0.245666 0.160684 0.251988 0.160589 0.264697 0.156811
0 0.413837 0.000000 0.429282 0.000000 0.432187 0.000000 0.435519 0.000000 0.444046 0.000000 0.449857 0.000000 0.453567 0.000000 0.463343 0.000000 0.466418 0.000000 0.478760 0.000000 0.499154 0.010826 0.500849 0.015089 0.499382 0.019399 0.492587 0.028427 0.490334 0.033537 0.483605 0.038976 0.480737 0.044007 0.475750 0.046970 0.471889 0.047378 0.450406 0.037897 0.443176 0.032930 0.434734 0.030956 0.412361 0.019564 0.387358 0.008736 0.386979 0.004191 0.402566 0.000000 0.408850 0.000000
0 0.688375 0.000000 0.709290 0.000000 0.708950 0.000000 0.715138 0.005492 0.716218 0.009677 0.714069 0.017498 0.707511 0.022060 0.703034 0.022389 0.699599 0.020603 0.692672 0.007579 0.686652 0.000000
0 0.004659 0.181269 0.008880 0.182256 0.015051 0.186190 0.017445 0.190092 0.011938 0.208728 0.010111 0.211643 0.006694 0.213007 0.000000 0.207413 0.000000 0.181521
0 0.523666 0.000000 0.531199 0.000000 0.534360 0.000000 0.536650 0.000000 0.542925 0.002907 0.554121 0.010178 0.557594 0.018265 0.555512 0.022497 0.544988 0.024755 0.534975 0.024380 0.533641 0.021511 0.534303 0.014850 0.533225 0.010666
0 0.741382 0.032667 0.751054 0.034798 0.755549 0.037618 0.758474 0.042038 0.758852 0.046583 0.756279 0.056599 0.751906 0.059640 0.743910 0.058622 0.736783 0.056365 0.731928 0.052150 0.730130 0.045175 0.732278 0.037354
0 0.966414 0.042426 0.970739 0.046125 0.972074 0.048993 0.971411 0.055654 0.968799 0.059369 0.963727 0.062770 0.957679 0.064699 0.948282 0.064402 0.943701 0.062020 0.940162 0.057522 0.939253 0.052460 0.940890 0.047272 0.946133 0.042992 0.950865 0.041346 0.956401 0.042051 0.960347 0.041204
0 0.718082 0.042293 0.716975 0.047998 0.713407 0.053390 0.699145 0.061917 0.688621 0.064175 0.662463 0.065792 0.636097 0.061986 0.633892 0.060356 0.630200 0.059886 0.628952 0.056579 0.621929 0.057034 0.603627 0.050657 0.582654 0.038544 0.576825 0.032855 0.572736 0.024690 0.571657 0.020505 0.573190 0.012605 0.578158 0.006492 0.587964 0.001445 0.601648 0.000000 0.626964 0.000000 0.628705 0.000000 0.682839 0.000000 0.682498 0.000000 0.691252 0.005150 0.694280 0.012281 0.699685 0.020164 0.703565 0.022906 0.710946 0.023846 0.711221 0.025680 0.713682 0.025993 0.711684 0.029786 0.714779 0.033328
0 0.631063 0.217839 0.632228 0.221585 0.631120 0.227290 0.627723 0.231805 0.609704 0.243451 0.599284 0.248421 0.593492 0.249032 0.586451 0.246337 0.574895 0.237671 0.569937 0.230744 0.570874 0.225917 0.573400 0.222641 0.576817 0.221277 0.585344 0.222812 0.591666 0.222717 0.598943 0.220946 0.609656 0.220960 0.622092 0.215348 0.628243 0.216131
0 0.503756 0.220970 0.508914 0.217130 0.512159 0.216644 0.520157 0.217662 0.526242 0.222034 0.533283 0.224729 0.537163 0.227471 0.550270 0.231388 0.553621 0.233614 0.561893 0.236466 0.567278 0.241198 0.565726 0.245947 0.561883 0.249505 0.554180 0.253472 0.545586 0.255525 0.530207 0.253568 0.527473 0.251421 0.524397 0.251029 0.515680 0.247222 0.507475 0.240781 0.501608 0.228791 0.501759 0.224763
0 0.438323 0.204096 0.441077 0.209394 0.439969 0.215099 0.432455 0.221337 0.416243 0.226918 0.405596 0.223315 0.402947 0.220729 0.401868 0.216544 0.403316 0.209084 0.408643 0.204365 0.412761 0.202641 0.420483 0.201825 0.429880 0.202122
0 0.385059 0.166737 0.388117 0.163978 0.397580 0.160686 0.406978 0.160982 0.425025 0.168676 0.426975 0.171623 0.426379 0.174695 0.423321 0.177453 0.417445 0.178504 0.398905 0.176594 0.386498 0.172316 0.384633 0.168931
0 0.628083 0.203969 0.627316 0.207919 0.624089 0.211555 0.613120 0.212857 0.603278 0.211604 0.592015 0.207922 0.589176 0.203064 0.589602 0.200869 0.593889 0.198267 0.604498 0.195570 0.614426 0.196384 0.621382 0.199518 0.625688 0.200067
0 0.510984 0.050556 0.515887 0.048032 0.542717 0.055944 0.553704 0.057793 0.584973 0.059075 0.587349 0.059827 0.586176 0.069122 0.579635 0.076833 0.565137 0.089828 0.555417 0.094436 0.549182 0.094092 0.529374 0.085725 0.519048 0.077215 0.515954 0.073673 0.510047 0.055383
0 0.660477 0.202696 0.658395 0.206928 0.645259 0.212901 0.641039 0.211914 0.630202 0.206038 0.628168 0.203530 0.627704 0.199424 0.636552 0.196053 0.647436 0.195190 0.655348 0.196647
0 0.844256 0.230139 0.846651 0.234041 0.845648 0.242458 0.839809 0.249809 0.828500 0.252866 0.818657 0.251613 0.812316 0.248558 0.809666 0.245972 0.807972 0.241709 0.810139 0.237038 0.823975 0.230705 0.834073 0.230641 0.840035 0.229152
0 0.931144 0.237152 0.934684 0.241650 0.935762 0.245835 0.934825 0.250662 0.925779 0.264800 0.910986 0.272810 0.903775 0.270993 0.888311 0.269474 0.885405 0.268205 0.885179 0.259632 0.881175 0.251028 0.885254 0.243003 0.885538 0.231796 0.892815 0.230025 0.910551 0.229584 0.918992 0.231558
0 0.508155 0.149579 0.503869 0.152181 0.488149 0.151979 0.477644 0.157387 0.469922 0.158202 0.463771 0.157420 0.458575 0.154959 0.456095 0.151496 0.446044 0.144820 0.444625 0.142391 0.436608 0.138222 0.436401 0.132800 0.437971 0.131201 0.441833 0.130793 0.454751 0.132437 0.468777 0.128377 0.482395 0.129661 0.488651 0.133155 0.494017 0.134738 0.495966 0.137684 0.505042 0.142887 0.508581 0.147384
0 0.671966 0.156491 0.675571 0.157400 0.683795 0.166991 0.688944 0.176191 0.691376 0.186394 0.690184 0.192538 0.684667 0.194983 0.670982 0.197288 0.666146 0.196223 0.663221 0.191803 0.656389 0.165301 0.656900 0.162668 0.659956 0.159909
0 0.754264 0.174163 0.756469 0.175793 0.758163 0.180056 0.756015 0.187877 0.751132 0.193551 0.738801 0.201874 0.728361 0.203693 0.721150 0.201876 0.717166 0.196422 0.716787 0.191877 0.719021 0.183617 0.723118 0.178742 0.729506 0.175058 0.742765 0.174948 0.746967 0.172784
0 0.769965 0.171215 0.779343 0.168361 0.789356 0.168737 0.803334 0.171415 0.812750 0.174863 0.825707 0.182808 0.841823 0.190705 0.848988 0.199262 0.852461 0.207349 0.851988 0.216283 0.849547 0.219120 0.838067 0.223055 0.827524 0.222163 0.819575 0.214405 0.814786 0.206601 0.808170 0.201711 0.797694 0.197230 0.793302 0.197120 0.786262 0.194425 0.778264 0.193407 0.772454 0.190869 0.768299 0.186293 0.766075 0.181512 0.766311 0.177045
0 0.974100 0.210692 0.973608 0.216475 0.964694 0.223435 0.953469 0.226054 0.943987 0.226196 0.937305 0.224895 0.930434 0.221322 0.929166 0.214865 0.930803 0.209677 0.933415 0.205963 0.941119 0.201997 0.960614 0.202230 0.968186 0.205442
0 0.182305 0.094157 0.189204 0.087841 0.195251 0.085912 0.209844 0.088669 0.213195 0.090895 0.219744 0.099373 0.218807 0.104201 0.213290 0.106646 0.201535 0.108747 0.194154 0.107808 0.188428 0.104830 0.182513 0.099580
0 0.314307 0.112310 0.314156 0.116338 0.308401 0.123251 0.298767 0.127421 0.292531 0.127076 0.286805 0.124099 0.281798 0.123911 0.280124 0.122799 0.271426 0.122141 0.259057 0.124164 0.248468 0.130012 0.235057 0.134150 0.229521 0.133446 0.219574 0.129481 0.214889 0.124388 0.216507 0.116050 0.221921 0.110893 0.234612 0.103964 0.250037 0.099182 0.261366 0.099275 0.264783 0.097911 0.276981 0.096766 0.288054 0.098176 0.302392 0.102249 0.309878 0.105901
0 0.318187 0.085823 0.326250 0.083251 0.332761 0.085429 0.339547 0.089441 0.344724 0.088751 0.344828 0.091462 0.352674 0.096508 0.361343 0.107056 0.360491 0.111444 0.355949 0.115363 0.349816 0.117730 0.339803 0.117355 0.325890 0.111087 0.319806 0.106715 0.312811 0.097280 0.313134 0.092374
1 0.930331 0.636587 0.859376 0.574404 0.839276 0.584752 0.791829 0.659203 0.780210 0.675190 0.815449 0.691063 0.849901 0.700004 0.906553 0.726202 0.940016 0.750091 0.957396 0.660538
0 0.385948 0.080958 0.391078 0.087007 0.391816 0.092947 0.390435 0.096818 0.380989 0.103261 0.371866 0.104798 0.366245 0.104532 0.360415 0.098843 0.361607 0.092699 0.365686 0.084674 0.371099 0.079517 0.374430 0.078592
0 0.703443 0.133966 0.720714 0.129419 0.731172 0.130750 0.736283 0.133650 0.746437 0.143037 0.747601 0.146782 0.745178 0.152770 0.737749 0.158570 0.731787 0.160059 0.722474 0.159323 0.713058 0.155876 0.699212 0.146019 0.697263 0.143073 0.698200 0.138245
0 0.912632 0.108431 0.916256 0.112490 0.916805 0.116157 0.915783 0.121423 0.911514 0.127176 0.903452 0.129747 0.891234 0.127742 0.886823 0.124482 0.883454 0.119107 0.884477 0.113841 0.886833 0.111442 0.895322 0.106677 0.901729 0.106143
0 0.708704 0.074376 0.715593 0.081099 0.713975 0.089438 0.701285 0.096366 0.694878 0.096900 0.688811 0.095678 0.677682 0.084818 0.679233 0.080068 0.682376 0.076871 0.687978 0.073986 0.697886 0.071650
0 0.323495 0.019493 0.323874 0.024039 0.319966 0.031186 0.316720 0.031672 0.308278 0.029698 0.305647 0.030262 0.302060 0.032504 0.298681 0.040169 0.295436 0.040655 0.290069 0.039072 0.279148 0.033635 0.279195 0.026895 0.280832 0.021707 0.284334 0.019905 0.291630 0.021283 0.302599 0.019981 0.311089 0.015216 0.314334 0.014730
0 0.251373 0.189741 0.260335 0.205273 0.261859 0.210413 0.259777 0.214645 0.248998 0.218220 0.234613 0.220885 0.231111 0.222688 0.192792 0.231751 0.180698 0.235608 0.169559 0.237787 0.166038 0.236439 0.159659 0.227083 0.154132 0.213338 0.166274 0.202742 0.175994 0.198133 0.215799 0.187911 0.240916 0.188410 0.244862 0.187563 0.248552 0.188033
0 0.069648 0.167957 0.074673 0.171295 0.077152 0.174758 0.074767 0.187046 0.068824 0.191686 0.054676 0.189885 0.048232 0.184118 0.047067 0.180372 0.047919 0.175984 0.051232 0.171908 0.058404 0.167425 0.061651 0.166939
0 0.949504 0.282211 0.948567 0.287038 0.945426 0.290236 0.944129 0.293668 0.937485 0.298669 0.928504 0.309217 0.924217 0.311820 0.894492 0.348059 0.888160 0.361193 0.881791 0.368027 0.877760 0.369313 0.867558 0.366665 0.846604 0.357702 0.838693 0.356245 0.832778 0.350995 0.826266 0.348817 0.822405 0.349225 0.820541 0.345840 0.815005 0.345135 0.803297 0.340497 0.777442 0.334058 0.764145 0.327868 0.737949 0.323184 0.731439 0.321006 0.725817 0.320740 0.722466 0.318515 0.715700 0.317654 0.713069 0.318218 0.690479 0.314443 0.677920 0.314193 0.663157 0.312314 0.654885 0.309462 0.653551 0.306594 0.653797 0.289087 0.655500 0.280310 0.653787 0.272897 0.654724 0.268070 0.653286 0.262490 0.653209 0.249889 0.655992 0.245296 0.659238 0.244810 0.671371 0.247254 0.674721 0.249479 0.683692 0.251971 0.692390 0.252628 0.704589 0.251483 0.715046 0.252814 0.754794 0.262371 0.781161 0.266177 0.788903 0.268512 0.827742 0.273006 0.829758 0.272364 0.833979 0.273351 0.836695 0.272347 0.849273 0.275747 0.872459 0.276450 0.876065 0.277359 0.880096 0.276073 0.902942 0.278532 0.906274 0.277607 0.909349 0.277998 0.914166 0.275913 0.920318 0.276696 0.934363 0.275786 0.946495 0.278230
0 0.942417 0.315485 0.949287 0.319058 0.952978 0.319528 0.956158 0.322631 0.958912 0.327928 0.965801 0.334651 0.980064 0.355354 0.988373 0.364507 0.995812 0.374897 0.998670 0.382906 1.000000 0.386526 1.000000 0.394691 1.000000 0.395882 1.000000 0.418703 0.994951 0.421556 0.986083 0.421776 0.979780 0.425021 0.975645 0.423595 0.972020 0.419536 0.964818 0.404679 0.960218 0.399147 0.953016 0.384289 0.947972 0.377801 0.944309 0.367442 0.937316 0.358007 0.932508 0.347052 0.926319 0.339968 0.923290 0.332837 0.924123 0.325298 0.925778 0.323261
0 0.928798 0.343432 0.931722 0.347851 0.931041 0.351362 0.926754 0.353964 0.906511 0.360831 0.901249 0.361960 0.897643 0.361051 0.897180 0.356945 0.900917 0.350675 0.902450 0.342776 0.905233 0.338184 0.908034 0.336741 0.914886 0.337164
0 0.597902 0.281522 0.601764 0.281115 0.610291 0.282650 0.617162 0.286223 0.622461 0.291394 0.625235 0.299842 0.623342 0.306346 0.618799 0.310265 0.609061 0.311723 0.602380 0.310423 0.594979 0.306333 0.589764 0.300723 0.588686 0.296538 0.590389 0.287761 0.593085 0.283607
0 0.632115 0.261144 0.635399 0.266959 0.634036 0.273980 0.628538 0.279576 0.620218 0.283464 0.601594 0.281992 0.595102 0.282965 0.585430 0.280834 0.582609 0.279126 0.583375 0.275176 0.594344 0.273874 0.601092 0.271585 0.617985 0.262493 0.620853 0.257462 0.622954 0.256380 0.627260 0.256929
0 0.561742 0.269724 0.564116 0.270476 0.567042 0.274896 0.562451 0.285554 0.565754 0.294518 0.574338 0.305504 0.574717 0.310050 0.570959 0.313169 0.555448 0.318389 0.545966 0.318531 0.536994 0.316040 0.532584 0.312781 0.523868 0.308973 0.521747 0.306904 0.522599 0.302516 0.526185 0.300274 0.534381 0.290525 0.536189 0.284459 0.533861 0.276967 0.534183 0.272062 0.538384 0.269898 0.547423 0.268801
0 0.485245 0.267631 0.492731 0.271282 0.497056 0.274980 0.498598 0.283271 0.497236 0.290293 0.493753 0.295246 0.487450 0.298491 0.473661 0.298085 0.469525 0.296659 0.461576 0.288901 0.460411 0.285156 0.461944 0.277256 0.466128 0.271943 0.473217 0.267898 0.477163 0.267052
0 0.387057 0.221404 0.391022 0.223708 0.392905 0.230243 0.404585 0.244771 0.411900 0.249300 0.411663 0.253767 0.392375 0.258956 0.388770 0.258048 0.384360 0.254788 0.380906 0.249851 0.378578 0.242360 0.380158 0.227721 0.382769 0.224006
0 0.439241 0.254579 0.445004 0.263857 0.444342 0.270518 0.439033 0.278387 0.427336 0.289939 0.425103 0.298199 0.427535 0.308402 0.426939 0.311474 0.424582 0.313872 0.416945 0.314249 0.410983 0.315738 0.404831 0.314955 0.389518 0.309408 0.374139 0.307451 0.360758 0.301700 0.356878 0.298958 0.353782 0.295416 0.350953 0.277517 0.352249 0.274085 0.364013 0.258943 0.367344 0.258018 0.383338 0.260054 0.394136 0.259630 0.403155 0.255382 0.425073 0.249628 0.432985 0.251085
0 0.603430 0.324498 0.603043 0.332992 0.599540 0.334795 0.588127 0.335141 0.582524 0.338025 0.579232 0.345251 0.576345 0.347132 0.570023 0.347227 0.560265 0.345535 0.550300 0.338420 0.550092 0.332997 0.553149 0.330239 0.555165 0.329596 0.571414 0.330315 0.579392 0.328183 0.585695 0.324938 0.590748 0.318386 0.597430 0.319686
0 0.736246 0.331961 0.740675 0.338371 0.743618 0.345941 0.743382 0.350408 0.738309 0.353809 0.724455 0.356992 0.719448 0.356805 0.714990 0.360285 0.708583 0.360818 0.699564 0.365066 0.692542 0.365521 0.665021 0.374160 0.660715 0.373612 0.650722 0.376387 0.646056 0.374444 0.637538 0.359869 0.637945 0.354524 0.639601 0.352486 0.685710 0.339019 0.690186 0.338689 0.724114 0.329517 0.731836 0.328702
0 0.772455 0.337020 0.780556 0.340750 0.787275 0.348351 0.786737 0.360874 0.784011 0.374917 0.780017 0.382503 0.776090 0.386500 0.768556 0.389588 0.758458 0.389652 0.749572 0.386722 0.744802 0.382067 0.743638 0.378322 0.744574 0.373494 0.748332 0.370375 0.752411 0.362350 0.751228 0.355454 0.748833 0.351551 0.749069 0.347085 0.753679 0.339577 0.759282 0.336692 0.765688 0.336159
0 0.826815 0.352485 0.834576 0.357970 0.841589 0.370554 0.839355 0.378814 0.831121 0.382263 0.825329 0.382875 0.816017 0.382139 0.812752 0.379475 0.811257 0.364445 0.812431 0.355150 0.818118 0.351827
0 0.178183 0.605838 0.174464 0.615258 0.169240 0.622687 0.158499 0.632562 0.145192 0.639413 0.122659 0.645088 0.101716 0.652316 0.092848 0.652536 0.086716 0.654903 0.079949 0.654042 0.073286 0.655892 0.067050 0.655548 0.051605 0.657179 0.046683 0.656552 0.040428 0.653058 0.034768 0.646491 0.028342 0.643875 0.026308 0.641367 0.023895 0.634315 0.026165 0.632355 0.039150 0.630410 0.047913 0.627479 0.050459 0.627353 0.054510 0.629218 0.060557 0.627290 0.064863 0.627838 0.077573 0.624059 0.085210 0.623682 0.105814 0.618211 0.116167 0.616830 0.135369 0.612080 0.139760 0.612189 0.147908 0.609179 0.158536 0.609633 0.171587 0.604099 0.175979 0.604208
0 0.105796 0.702751 0.095120 0.709037 0.081265 0.712220 0.064107 0.706438 0.055201 0.700358 0.057009 0.694292 0.063056 0.692364 0.071053 0.693382 0.078710 0.696155 0.089868 0.697126 0.094619 0.698630 0.106117 0.697846
1 0.898284 0.725325 0.897492 0.778544 0.866280 0.836962 0.808699 0.838707 0.718759 0.802304 0.711242 0.730443 0.801363 0.688028
0 0.771058 0.776197 0.776556 0.770601 0.791916 0.769408 0.797282 0.770991 0.803519 0.771335 0.809945 0.773952 0.814866 0.774578 0.822967 0.778308 0.827974 0.778495 0.832109 0.779921 0.834741 0.779357 0.841337 0.781096 0.863605 0.789777 0.868650 0.796265 0.866947 0.805042 0.863889 0.807801 0.853451 0.809620 0.838072 0.807662 0.821804 0.803792 0.811535 0.804734 0.781052 0.802652 0.775327 0.799675 0.770642 0.794581 0.768654 0.785334
0 0.896095 0.833486 0.905067 0.835977 0.908418 0.838202 0.909222 0.840553 0.913954 0.838907 0.916878 0.843327 0.916556 0.848232 0.918250 0.852495 0.916613 0.857683 0.909695 0.860850 0.898452 0.860318 0.895546 0.859049 0.888127 0.851808 0.886792 0.848940 0.887796 0.840524 0.890493 0.836370
0 0.644185 0.705632 0.648746 0.704864 0.673901 0.711664 0.684293 0.716584 0.689148 0.720800 0.692668 0.722147 0.694704 0.724655 0.698309 0.725564 0.703335 0.728901 0.705284 0.731848 0.704261 0.737114 0.695688 0.742318 0.690464 0.749748 0.686962 0.751551 0.667467 0.751317 0.658410 0.749265 0.640958 0.738499 0.631230 0.726918 0.631636 0.721573 0.639198 0.708595
0 0.489082 0.715568 0.487615 0.719878 0.483688 0.723875 0.480526 0.723922 0.475709 0.726007 0.466738 0.723516 0.459252 0.719865 0.453782 0.715571 0.452617 0.711825 0.461467 0.708455 0.474895 0.707466 0.480432 0.708171 0.486243 0.710709
0 0.408043 0.658933 0.407276 0.662882 0.402667 0.670390 0.390184 0.682742 0.381336 0.686112 0.369117 0.684107 0.362881 0.683763 0.360165 0.684766 0.357259 0.683497 0.338104 0.681508 0.335455 0.678923 0.330979 0.679252 0.325868 0.676353 0.319555 0.663408 0.318988 0.656590 0.315532 0.651653 0.318590 0.648895 0.327732 0.650508 0.329407 0.651621 0.336685 0.649849 0.344171 0.653500 0.367801 0.655159 0.394698 0.659482 0.400745 0.657554
1 0.613324 0.686275 0.231080 0.637615 0.243809 0.653451 0.272864 0.677251 0.290081 0.691206 0.313616 0.704501 0.335134 0.717533 0.354327 0.724878 0.396133 0.736082 0.403323 0.737978 0.442198 0.739495 0.482277 0.738324 0.539994 0.721356 0.576814 0.705501 0.588466 0.700711 0.606649 0.690916
0 0.455013 0.744958 0.466208 0.752229 0.467013 0.754580 0.465375 0.759768 0.456357 0.764016 0.451095 0.765145 0.442397 0.764488 0.438602 0.761307 0.439690 0.752451 0.443789 0.747577 0.447375 0.745335
1 0.207428 0.842144 0.200194 0.817969 0.186002 0.796875 0.146453 0.758941 0.114307 0.736132 0.081539 0.720615 0.111230 0.702841 0.164132 0.696529 0.198272 0.700875 0.222132 0.709021 0.250804 0.725146 0.271340 0.750452 0.274133 0.772928 0.272031 0.791943 0.262731 0.811180 0.243106 0.826265 0.232639 0.835145
0 0.014329 0.897968 0.025487 0.898939 0.050898 0.904422 0.053632 0.906569 0.053907 0.908403 0.051569 0.913952 0.040553 0.921993 0.028714 0.924533 0.014821 0.921415 0.010411 0.918156 0.008593 0.908031 0.009871 0.901448
0 0.205197 0.031416 0.213280 0.031995 0.217330 0.033860 0.224296 0.053184 0.222043 0.058294 0.210014 0.058561 0.207024 0.057731 0.204375 0.055145 0.199718 0.040162 0.200825 0.034457
0 0.963347 0.028995 0.963007 0.030750 0.960291 0.031754 0.949104 0.040672 0.940956 0.043683 0.935060 0.041583 0.928908 0.040800 0.922483 0.038183 0.910383 0.028098 0.904047 0.021446
0 0.960740 0.412704 0.959803 0.417531 0.955875 0.421528 0.953831 0.432061 0.951218 0.435776 0.947972 0.436262 0.933995 0.433583 0.925279 0.429775 0.920509 0.425121 0.918899 0.420419 0.919221 0.415513 0.922704 0.410560 0.926820 0.408836 0.935518 0.409493 0.945105 0.412063 0.950282 0.411373
0 1.000000 0.420019 0.997601 0.453372 0.991450 0.452589 0.985109 0.449534 0.979980 0.443484 0.978011 0.437387 0.979544 0.429488 0.982156 0.425773 0.987228 0.422372
0 0.886552 0.414952 0.885275 0.421535 0.880940 0.430877 0.877628 0.434952 0.874826 0.436394 0.867634 0.437727 0.857091 0.436834 0.849198 0.438528 0.838466 0.435363 0.835817 0.432777 0.834993 0.427276 0.838986 0.419690 0.840860 0.410035 0.844343 0.405082 0.847844 0.403279 0.854251 0.402746 0.867255 0.403951 0.870160 0.405221 0.873255 0.408762 0.883287 0.412288
0 0.837737 0.387153 0.838476 0.393093 0.832882 0.412167 0.824857 0.421039 0.816283 0.426243 0.808030 0.426542 0.805125 0.425273 0.790976 0.423471 0.780245 0.420307 0.773989 0.416812 0.772124 0.413427 0.773866 0.410950 0.782119 0.410652 0.784219 0.409570 0.799853 0.410211 0.803526 0.407531 0.807472 0.406684 0.807727 0.405368 0.811333 0.406276 0.817636 0.403031 0.821204 0.397639 0.824705 0.395837 0.825472 0.391887 0.827573 0.390805 0.828870 0.387373 0.833772 0.384849
0 0.590323 0.349811 0.595755 0.347804 0.599446 0.348274 0.604027 0.350656 0.631718 0.370370 0.632011 0.375354 0.627620 0.375245 0.610462 0.369463 0.599266 0.362192 0.591696 0.358979 0.588600 0.355438
0 0.499186 0.322470 0.503388 0.320306 0.514035 0.323910 0.547243 0.341179 0.557294 0.347855 0.563361 0.349077 0.586263 0.360986 0.587086 0.366487 0.576620 0.378196 0.569872 0.380485 0.560730 0.378871 0.539142 0.366680 0.529811 0.362794 0.518616 0.355522 0.514395 0.354535 0.504789 0.348816 0.500568 0.347829 0.495713 0.343613 0.488842 0.340040 0.486807 0.337533 0.488889 0.333301
0 0.284194 0.273966 0.290242 0.272037 0.304287 0.271127 0.316589 0.272693 0.340599 0.278897 0.344840 0.283035 0.346997 0.291404 0.354417 0.298644 0.369133 0.307263 0.376175 0.309958 0.381199 0.313296 0.391269 0.323122 0.393494 0.327902 0.394335 0.336554 0.391231 0.346052 0.388364 0.351083 0.374500 0.367306 0.355363 0.368468 0.349827 0.367763 0.332584 0.362420 0.310164 0.357767 0.301211 0.358426 0.277002 0.362990 0.264530 0.362301 0.254943 0.359732 0.247712 0.354764 0.242668 0.348276 0.236270 0.335769 0.234283 0.326522 0.235200 0.318544 0.240254 0.311993 0.258548 0.302180 0.260204 0.300142 0.260270 0.296553 0.266705 0.286130 0.273604 0.279813
0 0.250352 0.282699 0.253617 0.285363 0.254866 0.288670 0.253948 0.296647 0.251507 0.299484 0.248705 0.300927 0.238267 0.302746 0.232030 0.302401 0.225330 0.297951 0.221961 0.292575 0.223579 0.284237 0.236118 0.281336 0.241825 0.281164
0 0.191780 0.253207 0.196086 0.253755 0.209742 0.261340 0.220645 0.263627 0.225055 0.266887 0.225945 0.268799 0.223796 0.276620 0.216897 0.282937 0.204357 0.285838 0.199436 0.285211 0.196701 0.283064 0.191913 0.275259 0.182647 0.267784 0.181398 0.264477 0.182950 0.259728 0.186878 0.255731
0 0.869333 0.048955 0.873300 0.051259 0.875779 0.054722 0.881476 0.067589 0.883634 0.075959 0.883265 0.087604 0.878192 0.091005 0.862558 0.090364 0.850823 0.095616 0.842126 0.094958 0.833902 0.085367 0.829766 0.083941 0.826055 0.080321 0.826974 0.072344 0.824920 0.066686 0.822715 0.065056 0.823141 0.062862 0.833031 0.057375 0.841453 0.056199 0.855545 0.048549 0.860722 0.047859
0 0.918243 0.034046 0.919577 0.036914 0.918129 0.044374 0.915518 0.048089 0.909130 0.051773 0.898606 0.054031 0.889908 0.053373 0.880236 0.051243 0.874681 0.047387 0.870251 0.040978 0.870829 0.034755 0.872485 0.032718 0.877558 0.029316 0.887467 0.026980 0.900895 0.025991 0.911012 0.029078
0 0.997891 0.078362 1.000000 0.085571 1.000000 0.094865 0.997134 0.098502 0.988116 0.102750 0.980307 0.104005 0.964313 0.101969 0.955152 0.097205 0.950468 0.092112 0.949389 0.087927 0.950942 0.083178 0.954954 0.078742 0.963188 0.075293 0.983639 0.073849 0.992866 0.075024
1 0.717982 0.214464 0.315791 0.154362 0.378056 0.213054 0.425635 0.244496 0.495871 0.268579 0.575951 0.267638 0.652939 0.244040
0 0.693131 0.492411 0.697370 0.496548 0.696348 0.501815 0.685664 0.521140 0.681688 0.531877 0.678888 0.533319 0.679966 0.537504 0.675291 0.548601 0.667645 0.591248 0.669358 0.598661 0.668676 0.602172 0.670371 0.606435 0.669235 0.622030 0.667494 0.624506 0.663377 0.626231 0.659686 0.625761 0.655040 0.626968 0.649314 0.623991 0.647657 0.626028 0.645112 0.626154 0.640824 0.628756 0.637200 0.624697 0.629373 0.622801 0.627168 0.621171 0.605127 0.621064 0.602392 0.618917 0.599789 0.609592 0.601691 0.590047 0.599580 0.574938 0.599969 0.566444 0.597574 0.562541 0.596287 0.552934 0.589009 0.525475 0.585195 0.519144 0.585687 0.513360 0.590759 0.509959 0.594451 0.510428 0.598397 0.509582 0.611789 0.502293 0.620211 0.501116 0.634359 0.502917 0.651120 0.501004 0.654622 0.499201 0.657698 0.499592 0.661729 0.498307 0.665335 0.499216 0.677940 0.492726 0.685237 0.494104 0.689439 0.491941
0 0.094575 0.195414 0.096402 0.192499 0.101920 0.190053 0.112462 0.190945 0.122769 0.196305 0.144299 0.199046 0.151548 0.207163 0.151653 0.209875 0.149381 0.211834 0.141299 0.211255 0.126044 0.215159 0.118321 0.215975 0.107314 0.210976 0.101845 0.206682 0.094594 0.198564
0 0.241938 0.241605 0.243443 0.243595 0.243291 0.247623 0.240680 0.251338 0.231765 0.258297 0.228519 0.258784 0.216215 0.257217 0.212951 0.254553 0.210348 0.245228 0.212070 0.239601 0.216443 0.236560 0.229531 0.237327 0.237972 0.239301
0 0.428793 0.298669 0.433355 0.297900 0.446103 0.300423 0.449983 0.303165 0.453967 0.308619 0.464169 0.311267 0.471191 0.310811 0.477958 0.311673 0.495230 0.307126 0.499005 0.307157 0.502630 0.311216 0.501267 0.318238 0.483116 0.337063 0.470851 0.341797 0.461624 0.340623 0.440037 0.328431 0.433061 0.322147 0.430667 0.318244 0.430355 0.310110 0.427411 0.302540
0 0.650645 0.334555 0.653570 0.338975 0.652122 0.346435 0.645819 0.349680 0.640643 0.350370 0.636184 0.353850 0.617579 0.355529 0.609393 0.352238 0.608503 0.350326 0.609610 0.344621 0.612563 0.339151 0.617191 0.334794 0.622093 0.332270 0.629986 0.330576 0.634888 0.328052 0.641569 0.329353
0 0.888113 0.367933 0.900928 0.366866 0.917555 0.372130 0.923196 0.375547 0.926565 0.380922 0.925287 0.387505 0.921105 0.392819 0.916202 0.395342 0.908309 0.397036 0.890555 0.394326 0.887119 0.392540 0.879255 0.384343 0.877647 0.379642 0.879198 0.374892
0 0.407604 0.323403 0.411910 0.323951 0.420664 0.334059 0.430951 0.336268 0.435891 0.340045 0.435314 0.346267 0.432617 0.350421 0.426844 0.354183 0.419567 0.355955 0.408939 0.355501 0.405588 0.353276 0.401907 0.339766 0.396077 0.334077 0.396399 0.329172
0 0.056615 0.001259 0.059539 0.005679 0.074785 0.014815 0.080530 0.020942 0.084637 0.032258 0.082726 0.035612 0.083804 0.039797 0.082697 0.045502 0.076006 0.057242 0.060685 0.064735 0.058224 0.064421 0.052706 0.066867 0.029776 0.064847 0.022734 0.062152 0.034658 0.000712 0.045902 0.001244 0.050633 0.000000
0 0.021704 0.080458 0.028574 0.084031 0.033618 0.090519 0.034224 0.103638 0.032605 0.111976 0.030865 0.114453 0.019821 0.161614 0.015108 0.166410 0.002208 0.167916 0.019242 0.080145
0 0.019623 0.347763 0.019832 0.353186 0.015942 0.363484 0.016226 0.381508 0.013889 0.387056 0.000000 0.394754 0.000000 0.396228 0.000000 0.399003 0.000000 0.398503 0.000000 0.396591 0.000000 0.377359 0.000000 0.372250 0.000000 0.367375 0.000000 0.362562 0.008295 0.347670 0.012942 0.346463
0 0.923095 0.752830 0.928016 0.753456 0.933316 0.758628 0.937897 0.761010 0.934319 0.779441 0.931858 0.779128 0.928593 0.776464 0.922575 0.768503 0.919905 0.762767 0.920209 0.754711
0 0.232349 0.005192 0.236655 0.005740 0.241425 0.010395 0.258072 0.018810 0.268804 0.021975 0.278202 0.022272 0.279177 0.023745 0.278428 0.030845 0.277303 0.033400 0.272845 0.036880 0.266712 0.039247 0.260306 0.039780 0.253009 0.038402 0.245694 0.033873 0.238188 0.027071 0.233314 0.019705 0.231052 0.008625
0 0.147610 0.000000 0.153146 0.000000 0.161692 0.000000 0.164408 0.000000 0.173105 0.000000 0.175670 0.000000 0.177109 0.004006 0.174620 0.013583 0.172793 0.016498 0.162733 0.022862 0.155626 0.023756 0.142793 0.021673 0.131341 0.015718 0.128862 0.012255 0.129354 0.006471 0.133347 0.000000 0.140161 0.000000
0 0.074339 0.933039 0.078730 0.933148 0.082251 0.934496 0.085961 0.938116 0.084258 0.946893 0.078570 0.950217 0.070658 0.948760 0.065358 0.943588 0.067251 0.937084
0 0.851310 0.976976 0.841435 0.980662 0.829851 0.980423 0.817334 0.974769 0.814638 0.979723 0.816047 0.985200 0.820313 0.988747 0.827086 0.990846 0.835705 0.991057 0.843966 0.988048 0.852673 0.980149
0 0.690040 0.956554 0.694156 0.954830 0.698992 0.955896 0.707623 0.960142 0.715450 0.962038 0.719860 0.965297 0.724545 0.970391 0.725199 0.976770 0.727063 0.980155 0.732448 0.984888 0.735438 0.985718 0.748754 0.995058 0.749473 0.997848 0.748176 1.000000 0.743445 1.000000 0.720325 0.998634 0.698416 0.991348 0.693731 0.986255 0.691763 0.980158 0.691980 0.972541 0.689273 0.960504
0 0.664412 0.958688 0.673024 0.959785 0.676459 0.961571 0.679999 0.966069 0.677046 0.971539 0.668642 0.975866 0.660711 0.971259 0.657342 0.965883 0.658809 0.961573
0 0.600672 0.946078 0.611130 0.947409 0.629093 0.955542 0.635073 0.957202 0.634752 0.962108 0.629783 0.968221 0.624966 0.970306 0.617158 0.971561 0.609777 0.970621 0.604581 0.968161 0.598306 0.961516 0.596168 0.956297 0.597360 0.950153
0 0.600891 0.967691 0.601439 0.971358 0.597739 0.983928 0.594957 0.988521 0.592070 0.990402 0.585578 0.991374 0.575820 0.989682 0.567019 0.986313 0.564284 0.984167 0.564947 0.977505 0.568856 0.970358 0.579616 0.963633 0.590774 0.964604
0 0.534587 0.952055 0.538571 0.957509 0.535807 0.965252 0.531691 0.966976 0.528529 0.967023 0.520703 0.965128 0.517864 0.960269 0.518631 0.956320 0.523343 0.951523 0.528520 0.950833
0 0.435273 0.966844 0.434355 0.974822 0.430002 0.981013 0.426945 0.983772 0.422128 0.985857 0.409039 0.985090 0.403758 0.983069 0.394275 0.983211 0.376076 0.979545 0.360527 0.978465 0.349880 0.974861 0.343028 0.974438 0.336517 0.972260 0.329902 0.967371 0.328397 0.965381 0.328019 0.960836 0.331993 0.950099 0.337236 0.945820 0.341798 0.945051 0.355246 0.947213 0.362969 0.946397 0.367190 0.947384 0.370520 0.946459 0.373956 0.948246 0.377903 0.947399 0.388105 0.950047 0.391351 0.949561 0.420878 0.953320 0.428534 0.956093 0.433749 0.961704
0 0.318961 0.958783 0.321337 0.959535 0.325406 0.964550 0.323788 0.972888 0.318186 0.975773 0.311334 0.975350 0.305779 0.971495 0.305126 0.965116 0.307037 0.961762 0.313341 0.958517
0 0.229499 0.961785 0.231724 0.966565 0.231128 0.969637 0.227815 0.973712 0.220368 0.976362 0.212010 0.973949 0.209616 0.970046 0.210638 0.964780 0.213166 0.961504 0.220357 0.960171
0 0.154849 0.930696 0.160555 0.930524 0.170313 0.932215 0.183865 0.937088 0.191199 0.944768 0.195647 0.954328 0.197531 0.960863 0.195743 0.970079 0.192704 0.975988 0.185976 0.981427 0.177827 0.984437 0.173966 0.984845 0.154982 0.981979 0.144969 0.981604 0.139158 0.979065 0.136063 0.975523 0.135514 0.971856 0.140000 0.958486 0.142432 0.939459 0.146700 0.933706
0 0.451172 0.982359 0.459169 0.983377 0.469816 0.986981 0.474927 0.989880 0.480055 0.995929 0.480662 1.000000 0.478154 1.000000 0.471340 1.000000 0.457845 1.000000 0.443696 1.000000 0.432690 1.000000 0.427475 1.000000 0.424617 1.000000 0.425620 0.997094 0.430929 0.989226 0.439418 0.984460
0 0.140396 0.878491 0.143492 0.882033 0.142384 0.887738 0.136186 0.893694 0.122264 0.900466 0.114798 0.899965 0.110046 0.898461 0.105806 0.894324 0.103478 0.886832 0.105030 0.882083 0.109062 0.880797 0.126352 0.879401 0.135645 0.876987
0 0.195816 0.889926 0.181526 0.888106 0.169958 0.886004 0.161543 0.883665 0.160535 0.891132 0.169535 0.897341 0.177024 0.899878 0.188280 0.901311 0.194017 0.899194 0.197830 0.895565 0.198680 0.893456
0 0.212559 0.919156 0.213193 0.922384 0.210259 0.931005 0.204591 0.937478 0.201089 0.939281 0.190736 0.940661 0.185985 0.939157 0.182890 0.935615 0.184442 0.930866 0.188370 0.926869 0.207022 0.918451
0 0.271329 0.879419 0.271708 0.883964 0.262604 0.888651 0.250300 0.887085 0.245530 0.882430 0.246297 0.878481 0.249799 0.876678 0.257351 0.876740
0 0.290323 0.869245 0.292633 0.873587 0.292557 0.890216 0.289869 0.910560 0.289926 0.920011 0.287504 0.925998 0.279374 0.932158 0.260531 0.938304 0.256670 0.938712 0.233455 0.947898 0.229594 0.948306 0.216676 0.946662 0.212966 0.943041 0.215474 0.936615 0.230776 0.925972 0.256546 0.903620 0.266228 0.892710 0.268311 0.888478 0.272067 0.885359 0.282431 0.870939 0.286017 0.868697
0 0.324942 0.872753 0.335948 0.877752 0.338069 0.879820 0.337151 0.887798 0.334453 0.891952 0.326579 0.896795 0.321147 0.898802 0.311134 0.898427 0.307595 0.893929 0.305011 0.887754 0.306185 0.878460 0.309411 0.874823 0.314929 0.872378
0 0.327100 0.910353 0.331955 0.914568 0.330422 0.922468 0.310747 0.936152 0.302664 0.935573 0.299759 0.934304 0.292699 0.928458 0.290815 0.921923 0.292368 0.917173 0.295084 0.916170 0.302996 0.917627 0.307557 0.916859 0.319803 0.908974
0 0.419354 0.889718 0.416524 0.901050 0.417367 0.909702 0.416070 0.913134 0.408111 0.918417 0.404306 0.928275 0.399593 0.933072 0.392315 0.934844 0.377467 0.933403 0.367558 0.935739 0.362041 0.938185 0.357735 0.937637 0.348365 0.927450 0.334454 0.921182 0.334841 0.912687 0.341702 0.900070 0.352104 0.891950 0.368126 0.884096 0.379350 0.881478 0.416174 0.886615
0 0.437203 0.908179 0.438178 0.909653 0.436030 0.917474 0.429746 0.923869 0.422042 0.927835 0.414764 0.929607 0.408528 0.929262 0.410420 0.922758 0.425468 0.913431
0 0.442096 0.889465 0.445275 0.892568 0.445824 0.896236 0.444187 0.901424 0.439389 0.906659 0.429754 0.910829 0.422903 0.910406 0.419382 0.909059 0.417348 0.906551 0.416865 0.899295 0.422874 0.891066 0.432953 0.887852 0.437345 0.887961
0 0.468131 0.911217 0.465963 0.915888 0.460446 0.918333 0.453954 0.919306 0.445853 0.915576 0.440108 0.909449 0.441490 0.905577 0.444907 0.904213 0.466351 0.907393
0 0.467592 0.923740 0.473127 0.924445 0.478531 0.932328 0.481881 0.934553 0.487778 0.936653 0.497260 0.936511 0.498851 0.938062 0.498359 0.943846 0.495661 0.947999 0.488487 0.952482 0.481295 0.953815 0.474443 0.953393 0.471093 0.951168 0.459689 0.938473 0.457825 0.935088 0.458932 0.929383 0.460588 0.927346
0 0.467950 0.895904 0.473657 0.895732 0.479743 0.900104 0.485554 0.902642 0.489244 0.903112 0.494270 0.906450 0.491781 0.916027 0.490039 0.918503 0.485837 0.920666 0.481532 0.920118 0.477566 0.917815 0.473667 0.911922 0.469787 0.909179 0.465699 0.901014
0 0.557479 0.889314 0.558728 0.892621 0.556835 0.899125 0.545138 0.910677 0.540378 0.922213 0.538949 0.932824 0.540473 0.937964 0.549672 0.949029 0.549246 0.951223 0.546444 0.952665 0.532021 0.949030 0.529182 0.944172 0.520703 0.935897 0.515535 0.923547 0.517305 0.911181 0.519746 0.908344 0.524478 0.906698 0.531501 0.906243 0.540519 0.901995 0.549094 0.896790 0.552492 0.892276
0 0.585663 0.903244 0.594208 0.907930 0.596706 0.914544 0.595874 0.922082 0.590035 0.929434 0.585615 0.939214 0.578385 0.963477 0.576028 0.965875 0.569026 0.969480 0.559628 0.969183 0.553817 0.966645 0.550088 0.959874 0.551432 0.949703 0.556769 0.931945 0.555974 0.916554 0.558208 0.908294 0.560734 0.905018 0.569498 0.902086 0.573974 0.901756
0 0.642618 0.940062 0.640177 0.932628 0.627998 0.928704 0.618233 0.923769 0.614377 0.920773 0.612979 0.927979 0.615318 0.935930 0.619519 0.940949 0.623378 0.944871 0.628076 0.946391 0.632745 0.947116 0.637271 0.945713 0.642608 0.942966
0 0.721317 0.944797 0.729230 0.946254 0.734170 0.950030 0.734463 0.955014 0.729835 0.959372 0.722198 0.959749 0.718677 0.958401 0.715497 0.955298 0.714693 0.952947 0.716330 0.947759
0 0.727914 0.917306 0.728633 0.920095 0.726740 0.926600 0.716548 0.940142 0.709905 0.945143 0.702011 0.946836 0.688753 0.946947 0.679629 0.948484 0.670042 0.945914 0.667563 0.942451 0.669115 0.937702 0.676373 0.932780 0.679705 0.931855 0.685242 0.932560 0.696210 0.931258 0.699882 0.928577 0.702305 0.922590 0.716311 0.915379 0.724478 0.915519
0 0.747230 0.931457 0.754252 0.931002 0.764710 0.932333 0.773956 0.936658 0.779086 0.942707 0.781224 0.947926 0.779521 0.956703 0.773237 0.963098 0.766233 0.966704 0.762372 0.967112 0.753231 0.965498 0.747590 0.962082 0.741930 0.955515 0.738267 0.945156 0.739630 0.938134 0.743814 0.932821
0 0.836481 0.950616 0.829139 0.950091 0.820754 0.949023 0.815511 0.946516 0.809741 0.942310 0.806530 0.939653 0.798807 0.942555 0.796791 0.945568 0.794356 0.952201 0.794502 0.955898 0.797976 0.957159 0.810274 0.958725 0.817274 0.961046 0.825105 0.963473 0.828913 0.965999 0.833728 0.963343 0.836812 0.959243 0.837792 0.955689
0 0.904595 0.932602 0.884750 1.000000 0.877983 1.000000 0.867781 1.000000 0.858175 1.000000 0.848466 1.000000 0.843355 1.000000 0.837866 1.000000 0.837657 1.000000 0.850755 0.989155 0.853453 0.985002 0.854304 0.980613 0.850661 0.973404 0.849307 0.967386 0.844963 0.960537 0.845455 0.954753 0.854796 0.945599 0.876506 0.934422 0.884314 0.933168 0.888004 0.933638 0.895898 0.931945
0 0.036615 0.822108 0.042199 0.816074 0.044915 0.815070 0.050452 0.815775 0.063578 0.822843 0.070619 0.825538 0.077385 0.826399 0.078124 0.832339 0.075682 0.835176 0.072266 0.836540 0.062338 0.835726 0.037694 0.826293
0 0.087265 0.775492 0.087199 0.779081 0.084143 0.781840 0.086092 0.784786 0.080992 0.798077 0.079666 0.811400 0.082866 0.817653 0.092216 0.824689 0.102285 0.834515 0.102853 0.841333 0.106497 0.848543 0.106961 0.852649 0.103005 0.866536 0.099947 0.869294 0.097781 0.873965 0.085194 0.883605 0.069323 0.887431 0.054322 0.890018 0.043524 0.890443 0.040108 0.891806 0.035632 0.892136 0.027105 0.890601 0.017159 0.886637 0.010098 0.880791 0.005413 0.875698 0.002726 0.866811 0.002072 0.860432 0.005479 0.842878 0.014488 0.822440 0.017801 0.818364 0.025846 0.812643 0.029053 0.805856 0.032025 0.803536 0.036804 0.795151 0.052108 0.784507 0.073922 0.776042 0.078843 0.776668 0.082259 0.775304
0 0.201589 0.832767 0.203624 0.835274 0.201542 0.839506 0.192694 0.842877 0.177079 0.845386 0.169905 0.849869 0.164066 0.857220 0.160915 0.873458 0.156268 0.874665 0.150987 0.872644 0.147977 0.868663 0.146056 0.855827 0.148696 0.842222 0.152349 0.836392 0.160582 0.832943 0.195524 0.831545
0 0.221056 0.842890 0.236644 0.850270 0.244584 0.871068 0.245493 0.876130 0.243790 0.884907 0.239966 0.891616 0.228420 0.899140 0.212294 0.904282 0.202196 0.904346 0.200246 0.901399 0.203303 0.898640 0.214509 0.892872 0.220158 0.883248 0.221719 0.865459 0.220281 0.859879 0.216297 0.854425 0.214839 0.845696 0.219212 0.842655
0 0.278114 0.824970 0.286830 0.828778 0.293361 0.834106 0.299040 0.843823 0.298632 0.849167 0.293427 0.859747 0.288714 0.864544 0.274263 0.870798 0.269001 0.871927 0.260219 0.871709 0.254322 0.869609 0.241792 0.859470 0.237874 0.850427 0.239663 0.841211 0.241915 0.836101 0.246798 0.830427 0.255987 0.825301
0 0.381971 0.835493 0.383476 0.837483 0.385227 0.851197 0.383589 0.856385 0.382189 0.857106 0.373662 0.855571 0.370312 0.853346 0.358349 0.850024 0.356314 0.847516 0.361728 0.842359 0.368750 0.841904 0.377409 0.836261
0 0.418057 0.865804 0.408037 0.864848 0.394762 0.866954 0.387776 0.866384 0.378045 0.861664 0.369063 0.857670 0.361716 0.858952 0.359219 0.864961 0.359361 0.868779 0.361125 0.873433 0.364348 0.875112 0.374558 0.877360 0.394039 0.879840 0.410118 0.881572 0.418031 0.881946 0.419450 0.881492 0.423932 0.876684 0.424592 0.873283 0.423266 0.868685
0 0.452632 0.859274 0.423247 0.849813 0.419185 0.851544 0.418488 0.855134 0.435345 0.864223 0.439978 0.865429 0.447609 0.867421
0 0.520190 0.843662 0.505981 0.843769 0.491480 0.839463 0.484996 0.845199 0.492358 0.852702 0.500071 0.856422 0.505791 0.856602 0.523322 0.849259 0.523737 0.847122
0 0.533147 0.829554 0.541248 0.833284 0.548393 0.838690 0.551999 0.839599 0.557213 0.845209 0.560328 0.851902 0.563582 0.867606 0.561964 0.875944 0.558416 0.884486 0.545678 0.898154 0.537889 0.902559 0.528425 0.905851 0.509819 0.907530 0.496286 0.905807 0.486169 0.902721 0.469607 0.893867 0.466768 0.889008 0.455279 0.876753 0.453697 0.862162 0.458098 0.849231 0.464723 0.841080 0.473468 0.834998 0.484503 0.830107 0.501178 0.828633 0.513632 0.826171
0 0.565097 0.885786 0.574050 0.885127 0.585038 0.886976 0.592694 0.889749 0.600009 0.894278 0.611167 0.895249 0.614962 0.898430 0.616676 0.905843 0.614631 0.916376 0.609256 0.927833 0.602972 0.934229 0.599025 0.935075 0.596991 0.932568 0.598126 0.916973 0.594293 0.907491 0.580277 0.898512 0.572006 0.895660 0.565750 0.892165 0.563715 0.889658
0 0.597227 0.869640 0.605839 0.870736 0.622997 0.876518 0.621360 0.881706 0.610873 0.890265 0.608243 0.890829 0.604022 0.889842 0.594653 0.879655 0.592685 0.873559
0 0.642388 0.874040 0.662688 0.876624 0.665953 0.879288 0.665717 0.883755 0.660559 0.887596 0.653726 0.890323 0.643884 0.889071 0.637269 0.884181 0.637761 0.878398
0 0.704121 0.903484 0.702654 0.907794 0.688184 0.910899 0.671300 0.906951 0.663900 0.902861 0.662650 0.899554 0.662991 0.897799 0.665092 0.896717 0.678266 0.897045 0.693645 0.899003 0.697081 0.900789 0.702002 0.901415
0 0.708039 0.883297 0.712345 0.883845 0.725198 0.889079 0.730413 0.894689 0.730090 0.899595 0.728520 0.901194 0.716680 0.903734 0.708239 0.901760 0.704528 0.898139 0.702645 0.891604 0.703582 0.886777
0 0.653395 0.849808 0.663833 0.847989 0.671130 0.849368 0.675010 0.852110 0.677234 0.856890 0.677083 0.860919 0.679685 0.870244 0.683310 0.874303 0.690011 0.878753 0.693550 0.883251 0.694185 0.886480 0.693058 0.889035 0.688601 0.892514 0.681408 0.893847 0.673052 0.891434 0.668689 0.881435 0.652345 0.864964 0.649656 0.856078 0.650338 0.852567
0 0.711030 0.854897 0.709582 0.862357 0.700562 0.866606 0.689319 0.866074 0.679355 0.858959 0.679932 0.852737 0.684304 0.849696 0.687294 0.850526 0.688269 0.851999 0.691241 0.849679 0.695888 0.848472 0.700724 0.849538 0.704585 0.849130 0.709165 0.851512
0 0.756692 0.869704 0.769166 0.870392 0.776293 0.872648 0.779454 0.872601 0.782803 0.874826 0.785264 0.875140 0.792769 0.881941 0.796621 0.894573 0.792940 0.910294 0.785596 0.915654 0.774902 0.918790 0.771041 0.919198 0.758737 0.917632 0.749321 0.914185 0.738466 0.905158 0.733147 0.896836 0.732749 0.889141 0.736469 0.879721 0.745998 0.872839
0 0.789883 0.854592 0.794634 0.856096 0.806359 0.863884 0.823707 0.871939 0.826887 0.875042 0.827161 0.876876 0.822722 0.883505 0.814148 0.888710 0.807211 0.888726 0.795145 0.882693 0.792220 0.878273 0.783125 0.869921 0.780646 0.866457 0.780267 0.861912 0.782179 0.858558
0 0.797530 0.899636 0.802517 0.896673 0.818833 0.893803 0.829206 0.895573 0.833256 0.897438 0.845918 0.900399 0.860275 0.907623 0.865045 0.912277 0.864723 0.917183 0.858524 0.923139 0.845388 0.929112 0.840127 0.930241 0.825022 0.930117 0.816221 0.926748 0.806530 0.921467 0.799470 0.915622 0.796545 0.911202
0 0.880046 0.909690 0.884967 0.910317 0.889547 0.912698 0.892831 0.918513 0.890493 0.924061 0.886036 0.927541 0.877424 0.926445 0.872295 0.920396 0.872512 0.912778 0.876799 0.910176
0 0.000000 0.792506 0.000000 0.789026 0.000000 0.789057 0.006596 0.794903 0.009142 0.794777 0.014745 0.791893 0.022126 0.792832 0.024947 0.794541 0.025324 0.799086 0.023584 0.801562 0.015795 0.805967 0.010448 0.807535 0.006672 0.807504 0.000000 0.799324 0.000000 0.796456
0 0.018198 0.767599 0.025854 0.770373 0.032214 0.776578 0.035290 0.776970 0.039255 0.779274 0.042881 0.783333 0.041859 0.788599 0.039417 0.791436 0.028997 0.796405 0.020810 0.793115 0.010438 0.791344 0.008403 0.788837 0.005716 0.779951 0.006738 0.774684 0.010050 0.770609
0 0.030330 0.740813 0.028609 0.746440 0.022836 0.750202 0.015217 0.753729 0.004864 0.755109 0.000000 0.754326 0.000000 0.745095 0.000000 0.739516 0.000000 0.735644 0.000000 0.733763 0.007125 0.736959 0.025391 0.737036 0.028381 0.737866
0 0.128547 0.747919 0.123644 0.750443 0.114606 0.751541 0.108748 0.755742 0.101470 0.757514 0.090587 0.758377 0.082505 0.757797 0.072682 0.759695 0.062139 0.758802 0.052571 0.759383 0.039208 0.756783 0.035668 0.752285 0.032346 0.740170 0.033879 0.732270 0.040097 0.729464 0.048605 0.727849 0.067675 0.730277 0.076183 0.728662 0.093493 0.730416 0.102824 0.734302 0.113026 0.736949 0.123862 0.742826 0.125196 0.745694
0 0.151828 0.793604 0.159655 0.795500 0.162749 0.799042 0.162428 0.803947 0.158586 0.807506 0.153853 0.809152 0.145942 0.807695 0.142847 0.804153 0.143084 0.799686 0.144911 0.796771 0.148582 0.794090
0 0.132976 0.783559 0.136156 0.786662 0.137149 0.791286 0.135853 0.794718 0.131140 0.799515 0.112932 0.808889 0.099834 0.821162 0.096503 0.822087 0.089291 0.820270 0.082316 0.813986 0.082723 0.808641 0.087180 0.805161 0.103033 0.798185 0.108702 0.791712 0.110084 0.787840 0.119528 0.781398 0.122244 0.780394 0.127166 0.781021
0 0.110424 0.756855 0.121789 0.763248 0.126114 0.766946 0.127194 0.771131 0.124941 0.776241 0.121014 0.780238 0.114711 0.783483 0.108133 0.784894 0.091628 0.785491 0.089509 0.783422 0.091657 0.775601 0.088949 0.763565 0.089546 0.760493 0.093748 0.758329
0 0.157298 0.768668 0.163109 0.771206 0.177949 0.785687 0.180788 0.790545 0.191576 0.803161 0.192210 0.806390 0.189239 0.808710 0.179416 0.810607 0.170803 0.809510 0.165863 0.805734 0.161207 0.790751 0.158642 0.787726 0.156229 0.780673 0.155387 0.772022
0 0.157449 0.735409 0.161481 0.734124 0.183370 0.738259 0.186191 0.739968 0.186570 0.744513 0.182812 0.747632 0.176850 0.749121 0.163677 0.748794 0.157421 0.745299 0.155727 0.741036
0 0.184430 0.710063 0.195673 0.710595 0.200424 0.712099 0.204304 0.714842 0.202686 0.723180 0.194728 0.728463 0.190591 0.727037 0.180522 0.717211 0.181459 0.712383
0 0.269662 0.719115 0.275917 0.722609 0.276315 0.730305 0.275274 0.732420 0.265811 0.735713 0.260340 0.731419 0.260302 0.725118 0.264315 0.720682
0 0.273316 0.800975 0.275417 0.799893 0.291411 0.801929 0.300298 0.804859 0.339752 0.809432 0.350929 0.813553 0.373604 0.816889 0.376955 0.819115 0.371134 0.829616 0.351923 0.847407 0.343434 0.852172 0.338873 0.852941 0.332721 0.852158 0.311617 0.847223 0.299909 0.842584 0.284143 0.819891 0.278635 0.809297 0.273420 0.803686
0 0.293151 0.740992 0.294827 0.742105 0.294590 0.746572 0.288259 0.759706 0.286556 0.768483 0.289859 0.777448 0.293569 0.781068 0.292272 0.784501 0.301556 0.795126 0.308682 0.797382 0.308890 0.802805 0.305304 0.805047 0.299152 0.804264 0.292111 0.801569 0.285307 0.794407 0.276874 0.779393 0.275672 0.769346 0.277802 0.758375 0.280053 0.753265 0.286849 0.744237 0.289905 0.741478
0 0.332730 0.722196 0.334404 0.723309 0.335569 0.727055 0.334641 0.748072 0.333156 0.749232 0.329294 0.749640 0.313385 0.747165 0.309505 0.744423 0.308342 0.740677 0.314587 0.727981 0.319556 0.721868 0.322973 0.720505
0 0.359304 0.731425 0.364859 0.735280 0.363241 0.743619 0.357809 0.745625 0.351042 0.744764 0.346717 0.741065 0.346082 0.737837 0.347379 0.734404 0.351752 0.731363
0 0.350654 0.753259 0.346642 0.757695 0.330856 0.761082 0.316792 0.758841 0.311596 0.756381 0.310708 0.754469 0.311304 0.751397 0.313404 0.750316 0.331840 0.749515 0.347219 0.751472
0 0.309051 0.756507 0.323133 0.761897 0.325357 0.766677 0.321998 0.777492 0.317985 0.781928 0.311597 0.785612 0.309052 0.785737 0.301139 0.784280 0.296454 0.779187 0.295016 0.773608 0.296550 0.765708 0.299247 0.761555 0.303004 0.758435
0 0.322802 0.779843 0.324392 0.781394 0.325661 0.787852 0.333212 0.787914 0.336562 0.790139 0.338427 0.793524 0.340614 0.792004 0.343159 0.791878 0.346254 0.795420 0.344068 0.796940 0.339459 0.804448 0.332711 0.806737 0.322169 0.805845 0.313812 0.803432 0.310462 0.801206 0.309553 0.796144 0.313613 0.784969 0.318771 0.781128
0 0.372024 0.802298 0.371787 0.806765 0.363468 0.810652 0.358292 0.811343 0.350380 0.809886 0.341560 0.803367 0.343197 0.798179 0.348629 0.796172 0.359617 0.798020 0.363649 0.796735 0.370520 0.800308
0 0.491102 0.789769 0.457950 0.784415 0.402751 0.741089 0.396867 0.738635 0.360176 0.751548 0.341265 0.775232 0.365201 0.795296 0.383405 0.820304 0.385983 0.843887 0.400292 0.847979 0.422127 0.850192 0.441715 0.847577 0.462269 0.839985 0.473194 0.832868 0.490250 0.814618
0 0.463331 0.770301 0.469549 0.767495 0.475085 0.768199 0.478435 0.770425 0.493284 0.771865 0.495849 0.774890 0.494742 0.780595 0.492300 0.783432 0.479060 0.786693 0.474139 0.786067 0.463474 0.779313 0.462139 0.776445
0 0.499862 0.770454 0.510679 0.773180 0.516935 0.776675 0.520711 0.776706 0.524165 0.781642 0.522442 0.787269 0.503174 0.795609 0.499313 0.796017 0.496663 0.793431 0.495290 0.784262 0.496720 0.773652
0 0.529199 0.771940 0.534878 0.781657 0.534850 0.791547 0.531150 0.804117 0.525841 0.811985 0.516329 0.822017 0.508711 0.825544 0.498102 0.828241 0.492310 0.828853 0.487474 0.827787 0.486055 0.825358 0.488666 0.821643 0.497856 0.816518 0.506894 0.815419 0.510480 0.813178 0.516150 0.806704 0.522310 0.794448 0.525613 0.774182
0 0.629676 0.796405 0.535400 0.782933 0.538216 0.789664 0.564278 0.857203 0.567930 0.859628 0.626479 0.805801 0.630274 0.800402
0 0.632536 0.798136 0.634722 0.796616 0.639284 0.795847 0.658713 0.799670 0.662129 0.798306 0.667666 0.799010 0.675852 0.802301 0.687455 0.804228 0.693862 0.803694 0.697297 0.805481 0.703875 0.804070 0.719613 0.807422 0.726654 0.810117 0.731064 0.813377 0.732228 0.817123 0.729399 0.828454 0.725301 0.833329 0.718894 0.833863 0.671783 0.826516 0.651927 0.824888 0.646647 0.822867 0.635403 0.822335 0.631883 0.820987 0.627984 0.815095 0.630369 0.802807
0 0.734566 0.840804 0.739507 0.844581 0.738314 0.850725 0.731926 0.854409 0.724459 0.853908 0.720834 0.849849 0.722282 0.842389 0.728500 0.839583
0 0.906174 0.859502 0.910158 0.864956 0.908711 0.872417 0.904424 0.875019 0.899862 0.875787 0.895556 0.875239 0.889726 0.869550 0.890748 0.864284 0.898537 0.859879 0.902843 0.860427
0 0.271451 0.680668 0.276031 0.683050 0.279571 0.687548 0.283536 0.689852 0.282684 0.694240 0.275084 0.700918 0.268696 0.704601 0.257624 0.703192 0.250393 0.698224 0.248700 0.693961 0.249722 0.688695 0.253308 0.686453 0.266549 0.683192 0.268990 0.680355
0 0.309003 0.704786 0.312524 0.706133 0.314559 0.708641 0.309884 0.719738 0.303959 0.727528 0.298924 0.737230 0.293918 0.737042 0.270240 0.712892 0.270561 0.707987 0.272748 0.706466 0.286621 0.706433 0.290037 0.705070 0.300855 0.707796
0 0.439596 0.736700 0.437514 0.740932 0.426819 0.744067 0.416362 0.742736 0.406860 0.739728 0.404210 0.737142 0.406292 0.732910 0.419551 0.732799 0.426129 0.731388 0.435271 0.733001
0 0.440153 0.698097 0.438156 0.701890 0.434570 0.704131 0.420800 0.706876 0.410342 0.705544 0.400037 0.700185 0.398001 0.697678 0.398598 0.694606 0.401040 0.691769 0.413834 0.687551 0.421301 0.688052 0.422806 0.690042 0.429147 0.693098 0.437589 0.695072
0 0.408857 0.706704 0.411421 0.709729 0.408743 0.717033 0.393866 0.725482 0.386882 0.732238 0.384250 0.732802 0.374493 0.731110 0.365502 0.725469 0.366610 0.719764 0.371957 0.718196 0.377664 0.718023 0.380465 0.716581 0.382906 0.713744 0.386011 0.704246 0.389598 0.702004 0.397765 0.702144
0 0.376490 0.698087 0.375108 0.701958 0.359957 0.708574 0.347824 0.706130 0.343669 0.701554 0.348742 0.698152 0.356995 0.697854 0.367689 0.694718 0.373225 0.695423
0 0.303315 0.678879 0.307262 0.678032 0.326454 0.686321 0.333685 0.691289 0.342883 0.702353 0.344682 0.709328 0.343575 0.715033 0.339118 0.718513 0.331376 0.716178 0.326861 0.710207 0.320861 0.705396 0.319167 0.701133 0.313252 0.695883 0.305956 0.694504 0.296606 0.687468 0.296142 0.683362
0 0.300969 0.668237 0.305038 0.673252 0.304802 0.677719 0.293955 0.684882 0.287993 0.686372 0.282372 0.686106 0.280507 0.682721 0.284246 0.676451 0.296047 0.667610
0 0.248964 0.650374 0.256876 0.651831 0.260822 0.650984 0.270069 0.655309 0.280924 0.664336 0.283678 0.669633 0.282381 0.673066 0.276760 0.672800 0.264797 0.669478 0.261087 0.665858 0.254217 0.662285 0.246352 0.654089
0 0.287340 0.650763 0.285788 0.655512 0.277962 0.653616 0.270409 0.653554 0.261438 0.651063 0.249579 0.650453 0.248074 0.648462 0.249181 0.642757 0.255844 0.640907 0.273069 0.643100 0.278349 0.645121
0 0.424755 0.663758 0.431665 0.673632 0.430112 0.678381 0.423535 0.679792 0.419314 0.678805 0.410361 0.679464 0.401219 0.677851 0.401625 0.672506 0.411118 0.659324 0.419730 0.660420
0 0.484937 0.668721 0.484085 0.673110 0.470419 0.678565 0.458049 0.680588 0.451661 0.684272 0.429213 0.689509 0.424292 0.688882 0.423232 0.687848 0.424254 0.682582 0.439131 0.674133 0.445623 0.673160 0.461134 0.667940 0.471488 0.666560 0.483876 0.667687
0 0.492961 0.689080 0.490180 0.693672 0.483962 0.696478 0.467523 0.693486 0.458021 0.690478 0.455201 0.688770 0.453507 0.684507 0.458494 0.681544 0.464901 0.681011 0.473579 0.678518 0.476485 0.679787 0.482192 0.679614 0.483696 0.681605 0.487918 0.682592
0 0.487331 0.672624 0.489517 0.671103 0.497343 0.672999 0.502198 0.677215 0.503533 0.680083 0.505908 0.680835 0.509088 0.683938 0.520880 0.688137 0.534707 0.694844 0.527004 0.698810 0.519896 0.699704 0.509439 0.698373 0.501063 0.692809 0.493766 0.691431 0.492328 0.685851 0.486394 0.677451
0 0.520549 0.676852 0.522905 0.674454 0.531773 0.674234 0.550587 0.677978 0.558054 0.678479 0.566070 0.682647 0.566808 0.688587 0.564282 0.691863 0.555347 0.695672 0.546736 0.694576 0.532161 0.694969 0.531016 0.694374 0.530637 0.689829 0.526076 0.690597 0.522451 0.686538 0.520227 0.681758
0 0.573698 0.695310 0.574351 0.701689 0.571228 0.708037 0.564140 0.712081 0.557903 0.711737 0.555613 0.710546 0.551459 0.705970 0.552121 0.699309 0.557894 0.695547 0.568862 0.694245
0 0.424406 0.707784 0.437305 0.706278 0.445747 0.708253 0.448311 0.711277 0.448094 0.718894 0.449617 0.724035 0.462044 0.731463 0.461722 0.736369 0.448567 0.739191 0.440656 0.737734 0.434551 0.730212 0.428210 0.727156 0.428191 0.724006 0.422002 0.716922 0.421349 0.710543
0 0.495385 0.741553 0.489508 0.742604 0.485051 0.746084 0.481568 0.751037 0.476552 0.763889 0.477631 0.768074 0.480982 0.770299 0.496360 0.772257 0.501433 0.768855 0.502994 0.751066 0.499265 0.744296
0 0.531451 0.708370 0.532956 0.710360 0.532805 0.714388 0.526947 0.718589 0.519413 0.721677 0.516357 0.724436 0.513451 0.723167 0.507763 0.726490 0.505152 0.730205 0.502606 0.730331 0.498404 0.732494 0.488788 0.739814 0.484653 0.738388 0.481558 0.734846 0.482221 0.728185 0.491013 0.715364 0.505994 0.709626 0.517833 0.707086 0.524856 0.706631
0 0.499946 0.740785 0.502388 0.737948 0.506950 0.737179 0.515921 0.739671 0.541758 0.742960 0.547124 0.744542 0.549074 0.747488 0.545932 0.750686 0.541200 0.752332 0.524335 0.751534 0.513432 0.749247 0.502341 0.744687
0 0.547096 0.754432 0.550702 0.755340 0.551421 0.758130 0.559901 0.766405 0.561424 0.771545 0.558387 0.777455 0.549452 0.781264 0.541456 0.780246 0.535730 0.777269 0.531575 0.772692 0.530666 0.767630 0.528102 0.764605 0.531499 0.760091 0.539203 0.756125 0.542808 0.757034
0 0.568910 0.716736 0.575099 0.723819 0.578676 0.734618 0.578099 0.740840 0.575317 0.745433 0.570226 0.745684 0.549036 0.741188 0.546404 0.741752 0.534017 0.740625 0.532067 0.737679 0.532918 0.733290 0.537613 0.725343 0.540669 0.722585 0.556076 0.714652 0.562569 0.713680
0 0.592607 0.744036 0.597292 0.749130 0.596014 0.755712 0.590497 0.758158 0.582500 0.757140 0.577816 0.752047 0.579623 0.745981 0.585926 0.742736
0 0.621756 0.743250 0.625892 0.744676 0.629431 0.749174 0.632819 0.757699 0.639094 0.764344 0.649589 0.771976 0.653981 0.772085 0.654444 0.776192 0.636833 0.782494 0.631382 0.781350 0.630047 0.778482 0.626252 0.775301 0.625532 0.772511 0.618558 0.766227 0.608252 0.760868 0.604031 0.759881 0.602081 0.756934 0.602232 0.752906 0.605374 0.749709
0 0.609083 0.694868 0.612263 0.697971 0.618500 0.698315 0.624311 0.700854 0.625116 0.703205 0.621226 0.713502 0.620308 0.721480 0.623781 0.729567 0.629867 0.733939 0.627169 0.738093 0.620166 0.741698 0.615519 0.742906 0.611213 0.742357 0.604106 0.743252 0.593818 0.741043 0.583342 0.736561 0.579102 0.732424 0.578469 0.729195 0.579679 0.726201 0.585641 0.724712 0.590099 0.721232 0.592589 0.711656 0.591235 0.705637 0.592172 0.700810 0.595843 0.698129
0 0.651132 0.751037 0.653489 0.748639 0.666766 0.751678 0.672473 0.751505 0.695082 0.758430 0.700192 0.761329 0.701101 0.766392 0.700060 0.768508 0.696559 0.770310 0.669558 0.763276 0.662073 0.759625 0.654861 0.757807 0.651151 0.754187
0 0.712364 0.770074 0.713291 0.778286 0.711568 0.783913 0.705350 0.786719 0.698944 0.787253 0.688969 0.793178 0.684407 0.793947 0.667353 0.790876 0.662668 0.785783 0.661145 0.780642 0.664902 0.777523 0.667448 0.777397 0.675634 0.780688 0.680555 0.781314 0.685902 0.779747 0.700846 0.767708 0.708928 0.768287
0 0.809312 0.829184 0.813258 0.828337 0.821340 0.828916 0.833747 0.833194 0.845965 0.835199 0.850735 0.839854 0.849884 0.844242 0.842454 0.850042 0.835877 0.851453 0.831571 0.850905 0.821075 0.843273 0.814650 0.840656 0.808015 0.832616
0 0.724600 0.804460 0.728972 0.801419 0.732834 0.801011 0.756995 0.803187 0.764121 0.805443 0.799516 0.821191 0.806577 0.827037 0.806425 0.831065 0.802308 0.832789 0.795012 0.831411 0.787289 0.832226 0.770595 0.830551 0.758548 0.827668 0.749216 0.823782 0.739781 0.817185 0.733440 0.814129 0.725850 0.807766
0 0.788584 0.711873 0.789219 0.715101 0.787837 0.718973 0.781212 0.727123 0.777219 0.734709 0.773462 0.737829 0.769241 0.736842 0.763685 0.732986 0.753086 0.722643 0.750502 0.716468 0.751013 0.713835 0.757231 0.711029 0.761093 0.710621 0.779187 0.711576 0.784979 0.710964
0 0.739003 0.717253 0.746300 0.718632 0.753700 0.722721 0.761651 0.730479 0.762729 0.734664 0.759351 0.742328 0.753153 0.748285 0.748950 0.750448 0.737896 0.752188 0.734461 0.750402 0.725849 0.749306 0.720739 0.746407 0.715884 0.742191 0.713490 0.738289 0.712921 0.731471 0.714814 0.724966 0.719357 0.721048 0.728735 0.718194
0 0.722943 0.748036 0.727969 0.751374 0.730298 0.758866 0.729379 0.766844 0.727023 0.769242 0.715505 0.766876 0.713878 0.759024 0.716470 0.752159
0 0.749414 0.783784 0.752064 0.786370 0.753418 0.792389 0.752396 0.797655 0.750824 0.799254 0.731670 0.797265 0.730695 0.795792 0.731461 0.791842 0.733989 0.788566 0.745194 0.782797
0 0.777371 0.759912 0.775289 0.764144 0.766525 0.767075 0.757042 0.767217 0.737973 0.764790 0.735153 0.763082 0.736533 0.759210 0.739951 0.757846 0.742411 0.758160 0.750815 0.753833 0.766364 0.754913 0.774720 0.757326
0 0.784790 0.737922 0.787232 0.735085 0.791348 0.733360 0.811374 0.734111 0.816655 0.736132 0.823270 0.741021 0.827662 0.741131 0.830566 0.742400 0.835422 0.746615 0.835971 0.750283 0.833529 0.753120 0.820460 0.755504 0.803235 0.753311 0.791783 0.747356 0.786485 0.742185
0 0.894874 0.761829 0.896104 0.761985 0.895906 0.772753 0.900798 0.783269 0.899861 0.788096 0.898546 0.788378 0.893351 0.785918 0.890700 0.783332 0.889054 0.772330 0.886914 0.767111 0.893217 0.763866
0 0.898300 0.747425 0.904763 0.756342 0.912088 0.777061 0.911956 0.784240 0.907896 0.795415 0.905266 0.795979 0.902890 0.795227 0.898631 0.787940 0.892433 0.764666 0.893227 0.750826 0.894183 0.749149
0 0.892120 0.785762 0.897316 0.788222 0.903865 0.796700 0.907527 0.807060 0.907035 0.812843 0.904063 0.815163 0.890824 0.818425 0.880811 0.818049 0.877442 0.812674 0.876410 0.801750 0.878729 0.793051 0.883167 0.786421 0.887199 0.785135
0 0.815179 0.811943 0.818766 0.809701 0.822542 0.809732 0.837410 0.814323 0.848416 0.819322 0.858770 0.817942 0.867382 0.819038 0.869587 0.820668 0.870307 0.823458 0.868035 0.825417 0.861287 0.827706 0.856896 0.827596 0.854179 0.828600 0.849258 0.827973 0.847858 0.828695 0.838101 0.827003 0.820223 0.818431 0.815983 0.814294
0 0.884625 0.765920 0.883536 0.774776 0.879079 0.778256 0.868214 0.782269 0.862356 0.786470 0.855419 0.786486 0.851983 0.784700 0.849334 0.782114 0.851227 0.775609 0.856110 0.769935 0.861182 0.766534 0.874252 0.764150
0 0.857217 0.735000 0.859848 0.734435 0.865214 0.736018 0.872103 0.742741 0.880290 0.746031 0.884615 0.749730 0.885779 0.753476 0.884672 0.759181 0.881085 0.761422 0.875123 0.762912 0.872662 0.762599 0.867003 0.756032 0.856290 0.756017 0.852410 0.753275 0.851245 0.749529 0.852778 0.741630
