0 0.856629 0.610800 0.860828 0.611600 0.869226 0.611200 0.878224 0.612800 0.883623 0.612000 0.893221 0.614000 0.917216 0.616400 0.920216 0.618000 0.921416 0.624000 0.919016 0.630400 0.908818 0.650000 0.905219 0.653200 0.902819 0.653600 0.899220 0.652400 0.897420 0.650000 0.871626 0.630400 0.864427 0.623200 0.858428 0.620400 0.855429 0.616800 0.855429 0.611600
0 0.080672 0.671780 0.089820 0.689236 0.090450 0.693020 0.083827 0.689656 0.078152 0.681664 0.076893 0.674096
0 0.279544 0.614400 0.283143 0.619200 0.283743 0.631600 0.281943 0.633600 0.274745 0.634400 0.265747 0.629600 0.260348 0.628000 0.258548 0.626800 0.257348 0.623200 0.274745 0.615600
0 0.272345 0.635600 0.276545 0.637600 0.277744 0.639600 0.276545 0.647200 0.272345 0.649600 0.263947 0.649200 0.260348 0.646800 0.260348 0.640000 0.262147 0.638000 0.266347 0.636400
0 0.311338 0.634800 0.318536 0.637200 0.320336 0.639600 0.315537 0.649600 0.316137 0.655600 0.319136 0.659600 0.328734 0.666400 0.329934 0.668800 0.326335 0.672000 0.317336 0.676000 0.313737 0.676800 0.301740 0.676800 0.288542 0.673600 0.282543 0.668400 0.280744 0.664800 0.283743 0.662800 0.289142 0.654800 0.289742 0.640000 0.292141 0.636800 0.299340 0.635200
0 0.251350 0.668400 0.254949 0.667600 0.260348 0.668800 0.265747 0.668400 0.277744 0.669600 0.283143 0.672000 0.286143 0.675600 0.278344 0.678000 0.272945 0.678400 0.260948 0.677200 0.250750 0.672000
0 0.063587 0.670000 0.068386 0.670400 0.076185 0.674800 0.074985 0.679600 0.069586 0.682800 0.062987 0.682400 0.057588 0.679200 0.057588 0.674400
0 0.004799 0.650000 0.008398 0.648000 0.014997 0.653200 0.026395 0.658400 0.032993 0.660000 0.038992 0.659200 0.049190 0.655200 0.052189 0.652800 0.057588 0.652000 0.062387 0.654800 0.060588 0.666800 0.049790 0.673200 0.043791 0.675600 0.038392 0.676000 0.024595 0.673600 0.015597 0.668800 0.007798 0.662000 0.004199 0.654400
0 0.109178 0.652400 0.112177 0.654400 0.113977 0.657600 0.112777 0.661600 0.103179 0.664800 0.101979 0.670800 0.099580 0.673200 0.095981 0.674400 0.086383 0.673600 0.083383 0.671200 0.079184 0.663600 0.077384 0.662400 0.077384 0.657600 0.080984 0.659600 0.085183 0.660400 0.091182 0.658400 0.098380 0.652400 0.103179 0.651200
0 0.139772 0.689200 0.140372 0.692800 0.136773 0.694800 0.124775 0.694000 0.115777 0.694800 0.110978 0.696400 0.097780 0.698000 0.094781 0.696400 0.092381 0.688800 0.102579 0.681200 0.107378 0.679600 0.120576 0.679600 0.125975 0.680800 0.132573 0.683600
0 0.107378 0.712400 0.111578 0.708800 0.119976 0.708800 0.129574 0.710800 0.143371 0.710800 0.146970 0.712800 0.146970 0.714000 0.136773 0.716400 0.121776 0.716800 0.107378 0.714000
0 0.208158 0.670400 0.211158 0.673600 0.211158 0.679200 0.196161 0.689200 0.190162 0.689600 0.183563 0.688800 0.182963 0.685200 0.187162 0.679200 0.200360 0.671200 0.205759 0.670000
0 0.218956 0.653600 0.234553 0.656800 0.236353 0.658000 0.236952 0.662800 0.232753 0.673600 0.230954 0.675200 0.220756 0.672400 0.215357 0.668800 0.214757 0.657600 0.215957 0.655200
0 0.220156 0.642400 0.220756 0.644400 0.214157 0.652000 0.188962 0.668400 0.183563 0.669600 0.165567 0.669200 0.161368 0.668000 0.159568 0.665600 0.161368 0.663600 0.183563 0.656000 0.196161 0.650000 0.205159 0.648400 0.212357 0.643200 0.215957 0.642000
0 0.228554 0.638800 0.236353 0.637600 0.241152 0.638800 0.244751 0.641200 0.250150 0.646800 0.250150 0.651600 0.247750 0.653600 0.243551 0.653600 0.236952 0.652000 0.229754 0.648400 0.225555 0.644400 0.226155 0.640800
0 0.104979 0.612800 0.111578 0.614800 0.116377 0.620400 0.122975 0.624800 0.127774 0.626400 0.125975 0.630800 0.119976 0.632000 0.112177 0.631600 0.104979 0.628400 0.101979 0.622400 0.102579 0.615200
0 0.098380 0.610400 0.099580 0.614000 0.079184 0.648000 0.074385 0.653600 0.069586 0.654800 0.063587 0.654800 0.052789 0.650000 0.045591 0.644400 0.045591 0.640000 0.052789 0.636800 0.069586 0.624400 0.077384 0.620400 0.085783 0.613600 0.094181 0.610000
0 0.078584 0.598400 0.078584 0.607600 0.076185 0.610800 0.072585 0.612800 0.067786 0.614000 0.056389 0.613600 0.049790 0.609200 0.049790 0.604800 0.051590 0.602400 0.056389 0.600000 0.066587 0.597200 0.073785 0.597200
0 0.118776 0.594400 0.116377 0.600000 0.109778 0.604400 0.106179 0.605600 0.100780 0.605600 0.093581 0.603200 0.086383 0.599600 0.085183 0.597200 0.086383 0.593200 0.089382 0.591600 0.092981 0.591200 0.101979 0.592400 0.104979 0.591200 0.113377 0.590800 0.116377 0.591600
0 0.166767 0.546800 0.164967 0.552000 0.160768 0.555200 0.151770 0.557200 0.144571 0.557200 0.136173 0.555600 0.128374 0.552000 0.122975 0.548000 0.122375 0.544000 0.127174 0.544000 0.136773 0.547600 0.154169 0.547200 0.160768 0.544000 0.164967 0.543200
0 0.126575 0.551600 0.132573 0.554000 0.139772 0.560000 0.142171 0.566400 0.140972 0.571200 0.137972 0.574800 0.130174 0.579600 0.125375 0.580400 0.112177 0.578800 0.106779 0.576800 0.103779 0.573600 0.103179 0.565200 0.104979 0.560800 0.107978 0.557600 0.115777 0.552800 0.122375 0.552800
0 0.174565 0.584400 0.177564 0.588000 0.176964 0.592000 0.174565 0.595200 0.164967 0.601600 0.163767 0.610400 0.161368 0.612000 0.154169 0.612000 0.146371 0.610000 0.142171 0.607200 0.138572 0.602800 0.137972 0.598400 0.139172 0.596400 0.150570 0.592800 0.160768 0.584400 0.164367 0.583600
0 0.282543 0.567200 0.278944 0.575600 0.272345 0.579200 0.257948 0.575200 0.251949 0.571600 0.252549 0.567200 0.257348 0.564400 0.262747 0.564400 0.266946 0.565600 0.277144 0.564400 0.279544 0.564800
0 0.281943 0.522000 0.287942 0.521600 0.293941 0.522400 0.299340 0.524000 0.302939 0.526400 0.303539 0.534000 0.302339 0.536800 0.298140 0.541600 0.293941 0.544000 0.283743 0.544000 0.274745 0.537200 0.274145 0.528000 0.275945 0.525200
0 0.324853 0.614440 0.280402 0.609556 0.289196 0.614768 0.292123 0.617048 0.320456 0.616720
0 0.307738 0.558400 0.318536 0.564000 0.326934 0.570800 0.330534 0.575600 0.337132 0.579200 0.338932 0.581600 0.339532 0.587600 0.337132 0.591200 0.336533 0.594800 0.334133 0.596000 0.330534 0.594000 0.325135 0.596400 0.320336 0.596800 0.313737 0.598800 0.300540 0.604400 0.294541 0.605200 0.289142 0.607200 0.283743 0.608000 0.278344 0.607200 0.275345 0.605200 0.275345 0.601200 0.286143 0.596400 0.292141 0.596000 0.298740 0.591600 0.302939 0.590400 0.310138 0.586400 0.314337 0.582800 0.314337 0.578800 0.311937 0.574400 0.303539 0.564400 0.303539 0.559200
0 0.348530 0.573200 0.352729 0.576800 0.354529 0.580800 0.354529 0.585200 0.353329 0.589200 0.350930 0.592000 0.350930 0.595600 0.346131 0.598400 0.341332 0.598800 0.337132 0.596000 0.337132 0.588400 0.340732 0.578400 0.344331 0.574000
0 0.404319 0.598800 0.412117 0.608800 0.411518 0.616400 0.407918 0.620000 0.403719 0.622000 0.397120 0.623200 0.386323 0.622400 0.379124 0.620000 0.376125 0.617600 0.373725 0.612800 0.375525 0.605200 0.383923 0.601600 0.394121 0.600400 0.398320 0.598400
0 0.371925 0.582400 0.376725 0.582400 0.386922 0.590800 0.391722 0.592800 0.400120 0.594000 0.401919 0.595200 0.400120 0.598000 0.393521 0.600400 0.379124 0.601600 0.372525 0.599600 0.367726 0.596400 0.366527 0.593600 0.367126 0.588400
0 0.618476 0.458800 0.622675 0.463200 0.622675 0.467600 0.616077 0.471200 0.610678 0.471200 0.605279 0.468000 0.604679 0.462800 0.610678 0.458400
0 0.493101 0.527200 0.493101 0.530400 0.491302 0.533200 0.484703 0.537600 0.482303 0.538000 0.469106 0.535600 0.462507 0.532000 0.461308 0.530000 0.463107 0.526000 0.466107 0.524400 0.472105 0.523600 0.488302 0.523200 0.491901 0.524800
0 0.554289 0.583600 0.556689 0.593600 0.550090 0.608400 0.539892 0.618400 0.530294 0.622000 0.523095 0.623200 0.512297 0.622400 0.490702 0.618000 0.485303 0.618000 0.480504 0.620000 0.476305 0.619200 0.470306 0.620000 0.467906 0.621200 0.445711 0.623200 0.431314 0.622800 0.425315 0.620400 0.415717 0.612800 0.406719 0.594400 0.407318 0.587600 0.411518 0.581200 0.418716 0.576000 0.446910 0.560400 0.452309 0.550000 0.456509 0.546000 0.468506 0.544000 0.493101 0.544400 0.502699 0.547600 0.506899 0.550400 0.511098 0.558000 0.515297 0.560400 0.523095 0.562400 0.533293 0.570400 0.548290 0.578000
0 0.584883 0.603200 0.590282 0.609200 0.589082 0.617200 0.584883 0.621600 0.574085 0.624000 0.566887 0.623600 0.559088 0.621600 0.553689 0.618000 0.551890 0.614000 0.553689 0.606000 0.559688 0.601600 0.578284 0.600400
0 0.577084 0.587200 0.582483 0.591600 0.581284 0.597600 0.577084 0.599200 0.569286 0.599200 0.566887 0.598400 0.563887 0.595600 0.566287 0.588400 0.569286 0.586800
0 0.584283 0.584400 0.586683 0.582800 0.592681 0.581600 0.616077 0.588800 0.617876 0.590800 0.617876 0.593600 0.616077 0.596400 0.611278 0.598400 0.604679 0.598800 0.594481 0.596000 0.583683 0.590800 0.583083 0.586800
0 0.574085 0.574800 0.566287 0.581600 0.562087 0.582800 0.555489 0.582400 0.537492 0.571600 0.513497 0.554400 0.512897 0.550400 0.514697 0.549200 0.533293 0.548800 0.539292 0.551200 0.541692 0.549600 0.548890 0.548000 0.568686 0.547200 0.574685 0.548400 0.579484 0.553200 0.580084 0.557600 0.578284 0.567600
0 0.633473 0.514000 0.638272 0.517600 0.640672 0.521600 0.640072 0.527600 0.628674 0.534000 0.626875 0.540400 0.622675 0.544800 0.610678 0.546400 0.605279 0.546000 0.596281 0.540800 0.596881 0.536800 0.599880 0.535600 0.614277 0.533600 0.619676 0.528400 0.623275 0.522400 0.622675 0.518800 0.625075 0.516000 0.628674 0.514000
0 0.650870 0.585200 0.650870 0.589600 0.644871 0.598800 0.643671 0.610000 0.641272 0.614400 0.636473 0.618800 0.628074 0.620800 0.616077 0.620800 0.613077 0.621600 0.593881 0.621600 0.591482 0.620400 0.599280 0.607200 0.605279 0.602400 0.611878 0.602000 0.616677 0.599600 0.619076 0.596400 0.630474 0.594000 0.632873 0.591200 0.635273 0.590800 0.640072 0.587600 0.643071 0.587200 0.646671 0.584800
0 0.834805 0.614384 0.669100 0.565948 0.654721 0.585120 0.647156 0.600256 0.647912 0.607824 0.668344 0.620440 0.707684 0.634564 0.747030 0.641628 0.774271 0.642636 0.798482 0.636080
0 0.708164 0.580668 0.695921 0.575036 0.679028 0.574472 0.678608 0.575600 0.691698 0.580948 0.699718 0.582920 0.707738 0.583200
0 0.798512 0.610508 0.792603 0.602908 0.779934 0.594740 0.760516 0.589392 0.745315 0.587424 0.733917 0.593052 0.733917 0.594460 0.797246 0.613604
0 0.827642 0.615856 0.816665 0.608256 0.809910 0.607128 0.802309 0.607972 0.799358 0.610788 0.798512 0.613884 0.799358 0.614728 0.826377 0.617544
0 0.826683 0.589068 0.816910 0.588088 0.806167 0.580272 0.790042 0.582552 0.788092 0.584832 0.798350 0.591020 0.799328 0.597860 0.798836 0.602420 0.802747 0.604376 0.809586 0.604052 0.817402 0.602748 0.822285 0.600468 0.826683 0.594604
0 0.827234 0.597600 0.843431 0.602400 0.844031 0.606800 0.841632 0.610000 0.836833 0.612400 0.833833 0.612800 0.826635 0.611200 0.820636 0.606000 0.820636 0.601600
0 0.814637 0.530000 0.819436 0.534800 0.822435 0.543600 0.823035 0.558000 0.820636 0.566000 0.815237 0.568000 0.816437 0.571200 0.813437 0.572400 0.809838 0.570000 0.799040 0.572400 0.775045 0.572800 0.761248 0.570000 0.754649 0.564800 0.755849 0.561600 0.768446 0.559200 0.778044 0.558800 0.797240 0.551600 0.804439 0.544400 0.806839 0.539600 0.808638 0.530400 0.809838 0.529200
0 0.921416 0.604800 0.923215 0.602800 0.926215 0.602400 0.932813 0.605600 0.934013 0.607600 0.938212 0.610000 0.950210 0.609600 0.953209 0.610800 0.959808 0.611200 0.962207 0.612400 0.961608 0.616400 0.957408 0.617600 0.952009 0.617600 0.945411 0.615200 0.937012 0.614000 0.935213 0.612800 0.929814 0.613600 0.922615 0.609600
0 0.914217 0.560800 0.916617 0.559600 0.920216 0.560800 0.923215 0.571200 0.923815 0.578800 0.928014 0.583600 0.946011 0.586400 0.966407 0.587600 0.967606 0.588400 0.966407 0.591200 0.956809 0.596000 0.932213 0.596400 0.925015 0.600400 0.918416 0.598400 0.914217 0.598800 0.907618 0.597600 0.904619 0.595600 0.902819 0.592400 0.903419 0.585200 0.906419 0.575600
0 0.944211 0.598800 0.946011 0.596800 0.949010 0.596000 0.956809 0.596000 0.964007 0.597600 0.975405 0.597600 0.981404 0.599600 0.982603 0.602800 0.980204 0.605200 0.977204 0.605600 0.967006 0.611200 0.959208 0.612000 0.954409 0.610800 0.946611 0.605600 0.944211 0.603200
0 0.965207 0.546800 0.968206 0.545600 0.974205 0.545200 0.984403 0.548000 0.999400 0.557200 0.999400 0.568400 0.997000 0.568400 0.991602 0.566400 0.973605 0.556800 0.965807 0.551200
0 0.098380 0.496000 0.102579 0.496800 0.104379 0.498400 0.110378 0.500400 0.116976 0.504800 0.119376 0.509600 0.116377 0.514000 0.108578 0.515200 0.104979 0.514800 0.098380 0.512000 0.094781 0.506800 0.094781 0.501200
0 0.097780 0.479600 0.100780 0.477600 0.103779 0.477600 0.115177 0.482000 0.121176 0.482800 0.126575 0.482400 0.136173 0.488800 0.137372 0.491600 0.134973 0.495200 0.126575 0.499600 0.116976 0.499600 0.098980 0.493200 0.095981 0.488800
0 0.106179 0.463200 0.122375 0.461200 0.125375 0.460000 0.143371 0.457600 0.146371 0.456400 0.157168 0.456400 0.164367 0.457600 0.190762 0.459200 0.198560 0.462000 0.203359 0.462400 0.206958 0.464400 0.213557 0.465600 0.220156 0.468800 0.224955 0.469200 0.230354 0.471600 0.251949 0.486400 0.263347 0.497600 0.270546 0.510800 0.272345 0.518000 0.272345 0.525600 0.269946 0.541600 0.262147 0.558000 0.254349 0.563200 0.248350 0.571200 0.243551 0.573200 0.233953 0.580800 0.223755 0.583600 0.220756 0.586000 0.205159 0.592000 0.188962 0.595600 0.180564 0.595200 0.179964 0.590000 0.181764 0.584800 0.181764 0.575200 0.180564 0.572400 0.179964 0.559200 0.175765 0.543200 0.168566 0.526000 0.154169 0.505600 0.145171 0.496400 0.140972 0.490400 0.115177 0.472400 0.109178 0.471200 0.104979 0.471600 0.101380 0.466800
0 0.289142 0.485200 0.293341 0.485200 0.298740 0.486800 0.303539 0.490000 0.303539 0.494800 0.308338 0.498800 0.311338 0.504800 0.310738 0.508400 0.311937 0.512400 0.310738 0.516800 0.308938 0.519200 0.302339 0.522800 0.293341 0.522000 0.284343 0.519600 0.281943 0.518000 0.278944 0.512400 0.275945 0.511200 0.273545 0.504000 0.274145 0.494800 0.279544 0.488400
0 0.310138 0.486400 0.316137 0.487200 0.320336 0.490800 0.319736 0.497200 0.317336 0.500000 0.313737 0.500800 0.307138 0.499200 0.302939 0.494800 0.303539 0.489600 0.305939 0.487600
0 0.377924 0.508000 0.383923 0.508400 0.394121 0.512000 0.397120 0.514000 0.399520 0.518800 0.400120 0.526400 0.398320 0.529200 0.390522 0.533600 0.384523 0.535600 0.376725 0.535200 0.371925 0.533600 0.367126 0.530400 0.363527 0.522800 0.364127 0.518000 0.368926 0.511200
0 0.453509 0.504000 0.461308 0.507200 0.470306 0.513200 0.470906 0.516800 0.469706 0.518800 0.458908 0.526400 0.452909 0.533200 0.454109 0.541600 0.452909 0.545600 0.439712 0.546800 0.428914 0.544800 0.421116 0.540800 0.413917 0.535600 0.411518 0.530400 0.411518 0.525600 0.416317 0.521600 0.427714 0.518800 0.431314 0.515200 0.434313 0.514000 0.434913 0.512000 0.438512 0.512800 0.443311 0.506800 0.448110 0.504000
0 0.500900 0.506800 0.508698 0.506000 0.519496 0.512000 0.523095 0.518000 0.532093 0.524000 0.546491 0.526000 0.546491 0.533600 0.544691 0.536800 0.535693 0.544400 0.529094 0.546800 0.522495 0.548000 0.518896 0.547200 0.510498 0.548000 0.506299 0.547200 0.503899 0.545200 0.502099 0.533200 0.488902 0.522400 0.487702 0.519600 0.489502 0.515200
0 0.584883 0.507600 0.592681 0.512800 0.594481 0.515200 0.595081 0.520400 0.592081 0.527200 0.584883 0.534000 0.575885 0.539200 0.574685 0.541600 0.559688 0.542000 0.553089 0.540800 0.548890 0.536800 0.549490 0.528800 0.556689 0.526000 0.577684 0.508400
0 0.595081 0.489200 0.598080 0.488000 0.601680 0.488800 0.605279 0.488400 0.615477 0.492400 0.620276 0.496400 0.628074 0.506000 0.627474 0.512000 0.624475 0.514800 0.616677 0.516400 0.605279 0.516000 0.598680 0.514000 0.595081 0.514000 0.587282 0.508400 0.584883 0.505200 0.584283 0.502000 0.585483 0.498000
0 0.740852 0.492000 0.746251 0.494400 0.748050 0.497200 0.746851 0.502400 0.742651 0.510400 0.735453 0.516400 0.731854 0.517200 0.726455 0.516800 0.716257 0.512000 0.714457 0.509200 0.715657 0.504800 0.720456 0.501600 0.722855 0.498000 0.727054 0.496400 0.730054 0.493600 0.733653 0.493600 0.736653 0.491600
0 0.806239 0.498800 0.809838 0.497600 0.813437 0.498000 0.817036 0.497200 0.820036 0.495600 0.827834 0.497600 0.841632 0.496400 0.848230 0.499600 0.855429 0.499600 0.859028 0.502800 0.861428 0.502800 0.865027 0.508000 0.866227 0.513600 0.864427 0.524000 0.860828 0.533200 0.855429 0.536400 0.851230 0.536800 0.848230 0.534400 0.847030 0.523200 0.842231 0.514400 0.834433 0.510000 0.830234 0.509600 0.820636 0.506400 0.812837 0.506400 0.805039 0.504400 0.803239 0.501600
0 0.956809 0.492800 0.960408 0.491600 0.978404 0.492400 0.987402 0.494000 0.999400 0.497600 0.999400 0.532800 0.992201 0.534000 0.973005 0.530800 0.960408 0.525200 0.954409 0.520400 0.949610 0.512400 0.949010 0.505200 0.952009 0.496800
0 0.098980 0.458000 0.098380 0.465200 0.093581 0.475600 0.083983 0.482400 0.078584 0.483600 0.072585 0.483600 0.062987 0.478800 0.056389 0.467200 0.055189 0.458800 0.056389 0.457600 0.060588 0.458000 0.067186 0.460400 0.072585 0.460800 0.080984 0.460400 0.084583 0.458400
0 0.202159 0.447200 0.211758 0.446400 0.218956 0.448400 0.230354 0.452800 0.229754 0.456800 0.223155 0.460800 0.217756 0.462400 0.212357 0.462400 0.205159 0.460400 0.200960 0.457600 0.199160 0.454400 0.199160 0.450000
0 0.238752 0.452000 0.244151 0.452800 0.251949 0.457200 0.254349 0.460800 0.262147 0.466800 0.263947 0.469600 0.262147 0.473200 0.259748 0.474800 0.250750 0.477600 0.243551 0.478000 0.241152 0.477200 0.235153 0.473200 0.232153 0.469600 0.229154 0.460000 0.232153 0.455600
0 0.251949 0.446000 0.256749 0.444800 0.268746 0.446400 0.274745 0.445600 0.279544 0.446000 0.280744 0.448400 0.280144 0.453600 0.275945 0.457200 0.269946 0.459600 0.264547 0.459600 0.258548 0.458000 0.252549 0.453600 0.251350 0.450800
0 0.221955 0.428000 0.230954 0.420400 0.236952 0.418400 0.246551 0.420000 0.251350 0.422000 0.258548 0.421200 0.261548 0.423200 0.271746 0.423200 0.274745 0.421200 0.278344 0.420400 0.303539 0.419200 0.314937 0.424400 0.316737 0.429600 0.313737 0.436000 0.307738 0.439600 0.303539 0.440800 0.295141 0.440800 0.281344 0.437200 0.275345 0.437600 0.272345 0.440000 0.268146 0.438000 0.265747 0.439600 0.251949 0.438800 0.244751 0.440400 0.236353 0.440400 0.225555 0.436400 0.222555 0.433200
0 0.292741 0.446000 0.297540 0.446400 0.306539 0.452800 0.314337 0.456400 0.320936 0.466800 0.318536 0.474400 0.308938 0.484400 0.304139 0.486400 0.274745 0.475600 0.269346 0.471200 0.267546 0.468000 0.268146 0.463200 0.271146 0.460000 0.281943 0.455200
0 0.344931 0.465200 0.349130 0.470800 0.344331 0.478000 0.338332 0.480800 0.329934 0.481200 0.320936 0.478400 0.320336 0.472800 0.322735 0.468800 0.326335 0.466400 0.336533 0.462800 0.341332 0.463200
0 0.340132 0.480800 0.347930 0.479600 0.362327 0.485200 0.368926 0.486000 0.380324 0.490000 0.386922 0.490400 0.407318 0.494400 0.412117 0.493200 0.428314 0.494800 0.433113 0.498000 0.428914 0.512800 0.421716 0.515600 0.405519 0.512800 0.400120 0.512800 0.381524 0.507600 0.371326 0.507600 0.362327 0.504800 0.337732 0.500000 0.334133 0.496400 0.334133 0.492800
0 0.487702 0.469600 0.494301 0.475600 0.496101 0.479200 0.496701 0.484800 0.494301 0.491200 0.481104 0.495600 0.473305 0.495600 0.465507 0.492000 0.462507 0.488400 0.461907 0.484000 0.470306 0.479600 0.483503 0.470400
0 0.580084 0.434400 0.595681 0.442800 0.602279 0.448400 0.604079 0.452000 0.604679 0.460400 0.602879 0.462800 0.604079 0.471200 0.601680 0.478000 0.591482 0.490800 0.586083 0.494800 0.580684 0.504800 0.572885 0.507200 0.560288 0.509200 0.556689 0.513600 0.553689 0.515600 0.549490 0.516400 0.539292 0.516400 0.532693 0.514400 0.525495 0.513600 0.499100 0.498800 0.497300 0.494000 0.497300 0.479600 0.495501 0.474400 0.496101 0.460800 0.505699 0.452800 0.517696 0.448000 0.529094 0.439600 0.535093 0.437200 0.547690 0.434000 0.572285 0.433600
0 0.602279 0.446000 0.604679 0.444800 0.620276 0.444800 0.630474 0.446800 0.647870 0.448400 0.650870 0.449600 0.651470 0.454000 0.646671 0.456000 0.634673 0.456000 0.620876 0.454400 0.606479 0.450000
0 0.572885 0.414800 0.568086 0.418800 0.550690 0.424800 0.536893 0.427200 0.527894 0.427200 0.524295 0.425600 0.526695 0.421600 0.535693 0.420400 0.553089 0.414400 0.568086 0.411600 0.570486 0.412000
0 0.608278 0.428800 0.611878 0.424000 0.629274 0.421200 0.634073 0.423200 0.636473 0.426400 0.638872 0.424800 0.640672 0.424800 0.643071 0.426800 0.647270 0.426000 0.649670 0.427200 0.668866 0.427200 0.674265 0.428400 0.679064 0.427200 0.688662 0.426800 0.692861 0.428000 0.698860 0.432000 0.701260 0.435200 0.701860 0.440000 0.700060 0.443600 0.695861 0.446800 0.685663 0.450000 0.679064 0.449200 0.671266 0.444800 0.664067 0.442400 0.653869 0.443200 0.647870 0.441200 0.640672 0.441200 0.634073 0.443600 0.626875 0.443600 0.610678 0.436400 0.608278 0.432800
0 0.816437 0.470000 0.816437 0.485600 0.814037 0.489600 0.810438 0.490400 0.784643 0.490800 0.767246 0.490000 0.751050 0.490400 0.746851 0.491600 0.737852 0.490000 0.719856 0.490400 0.715057 0.488000 0.715657 0.472400 0.719256 0.466000 0.753449 0.466000 0.768446 0.467600 0.773245 0.467200 0.775045 0.468000 0.782243 0.467200 0.784643 0.466000 0.792441 0.466800 0.811638 0.466000 0.814637 0.466800
0 0.883623 0.458000 0.883623 0.465600 0.879424 0.484800 0.877024 0.488400 0.876425 0.496000 0.872825 0.503200 0.868626 0.504800 0.854229 0.496000 0.837432 0.483600 0.826635 0.477600 0.823035 0.474400 0.822435 0.469600 0.826035 0.468000 0.841032 0.465600 0.851830 0.466000 0.859028 0.462800 0.874625 0.458800
0 0.134973 0.404400 0.134373 0.409200 0.122375 0.420000 0.116976 0.421600 0.112777 0.421600 0.109778 0.420400 0.107378 0.417600 0.107378 0.414000 0.108578 0.411600 0.112777 0.408400 0.124175 0.404000
0 0.210558 0.340800 0.214757 0.344800 0.214157 0.352000 0.210558 0.356400 0.192561 0.368400 0.170366 0.381200 0.167966 0.384000 0.163167 0.386800 0.160168 0.390800 0.145771 0.400000 0.136773 0.403600 0.123575 0.403200 0.119976 0.398400 0.120576 0.393200 0.124775 0.387200 0.127174 0.380000 0.132573 0.371200 0.141572 0.366800 0.148770 0.360400 0.156569 0.357600 0.167966 0.349600 0.178764 0.346800 0.184763 0.346400 0.202159 0.341600
0 0.217756 0.385600 0.222555 0.386000 0.230354 0.388800 0.236952 0.394000 0.240552 0.401200 0.237552 0.408000 0.233953 0.412400 0.230354 0.414400 0.218956 0.414400 0.211758 0.412800 0.203959 0.408000 0.200960 0.404000 0.200360 0.396000 0.204559 0.389600
0 0.215357 0.359600 0.220156 0.359600 0.224955 0.362400 0.229754 0.370000 0.248350 0.386000 0.248350 0.388400 0.245351 0.390800 0.240552 0.389600 0.233353 0.389600 0.218956 0.382000 0.207558 0.374000 0.206958 0.368400 0.209358 0.364000
0 0.307138 0.375600 0.314337 0.378800 0.320336 0.383200 0.322735 0.386800 0.322135 0.390800 0.312537 0.395600 0.307138 0.400800 0.302939 0.403200 0.301140 0.409200 0.304139 0.415200 0.301740 0.418400 0.295441 0.419960 0.281344 0.417600 0.275345 0.415200 0.266946 0.409200 0.262147 0.398800 0.262747 0.394800 0.265147 0.392800 0.268146 0.392400 0.275345 0.389200 0.278944 0.388800 0.284343 0.386000 0.295741 0.376400 0.299340 0.375200
0 0.320936 0.368400 0.331134 0.367200 0.338332 0.367600 0.345531 0.370000 0.361728 0.373200 0.367126 0.378400 0.368926 0.387600 0.364727 0.401200 0.357528 0.414800 0.351530 0.418000 0.347930 0.418000 0.345531 0.415200 0.348530 0.402800 0.348530 0.397200 0.346131 0.390400 0.336533 0.382800 0.328134 0.380000 0.319136 0.375600 0.317336 0.372400 0.318536 0.369600
0 0.372525 0.373600 0.379124 0.371600 0.393521 0.370000 0.403719 0.372800 0.411518 0.377200 0.418116 0.386800 0.418716 0.394000 0.416317 0.400400 0.410318 0.405600 0.401919 0.408000 0.396521 0.408000 0.393521 0.406400 0.385723 0.397600 0.371925 0.386000 0.370126 0.380000
0 0.521896 0.364800 0.526695 0.369200 0.529094 0.381600 0.527894 0.391200 0.528494 0.402800 0.525495 0.415200 0.520696 0.423200 0.517096 0.433200 0.508098 0.446400 0.503299 0.450000 0.501500 0.453600 0.494301 0.460800 0.481104 0.471200 0.454109 0.486000 0.428314 0.491200 0.424715 0.490400 0.421716 0.492000 0.414517 0.490800 0.409118 0.491600 0.403719 0.490000 0.389922 0.488400 0.386922 0.486800 0.380924 0.486000 0.374325 0.483600 0.362327 0.476000 0.359928 0.475600 0.355729 0.472800 0.347930 0.464800 0.339532 0.453600 0.338932 0.444400 0.340132 0.440000 0.346131 0.433600 0.354529 0.430000 0.358728 0.429600 0.367726 0.424800 0.373725 0.423600 0.388722 0.416400 0.394121 0.414800 0.419916 0.400400 0.428914 0.397600 0.438512 0.392000 0.464907 0.381200 0.482903 0.372000 0.488302 0.370400 0.503299 0.361200 0.508098 0.360400 0.515297 0.362000
0 0.560288 0.383200 0.562087 0.386800 0.560888 0.394000 0.556089 0.402000 0.552489 0.404800 0.548290 0.406000 0.539292 0.405600 0.530294 0.399200 0.529694 0.396400 0.530894 0.394000 0.545291 0.391200 0.550690 0.388800 0.556689 0.384000
0 0.632873 0.378800 0.640072 0.379200 0.647870 0.388400 0.659268 0.395600 0.668266 0.398400 0.671266 0.398400 0.674865 0.400400 0.674865 0.404800 0.668866 0.413600 0.659268 0.419200 0.650870 0.421600 0.640072 0.422000 0.631674 0.421200 0.628674 0.420000 0.629274 0.407200 0.628074 0.403600 0.623275 0.397600 0.614877 0.391600 0.616077 0.387200 0.619076 0.384400
0 0.855429 0.378800 0.862627 0.382000 0.864427 0.384000 0.865027 0.387600 0.848230 0.400400 0.841632 0.400800 0.835633 0.398000 0.835633 0.393600 0.839832 0.391200 0.851230 0.380400
0 0.896821 0.363200 0.907618 0.360800 0.925015 0.361600 0.929214 0.363200 0.942411 0.365200 0.955609 0.368400 0.965807 0.369600 0.975405 0.372400 0.977804 0.372400 0.980804 0.369600 0.981404 0.371600 0.987402 0.375600 0.989802 0.376400 0.994601 0.376000 0.999400 0.378800 0.999400 0.424000 0.997000 0.425200 0.997600 0.427200 0.999400 0.427600 0.999400 0.465600 0.988602 0.471600 0.978404 0.473200 0.968206 0.472800 0.955009 0.469200 0.949010 0.465600 0.942411 0.464000 0.890222 0.429200 0.868626 0.411200 0.863827 0.402800 0.863227 0.396800 0.865027 0.391200 0.869826 0.383600 0.877024 0.376000 0.887822 0.368000
0 0.780444 0.426400 0.781044 0.429600 0.776845 0.436800 0.772045 0.439200 0.765447 0.440800 0.757048 0.441200 0.743851 0.440000 0.738452 0.437600 0.733653 0.433200 0.734253 0.428800 0.736053 0.427600 0.770246 0.420000 0.775645 0.420800
0 0.716257 0.385600 0.721656 0.388000 0.725255 0.392400 0.726455 0.401200 0.724655 0.404800 0.713257 0.412400 0.709658 0.413200 0.698260 0.413200 0.695261 0.412400 0.689262 0.408000 0.687462 0.397200 0.691662 0.392400 0.694661 0.390800 0.693461 0.387200 0.700660 0.385600
0 0.710258 0.357600 0.716857 0.363200 0.724655 0.376000 0.728254 0.379600 0.729454 0.384000 0.727654 0.385200 0.720456 0.386400 0.712657 0.385200 0.691062 0.385200 0.685663 0.384000 0.686863 0.376400 0.691062 0.374400 0.701860 0.361600 0.705459 0.358800
0 0.730654 0.348800 0.736053 0.346800 0.747450 0.347600 0.755849 0.351600 0.772045 0.362400 0.776845 0.367600 0.779244 0.374000 0.778044 0.380400 0.773245 0.384800 0.768446 0.386000 0.754049 0.384800 0.748650 0.381600 0.741452 0.373200 0.729454 0.367200 0.725855 0.362800 0.725255 0.354800 0.727054 0.351600
0 0.750450 0.389200 0.754649 0.387200 0.773245 0.388000 0.778044 0.390800 0.784043 0.391600 0.790642 0.394400 0.800240 0.396000 0.803239 0.398000 0.806839 0.396800 0.809838 0.398800 0.816437 0.400800 0.821836 0.405600 0.830834 0.411200 0.838632 0.418800 0.839832 0.424400 0.839232 0.428000 0.836833 0.431200 0.830834 0.435200 0.823035 0.437200 0.803239 0.430400 0.799640 0.427200 0.792441 0.423600 0.789442 0.423200 0.780444 0.417200 0.778644 0.414800 0.775045 0.414800 0.761848 0.404000 0.756449 0.401200 0.752249 0.396000 0.749850 0.390800
0 0.642471 0.351200 0.653269 0.347600 0.677264 0.350400 0.682663 0.353200 0.683863 0.355600 0.683263 0.359200 0.677864 0.364000 0.673065 0.366400 0.665867 0.368000 0.659268 0.367600 0.650270 0.364400 0.644271 0.360400 0.641272 0.356400
0 0.497900 0.346000 0.505099 0.349200 0.506899 0.352400 0.506899 0.356800 0.504499 0.359600 0.495501 0.360800 0.488302 0.357200 0.487702 0.351600 0.493701 0.346800
0 0.605879 0.341600 0.605879 0.343600 0.609478 0.344400 0.612477 0.346800 0.613077 0.359200 0.610078 0.366800 0.602279 0.371600 0.598680 0.372800 0.589682 0.372400 0.587282 0.371600 0.585483 0.368400 0.585483 0.359200 0.586683 0.356400 0.592681 0.348400 0.600480 0.344400 0.603479 0.344000 0.604679 0.341600
0 0.487702 0.340400 0.488902 0.345200 0.485903 0.352800 0.479304 0.356000 0.473305 0.357200 0.457108 0.356800 0.452309 0.356000 0.447510 0.353200 0.446311 0.349200 0.447510 0.346800 0.457708 0.340000 0.463107 0.337600 0.476305 0.336800 0.483503 0.338000
0 0.108578 0.329200 0.110378 0.330000 0.116976 0.342000 0.121176 0.345600 0.125975 0.352400 0.133773 0.356800 0.148170 0.359200 0.145771 0.362800 0.139172 0.367200 0.130174 0.370800 0.118776 0.371200 0.114577 0.370000 0.108578 0.366000 0.103179 0.359600 0.099580 0.347600 0.100180 0.335200 0.102579 0.331600
0 0.095381 0.329600 0.098380 0.332400 0.098980 0.338800 0.097180 0.345600 0.092981 0.350800 0.089382 0.353200 0.082183 0.355600 0.073785 0.356400 0.067186 0.355200 0.062987 0.352400 0.061188 0.349200 0.061188 0.341600 0.065387 0.334800 0.070186 0.332400 0.087582 0.329200
0 0.140372 0.311600 0.145171 0.314000 0.145171 0.320000 0.133173 0.335600 0.130174 0.337600 0.123575 0.337200 0.115777 0.333600 0.110978 0.329200 0.110978 0.324000 0.116976 0.318000 0.125975 0.313200 0.128974 0.313200 0.133773 0.311600
0 0.188362 0.301600 0.192561 0.305600 0.194961 0.310400 0.194361 0.316800 0.189562 0.320400 0.186563 0.324400 0.187762 0.331600 0.191362 0.336000 0.191362 0.340800 0.190162 0.342800 0.185363 0.344800 0.171566 0.348000 0.167366 0.348000 0.164367 0.347200 0.160168 0.343200 0.152969 0.332000 0.154169 0.314000 0.158968 0.306800 0.167366 0.302000 0.173365 0.300800
0 0.344931 0.976400 0.350330 0.979600 0.352129 0.984800 0.350930 0.988000 0.348530 0.990000 0.344931 0.991200 0.340732 0.991200 0.334133 0.988800 0.332933 0.980800 0.334133 0.978800 0.337732 0.976800
0 0.182363 0.960000 0.185363 0.962400 0.185363 0.966400 0.182363 0.970800 0.178164 0.974400 0.175165 0.975200 0.167366 0.975200 0.163767 0.971200 0.164367 0.962400 0.170366 0.959200
0 0.094181 0.994800 0.094181 1.000000 0.062987 1.000000 0.064187 0.994400 0.071985 0.990800 0.079184 0.990800 0.084583 0.992800 0.091782 0.992800
0 0.366527 0.937600 0.370126 0.937200 0.381524 0.938800 0.391122 0.938800 0.397720 0.940000 0.398920 0.942400 0.397720 0.946000 0.391122 0.956800 0.386323 0.962000 0.383923 0.962800 0.368926 0.962000 0.366527 0.960400 0.361728 0.949600 0.362927 0.942400
0 0.535693 0.917200 0.544691 0.921200 0.550090 0.925600 0.559688 0.938800 0.560888 0.943600 0.556689 0.950000 0.550090 0.954800 0.540492 0.959600 0.532093 0.966000 0.518896 0.983600 0.509898 0.989600 0.494301 0.992800 0.484703 0.993200 0.476904 0.992000 0.466107 0.988800 0.461308 0.986000 0.451110 0.977200 0.440912 0.971200 0.434913 0.965600 0.418116 0.960800 0.412717 0.956800 0.409718 0.950800 0.409718 0.944800 0.413317 0.938800 0.424715 0.928000 0.431913 0.924000 0.440912 0.920800 0.463107 0.915600 0.467906 0.913600 0.481704 0.912400 0.489502 0.913200 0.502099 0.912800 0.508098 0.914400 0.513497 0.914400 0.518296 0.915600 0.526095 0.915200
0 0.011997 0.062400 0.019196 0.069600 0.019196 0.074000 0.011997 0.078400 0.000000 0.079600 0.000000 0.061200
0 0.574085 0.984800 0.578284 0.986400 0.581284 0.991600 0.581284 0.996000 0.579484 1.000000 0.565687 1.000000 0.565687 0.998800 0.562087 0.995600 0.561488 0.990800 0.562687 0.988400 0.568086 0.985200
0 0.212357 0.098800 0.216557 0.094800 0.229154 0.096000 0.248950 0.096000 0.254949 0.097200 0.260348 0.096800 0.268746 0.099200 0.280744 0.100400 0.283143 0.101600 0.283143 0.103200 0.272945 0.114800 0.268746 0.118000 0.262747 0.120000 0.256749 0.120400 0.226155 0.117200 0.217156 0.114000 0.214157 0.107600
0 0.386323 0.070000 0.389922 0.072400 0.393521 0.078000 0.393521 0.084000 0.390522 0.085600 0.382123 0.086800 0.379724 0.088400 0.373725 0.090000 0.365927 0.095600 0.362927 0.095200 0.359928 0.087600 0.359928 0.082400 0.361728 0.079200 0.368926 0.073600 0.382123 0.070000
0 0.438512 0.065600 0.443311 0.066400 0.449910 0.070400 0.457108 0.081600 0.464907 0.088400 0.464307 0.092400 0.455309 0.096800 0.445711 0.096800 0.433713 0.094000 0.426515 0.089200 0.428314 0.074400 0.433713 0.068000
0 0.578884 0.068800 0.584883 0.070800 0.587882 0.074400 0.589682 0.079200 0.589082 0.084400 0.586083 0.088000 0.581284 0.090400 0.569286 0.091600 0.565687 0.090000 0.564487 0.087200 0.565687 0.077600 0.570486 0.070800 0.574085 0.068800
0 0.695861 0.071600 0.701260 0.068400 0.706059 0.068000 0.718656 0.072800 0.723455 0.073600 0.727054 0.075600 0.734253 0.074400 0.736053 0.078000 0.734253 0.084800 0.727054 0.089600 0.713257 0.085600 0.704259 0.087200 0.698260 0.086000 0.694661 0.083600 0.692861 0.080000 0.693461 0.075200
0 0.775645 0.073200 0.776845 0.075600 0.776245 0.084400 0.769046 0.089200 0.761848 0.092000 0.752249 0.093600 0.736653 0.092800 0.735453 0.092000 0.734853 0.088400 0.756449 0.080800 0.768446 0.071200 0.772645 0.071200
0 0.892021 0.084000 0.899220 0.084400 0.906419 0.092000 0.914817 0.096000 0.922015 0.103200 0.941812 0.114800 0.944811 0.118000 0.944811 0.122000 0.942411 0.127200 0.935813 0.133600 0.922015 0.141600 0.907618 0.145200 0.902819 0.144800 0.898620 0.132400 0.890822 0.122800 0.879424 0.116000 0.872225 0.108400 0.866827 0.104800 0.861428 0.102800 0.863227 0.098800 0.870426 0.091600 0.883023 0.086000
0 0.017996 0.338400 0.025795 0.340000 0.032993 0.343200 0.039592 0.343200 0.043191 0.345200 0.046791 0.344400 0.053389 0.347600 0.063587 0.362800 0.060588 0.369200 0.061788 0.372000 0.060588 0.380400 0.056389 0.384400 0.047990 0.388800 0.040192 0.389200 0.036593 0.390800 0.017996 0.388400 0.009598 0.384800 0.003599 0.380400 0.001800 0.377600 0.000000 0.376800 0.000000 0.361200 0.001800 0.360000 0.006599 0.347600 0.013197 0.340400
1 0.882819 0.452732 0.709604 0.325080 0.687318 0.355472 0.682255 0.385192 0.691374 0.414236 0.719736 0.439224 0.746071 0.454084 0.780510 0.464216 0.793677 0.466240 0.817990 0.466240 0.831158 0.466916 0.837234 0.465568
0 0.592681 0.384800 0.595681 0.385600 0.602279 0.390800 0.608878 0.392000 0.614277 0.394800 0.617276 0.401600 0.613677 0.408800 0.608278 0.412800 0.601080 0.415200 0.587882 0.416000 0.577084 0.414000 0.567486 0.409200 0.563887 0.404800 0.561488 0.398400 0.561488 0.393600 0.563287 0.390000 0.566287 0.388400 0.581884 0.386400 0.587282 0.384800
0 0.142171 0.417600 0.144571 0.415600 0.149370 0.414400 0.157768 0.415200 0.160168 0.416800 0.164367 0.422800 0.175165 0.425600 0.178164 0.425600 0.184763 0.422000 0.188962 0.422000 0.196161 0.425200 0.197360 0.430400 0.188962 0.436800 0.172765 0.441600 0.159568 0.441200 0.152369 0.436800 0.144571 0.428400 0.142171 0.423200
0 0.116377 0.435200 0.113377 0.442400 0.106779 0.445600 0.093581 0.445600 0.080984 0.444000 0.074985 0.439600 0.074985 0.436000 0.078584 0.432800 0.083983 0.430400 0.094781 0.428400 0.107978 0.429200 0.114577 0.432000
1 0.236563 0.323052 0.036005 0.438548 0.082597 0.454084 0.128182 0.456112 0.168698 0.451384 0.208200 0.437200 0.232513 0.412208 0.248722 0.385192 0.249736 0.356148
0 0.893821 0.459600 0.898020 0.459200 0.905819 0.462400 0.919016 0.464800 0.925615 0.464800 0.934013 0.461600 0.938212 0.462400 0.938812 0.464800 0.936413 0.470800 0.932213 0.476400 0.924415 0.482800 0.914217 0.486800 0.905219 0.486000 0.899220 0.482800 0.893221 0.474000 0.892621 0.461200
0 0.043191 0.446000 0.050990 0.453200 0.053989 0.463200 0.051590 0.474800 0.046191 0.481200 0.035393 0.488800 0.026994 0.490400 0.020996 0.490000 0.000000 0.484000 0.000000 0.451600 0.011997 0.453600 0.014997 0.452400 0.022195 0.451600 0.035993 0.446000
0 0.497900 0.500800 0.498500 0.505200 0.494301 0.509600 0.488902 0.512400 0.482303 0.513600 0.472705 0.513200 0.465507 0.509600 0.461308 0.503200 0.462507 0.500000 0.475705 0.497600 0.492501 0.498400
1 0.814037 0.508400 0.819436 0.511200 0.823635 0.515600 0.836233 0.524800 0.842231 0.538800 0.841032 0.554000 0.838632 0.559200 0.831434 0.567600 0.815837 0.575200 0.804439 0.579600 0.797840 0.580800 0.768446 0.580400 0.763047 0.579200 0.757648 0.579200 0.754649 0.577600 0.748650 0.576400 0.742051 0.572800 0.729454 0.563200 0.721656 0.551600 0.721056 0.540800 0.722255 0.532000 0.728854 0.521200 0.745051 0.510400 0.764247 0.504400 0.779244 0.503200 0.781644 0.502000 0.786443 0.501600 0.788842 0.502800 0.796641 0.504000 0.810438 0.508800
0 0.580684 0.538000 0.587882 0.537200 0.592681 0.542400 0.595081 0.543600 0.598680 0.543200 0.602879 0.545600 0.608278 0.551200 0.613077 0.554000 0.616077 0.558000 0.622675 0.560000 0.640072 0.568800 0.649670 0.572000 0.652069 0.574400 0.650270 0.577600 0.644271 0.580400 0.637072 0.586000 0.625075 0.588800 0.618476 0.588400 0.606479 0.584400 0.592081 0.577600 0.580684 0.568400 0.580684 0.554400 0.577084 0.546800 0.577684 0.540400
0 0.397720 0.538400 0.404319 0.538000 0.411518 0.538800 0.414517 0.540000 0.421716 0.545200 0.431314 0.549200 0.436113 0.552400 0.442111 0.560400 0.439112 0.564800 0.434313 0.566000 0.425315 0.572400 0.410918 0.580400 0.406719 0.580400 0.388122 0.573600 0.383323 0.572800 0.378524 0.569600 0.370126 0.560000 0.369526 0.556800 0.382723 0.548400 0.385123 0.545200 0.389322 0.542400
1 0.321854 0.495844 0.359154 0.517704 0.368200 0.560668 0.351806 0.618328 0.324115 0.619836 0.257984 0.608152 0.293029 0.553128
0 0.250750 0.571200 0.253149 0.573200 0.268146 0.578000 0.270546 0.580800 0.269346 0.588800 0.262147 0.594000 0.256749 0.595600 0.250750 0.595600 0.244151 0.593600 0.239352 0.590400 0.236353 0.586000 0.235753 0.581600 0.244751 0.574000 0.248950 0.572800
0 0.788242 0.100000 0.797840 0.099600 0.809838 0.097600 0.832033 0.096800 0.854829 0.103200 0.860828 0.103600 0.866827 0.105200 0.881824 0.118000 0.884223 0.122000 0.876425 0.140800 0.869826 0.151600 0.866227 0.154000 0.858428 0.153600 0.848830 0.151600 0.844031 0.152000 0.838032 0.148800 0.795441 0.138800 0.786443 0.138000 0.781044 0.135600 0.775045 0.134400 0.772045 0.130000 0.775045 0.124000 0.776845 0.123200 0.777444 0.117600 0.785243 0.102800
0 0.653269 0.091600 0.659268 0.085600 0.665867 0.082000 0.669466 0.081200 0.682063 0.081200 0.693461 0.083600 0.699460 0.087200 0.719256 0.091200 0.723455 0.090400 0.733053 0.094000 0.740852 0.095200 0.761248 0.102800 0.770246 0.109200 0.773245 0.114000 0.773245 0.120400 0.770846 0.125600 0.764247 0.131200 0.757048 0.133200 0.745651 0.133600 0.737252 0.131600 0.722255 0.125200 0.709058 0.122000 0.705459 0.122000 0.699460 0.118800 0.695861 0.118800 0.690462 0.116000 0.682063 0.114400 0.677864 0.112400 0.664067 0.108800 0.655069 0.103200 0.652669 0.099600
0 0.626275 0.082400 0.634673 0.087600 0.640072 0.092800 0.641272 0.096000 0.641272 0.103600 0.640072 0.106000 0.634673 0.109200 0.602279 0.118400 0.598080 0.118000 0.601680 0.103600 0.608278 0.088000 0.611278 0.084000 0.616677 0.082000
0 0.567486 0.093200 0.574085 0.099600 0.574085 0.106800 0.560888 0.110400 0.553089 0.115600 0.550090 0.120000 0.545291 0.120800 0.536893 0.118000 0.532093 0.114000 0.530294 0.109200 0.530894 0.102400 0.535093 0.097200 0.547090 0.096000 0.562687 0.092400
0 0.443311 0.123200 0.451710 0.118800 0.455909 0.119200 0.459508 0.117600 0.476904 0.115600 0.500900 0.116800 0.513497 0.116400 0.529094 0.118800 0.535693 0.118800 0.544691 0.123200 0.542891 0.149600 0.538092 0.149600 0.535093 0.148400 0.529694 0.151600 0.514697 0.151200 0.503899 0.152000 0.494301 0.150800 0.476305 0.151200 0.470906 0.150400 0.458308 0.144800 0.444511 0.143200 0.440912 0.140800 0.441512 0.127600
0 0.422315 0.090800 0.426515 0.090400 0.439112 0.095600 0.446910 0.095600 0.454109 0.097600 0.455909 0.100800 0.455909 0.108000 0.452909 0.113600 0.446910 0.117200 0.439112 0.119600 0.434313 0.119600 0.430714 0.116800 0.425315 0.109200 0.412717 0.103200 0.413317 0.098400 0.415717 0.095200
0 0.414517 0.110400 0.418716 0.112400 0.422315 0.116400 0.423515 0.119200 0.422915 0.124000 0.420516 0.127600 0.414517 0.132400 0.408518 0.134400 0.404919 0.134400 0.400120 0.133200 0.397120 0.130800 0.396521 0.125600 0.398920 0.116000 0.403719 0.111200
0 0.000000 0.578400 0.008998 0.580000 0.014997 0.582000 0.022195 0.588000 0.025195 0.592000 0.026994 0.597200 0.026994 0.602000 0.024595 0.605600 0.021596 0.606000 0.003599 0.593600 0.000000 0.592000
0 0.130174 0.525600 0.129574 0.530000 0.120576 0.540000 0.116377 0.549600 0.104379 0.561200 0.102579 0.574800 0.098980 0.579600 0.095381 0.582800 0.077384 0.587200 0.060588 0.597200 0.050990 0.597600 0.038992 0.592000 0.024595 0.588800 0.014997 0.581600 0.008998 0.578800 0.000000 0.576400 0.000000 0.536000 0.004199 0.536400 0.017996 0.532000 0.024595 0.532000 0.031194 0.530800 0.047990 0.531200 0.056988 0.530400 0.060588 0.531600 0.063587 0.529200 0.070186 0.528000 0.080984 0.521200 0.100780 0.518000 0.109178 0.517600 0.125975 0.521600
0 0.987402 0.569200 0.992201 0.569600 0.997600 0.572800 0.999400 0.572800 0.999400 0.601200 0.992801 0.599600 0.982603 0.594800 0.979004 0.592000 0.973605 0.590800 0.970606 0.588800 0.968806 0.585600 0.971806 0.581200
0 0.022195 0.509200 0.026994 0.514800 0.025795 0.520400 0.022195 0.522000 0.009598 0.524400 0.005999 0.526400 0.004799 0.530800 0.002399 0.532000 0.000000 0.532000 0.000000 0.515600 0.001200 0.515600 0.011398 0.507600 0.016197 0.507200
0 0.351530 0.052400 0.359328 0.056000 0.365927 0.063200 0.365927 0.072400 0.346131 0.088400 0.336533 0.099200 0.327534 0.106000 0.319736 0.106800 0.302939 0.102400 0.292741 0.095600 0.286743 0.087200 0.284943 0.076800 0.289142 0.070000 0.299940 0.062400 0.320336 0.053200 0.338932 0.050400
0 0.143371 0.105600 0.147570 0.106400 0.154769 0.111600 0.174565 0.118800 0.200360 0.120800 0.220156 0.117200 0.221955 0.119200 0.221955 0.123600 0.212357 0.130400 0.198560 0.136400 0.188362 0.138400 0.175165 0.137600 0.167966 0.135200 0.149370 0.121200 0.143371 0.112400
0 0.132573 0.107200 0.134973 0.109200 0.136773 0.116800 0.134373 0.123200 0.130174 0.127200 0.122975 0.131600 0.116377 0.133200 0.107978 0.132800 0.100180 0.130400 0.096581 0.127600 0.095381 0.123600 0.097180 0.116400 0.100180 0.112800 0.108578 0.108400 0.116976 0.106000 0.127774 0.105600
0 0.032993 0.264400 0.046791 0.269200 0.053989 0.275600 0.053989 0.280000 0.041392 0.287600 0.037192 0.292000 0.034793 0.297600 0.034193 0.307600 0.026994 0.310000 0.017396 0.309600 0.008398 0.307200 0.000000 0.302800 0.000000 0.277600 0.003599 0.276800 0.007798 0.273600 0.013197 0.272800 0.025195 0.264800
0 0.832633 0.152400 0.838032 0.152400 0.845231 0.154400 0.849430 0.157200 0.853029 0.163600 0.851830 0.168800 0.846431 0.176000 0.841632 0.178400 0.838632 0.178800 0.835033 0.178000 0.832633 0.175600 0.826035 0.160000 0.827234 0.154400
0 0.645471 0.130000 0.646071 0.133600 0.643671 0.137600 0.637072 0.144000 0.629874 0.146000 0.619076 0.154000 0.615477 0.154800 0.605879 0.162400 0.596881 0.166000 0.588482 0.170800 0.580684 0.171600 0.571686 0.175600 0.562687 0.176000 0.539292 0.172400 0.535693 0.169600 0.535693 0.162400 0.543491 0.156800 0.557888 0.152400 0.578284 0.136800 0.585483 0.134400 0.595081 0.129600 0.598080 0.129200 0.603479 0.125200 0.608878 0.123200 0.612477 0.122800 0.616077 0.124000 0.624475 0.123200 0.629874 0.126800 0.634073 0.125600
0 0.378524 0.142400 0.383923 0.143600 0.391122 0.147200 0.391722 0.151600 0.374325 0.176800 0.372525 0.178000 0.368926 0.178400 0.354529 0.172800 0.350930 0.168000 0.355129 0.158800 0.361728 0.150800 0.371925 0.143200
0 0.346131 0.148400 0.346131 0.158000 0.331134 0.176000 0.320936 0.182800 0.315537 0.183600 0.295741 0.182800 0.292741 0.180800 0.275345 0.174400 0.272345 0.172000 0.272945 0.169200 0.275345 0.167600 0.299940 0.167600 0.306539 0.164400 0.316737 0.163200 0.319736 0.160800 0.331734 0.155600 0.341332 0.147600 0.344931 0.147200
0 0.215957 0.177200 0.222555 0.173600 0.227354 0.172400 0.251949 0.172000 0.268746 0.175600 0.272345 0.175200 0.272945 0.176800 0.277144 0.179200 0.280744 0.192000 0.280744 0.207200 0.279544 0.210000 0.275945 0.212400 0.271146 0.212400 0.267546 0.210400 0.259148 0.193200 0.252549 0.189200 0.235153 0.184800 0.216557 0.184400 0.214757 0.182800
0 0.020996 0.143200 0.028794 0.139200 0.034793 0.138000 0.042591 0.139200 0.050990 0.142800 0.056389 0.142400 0.070186 0.137600 0.077984 0.137200 0.091782 0.138400 0.104379 0.141600 0.115177 0.146000 0.146371 0.165600 0.173365 0.170000 0.185363 0.170400 0.201560 0.175200 0.203359 0.176800 0.206359 0.177200 0.216557 0.187200 0.218356 0.191600 0.217756 0.205600 0.212957 0.214400 0.187762 0.231600 0.178164 0.236400 0.165567 0.239600 0.157768 0.238400 0.152369 0.240400 0.139772 0.241200 0.136773 0.242400 0.133173 0.241600 0.122375 0.241600 0.118776 0.240400 0.101979 0.238400 0.082783 0.232000 0.077384 0.228800 0.073785 0.228000 0.065987 0.223600 0.059988 0.221600 0.038992 0.205600 0.030594 0.195600 0.024595 0.186400 0.022795 0.179200 0.019796 0.174000 0.018596 0.164800 0.013797 0.155600 0.014997 0.148800
0 0.953809 0.180400 0.960408 0.182000 0.963407 0.185600 0.964007 0.190800 0.959808 0.246400 0.956209 0.251600 0.950210 0.255200 0.945411 0.256400 0.938212 0.256000 0.935813 0.257200 0.931614 0.256000 0.928014 0.257600 0.924415 0.255600 0.922615 0.248400 0.922615 0.237600 0.925015 0.230400 0.923815 0.218800 0.926215 0.194400 0.931014 0.186000 0.936413 0.182000 0.944211 0.180400
0 0.791842 0.185600 0.793641 0.190400 0.793041 0.192800 0.788842 0.194800 0.778644 0.192800 0.776245 0.193600 0.766647 0.193200 0.755849 0.195200 0.745651 0.200000 0.738452 0.208400 0.733653 0.217200 0.731254 0.218400 0.726455 0.218400 0.724655 0.217200 0.722855 0.212000 0.726455 0.194400 0.730054 0.186000 0.734253 0.182000 0.743851 0.178400 0.752249 0.178000 0.765447 0.180400 0.775645 0.180000 0.779244 0.181600 0.783443 0.181600 0.787042 0.182800
0 0.566287 0.199600 0.564487 0.203600 0.553089 0.206400 0.539892 0.204800 0.535093 0.202400 0.533893 0.200000 0.536293 0.198000 0.542291 0.196800 0.557888 0.196800 0.563887 0.198000
0 0.573485 0.185600 0.573485 0.189200 0.566887 0.192000 0.563887 0.194400 0.554289 0.196400 0.539292 0.196400 0.529694 0.199600 0.523695 0.198800 0.511698 0.201200 0.494301 0.200400 0.486503 0.201200 0.479304 0.200000 0.467306 0.199600 0.460708 0.201200 0.436113 0.200400 0.425315 0.197600 0.413317 0.197200 0.405519 0.193200 0.406119 0.188800 0.409118 0.185600 0.416916 0.181200 0.425315 0.178400 0.441512 0.176800 0.445111 0.174400 0.449910 0.174800 0.452309 0.174000 0.455309 0.174800 0.462507 0.173600 0.473305 0.173600 0.476904 0.174400 0.489502 0.172800 0.505699 0.173600 0.526095 0.176000 0.530294 0.177200 0.538692 0.176800 0.546491 0.180000 0.551290 0.180000
0 0.478104 0.209200 0.486503 0.212400 0.488302 0.217600 0.484103 0.225600 0.474505 0.234800 0.474505 0.253200 0.472705 0.256400 0.470306 0.258000 0.458908 0.258000 0.451110 0.254400 0.449910 0.252800 0.449910 0.248000 0.460108 0.234400 0.461907 0.212800 0.466107 0.208400
0 0.346731 0.223200 0.345531 0.224800 0.340732 0.225600 0.331134 0.229600 0.317336 0.232800 0.306539 0.234400 0.299940 0.234400 0.296341 0.232000 0.297540 0.226400 0.299340 0.224400 0.303539 0.223200 0.317936 0.221200 0.339532 0.220000 0.343131 0.220400
0 0.265147 0.213200 0.268746 0.212400 0.274745 0.214400 0.287942 0.224000 0.291542 0.230800 0.295141 0.244000 0.298140 0.246000 0.302339 0.252400 0.307138 0.255200 0.308938 0.257600 0.309538 0.262800 0.307138 0.265200 0.302339 0.265600 0.292741 0.260000 0.278944 0.254000 0.268746 0.252000 0.259148 0.245600 0.257948 0.240800 0.262747 0.215600
0 0.251949 0.193600 0.254349 0.202800 0.260948 0.210000 0.260948 0.214000 0.248350 0.217200 0.233353 0.216400 0.226755 0.214000 0.221356 0.207600 0.221356 0.202400 0.222555 0.200800 0.229754 0.198400 0.235753 0.197600 0.247150 0.192800
0 0.355129 0.012400 0.369526 0.009200 0.372525 0.010000 0.375525 0.008800 0.383923 0.009200 0.389922 0.010800 0.394121 0.013600 0.404319 0.016800 0.407318 0.016800 0.420516 0.022400 0.443311 0.036400 0.445711 0.040000 0.445111 0.044000 0.440312 0.052800 0.439112 0.057600 0.433713 0.063200 0.431913 0.068000 0.427714 0.071200 0.424115 0.072000 0.401919 0.066000 0.394121 0.062400 0.385723 0.061600 0.362327 0.054000 0.336533 0.047200 0.335333 0.043200 0.346131 0.022000 0.350930 0.015600
0 0.620276 0.000000 0.640672 0.000000 0.640672 0.001600 0.647870 0.007200 0.649670 0.010800 0.649070 0.018000 0.643671 0.022800 0.639472 0.023600 0.635873 0.022400 0.626875 0.011600 0.619676 0.005200
0 0.004199 0.244000 0.008398 0.244400 0.014997 0.247200 0.017996 0.250400 0.016197 0.267600 0.014997 0.270400 0.011997 0.272000 0.000000 0.268400 0.000000 0.244800
0 0.464307 0.022400 0.470906 0.018800 0.473905 0.018400 0.476305 0.019200 0.483503 0.024400 0.495501 0.029600 0.500300 0.036400 0.499100 0.040400 0.489502 0.043600 0.479904 0.044400 0.478104 0.042000 0.477504 0.036000 0.475705 0.032400
0 0.677864 0.028400 0.687462 0.029200 0.692261 0.031200 0.695861 0.034800 0.697060 0.038800 0.696461 0.048000 0.692861 0.051200 0.685063 0.051200 0.677864 0.050000 0.672465 0.046800 0.669466 0.040800 0.670066 0.033600
0 0.893821 0.011600 0.898620 0.014400 0.900420 0.016800 0.901020 0.022800 0.899220 0.026400 0.895021 0.030000 0.889622 0.032400 0.880624 0.033200 0.875825 0.031600 0.871626 0.028000 0.869826 0.023600 0.870426 0.018800 0.874625 0.014400 0.878824 0.012400 0.884223 0.012400 0.887822 0.011200
0 0.657468 0.039600 0.657468 0.044800 0.655069 0.050000 0.643071 0.059200 0.633473 0.062400 0.608878 0.066800 0.583083 0.066400 0.580684 0.065200 0.577084 0.065200 0.575285 0.062400 0.568686 0.063600 0.550090 0.060000 0.527894 0.051600 0.521296 0.047200 0.515897 0.040400 0.514097 0.036800 0.514097 0.029600 0.517696 0.023600 0.526095 0.018000 0.538692 0.014400 0.560888 0.002400 0.562087 0.000000 0.614877 0.000000 0.614877 0.001600 0.625075 0.009600 0.629274 0.015600 0.635873 0.022000 0.640072 0.024000 0.647270 0.024000 0.647870 0.025600 0.650270 0.025600 0.649070 0.029200 0.652669 0.032000
0 0.469106 0.005200 0.467306 0.010000 0.461308 0.014000 0.452909 0.024000 0.442111 0.030800 0.439112 0.031600 0.434913 0.030800 0.407918 0.015600 0.408518 0.011200 0.416916 0.005200 0.419916 0.001600 0.419916 0.000000 0.462507 0.000000 0.462507 0.001600 0.467306 0.002800
0 0.607078 0.205600 0.608878 0.208800 0.608878 0.214000 0.606479 0.218400 0.591482 0.230800 0.582483 0.236400 0.577084 0.237600 0.569886 0.236000 0.557288 0.229600 0.551290 0.224000 0.551290 0.219600 0.553089 0.216400 0.556089 0.214800 0.564487 0.215200 0.570486 0.214400 0.577084 0.212000 0.587282 0.210800 0.598080 0.204400 0.604079 0.204400
0 0.486503 0.222800 0.490702 0.218800 0.493701 0.218000 0.501500 0.218000 0.508098 0.221200 0.515297 0.222800 0.519496 0.224800 0.532693 0.226800 0.536293 0.228400 0.544691 0.230000 0.550690 0.233600 0.550090 0.238000 0.547090 0.241600 0.540492 0.246000 0.532693 0.248800 0.517696 0.248800 0.514697 0.247200 0.511698 0.247200 0.502699 0.244800 0.493701 0.240000 0.485903 0.230000 0.485303 0.226400
0 0.421116 0.215200 0.424715 0.219600 0.424715 0.224800 0.418716 0.231200 0.404319 0.238000 0.393521 0.236000 0.390522 0.234000 0.388722 0.230400 0.388722 0.223600 0.392921 0.218800 0.396521 0.216800 0.403719 0.215200 0.412717 0.214400
0 0.363527 0.188000 0.365927 0.185200 0.374325 0.181200 0.383323 0.180400 0.401919 0.185200 0.404319 0.187600 0.404319 0.190400 0.401919 0.193200 0.396521 0.194800 0.378524 0.195200 0.365927 0.192800 0.363527 0.190000
0 0.601680 0.193600 0.601680 0.197200 0.599280 0.200800 0.589082 0.203200 0.579484 0.203200 0.568086 0.201200 0.564487 0.197200 0.564487 0.195200 0.568086 0.192400 0.577684 0.188800 0.587282 0.188400 0.594481 0.190400 0.598680 0.190400
0 0.461907 0.070400 0.466107 0.067600 0.493101 0.071600 0.503899 0.072000 0.533893 0.069600 0.536293 0.070000 0.536893 0.078400 0.532093 0.086000 0.520696 0.099200 0.512297 0.104400 0.506299 0.104800 0.485903 0.099600 0.474505 0.093200 0.470906 0.090400 0.461907 0.074800
0 0.632273 0.188800 0.631074 0.192800 0.619676 0.199600 0.615477 0.199200 0.604079 0.195200 0.601680 0.193200 0.600480 0.189600 0.608278 0.185600 0.618476 0.183600 0.626275 0.184000
0 0.812237 0.192400 0.815237 0.195600 0.815837 0.203200 0.811638 0.210400 0.801440 0.214400 0.791842 0.214400 0.785243 0.212400 0.782243 0.210400 0.779844 0.206800 0.781044 0.202400 0.793041 0.195200 0.802639 0.194000 0.808038 0.192000
0 0.896221 0.188800 0.900420 0.192400 0.902219 0.196000 0.902219 0.200400 0.896221 0.214000 0.883623 0.222800 0.876425 0.222000 0.861428 0.222400 0.858428 0.221600 0.856629 0.214000 0.851230 0.206800 0.853629 0.199200 0.851830 0.189200 0.858428 0.186800 0.875225 0.184400 0.883623 0.185200
0 0.477504 0.158800 0.473905 0.161600 0.458908 0.163200 0.449910 0.169200 0.442711 0.170800 0.436713 0.170800 0.431314 0.169200 0.428314 0.166400 0.417516 0.161600 0.415717 0.159600 0.407318 0.156800 0.406119 0.152000 0.407318 0.150400 0.410918 0.149600 0.423515 0.149600 0.436113 0.144400 0.449310 0.144000 0.455909 0.146400 0.461308 0.147200 0.463707 0.149600 0.473305 0.153200 0.477504 0.156800
0 0.634673 0.146400 0.638272 0.146800 0.647870 0.154400 0.654469 0.162000 0.658668 0.170800 0.658668 0.176400 0.653869 0.179200 0.641272 0.182800 0.636473 0.182400 0.632873 0.178800 0.621476 0.156000 0.621476 0.153600 0.623875 0.150800
0 0.716257 0.152800 0.718656 0.154000 0.721056 0.157600 0.720456 0.164800 0.716857 0.170400 0.706659 0.179200 0.697060 0.182000 0.689862 0.181200 0.685063 0.176800 0.683863 0.172800 0.684463 0.165200 0.687462 0.160400 0.692861 0.156400 0.705459 0.154800 0.709058 0.152400
0 0.730654 0.148400 0.739052 0.144800 0.748650 0.144000 0.762447 0.144800 0.772045 0.146800 0.785843 0.152400 0.802639 0.157600 0.811038 0.164400 0.815837 0.171200 0.817036 0.179200 0.815237 0.182000 0.805039 0.186800 0.794841 0.187200 0.785843 0.181200 0.779844 0.174800 0.772645 0.171200 0.761848 0.168400 0.757648 0.168800 0.750450 0.167200 0.742651 0.167200 0.736653 0.165600 0.731854 0.162000 0.728854 0.158000 0.728254 0.154000
0 0.932213 0.160400 0.932813 0.165600 0.925615 0.172800 0.915417 0.176400 0.906419 0.177600 0.899820 0.177200 0.892621 0.174800 0.890222 0.169200 0.890822 0.164400 0.892621 0.160800 0.899220 0.156400 0.917816 0.154400 0.925615 0.156400
0 0.157168 0.146400 0.162567 0.140000 0.167966 0.137600 0.182363 0.138400 0.185963 0.140000 0.193761 0.146800 0.193761 0.151200 0.188962 0.154000 0.178164 0.157200 0.170966 0.157200 0.164967 0.155200 0.158368 0.151200
0 0.286143 0.147600 0.286743 0.151200 0.282543 0.158000 0.274145 0.162800 0.268146 0.163200 0.262147 0.161200 0.257348 0.161600 0.255549 0.160800 0.247150 0.161200 0.235753 0.164400 0.226755 0.170800 0.214757 0.176000 0.209358 0.176000 0.199160 0.173600 0.193761 0.169600 0.193761 0.162000 0.197960 0.156800 0.208758 0.149200 0.222555 0.143200 0.233353 0.142000 0.236353 0.140400 0.247750 0.138000 0.258548 0.138000 0.272945 0.140000 0.280744 0.142400
0 0.284943 0.123600 0.292141 0.120400 0.298740 0.121600 0.305939 0.124400 0.310738 0.123200 0.311338 0.125600 0.319736 0.129200 0.329934 0.137600 0.329934 0.141600 0.326335 0.145600 0.320936 0.148400 0.311338 0.149200 0.296940 0.145200 0.290342 0.142000 0.281943 0.134400 0.281344 0.130000
1 0.969220 0.544184 0.890210 0.496908 0.872993 0.508388 0.841590 0.579984 0.833485 0.595520 0.869952 0.605648 0.904391 0.609700 0.963143 0.626588 0.999400 0.644048 0.999400 0.562424
0 0.049790 0.610000 0.053989 0.614000 0.056389 0.621200 0.056389 0.628800 0.053989 0.634400 0.046191 0.638400 0.035993 0.640800 0.019196 0.642800 0.003599 0.646400 0.000000 0.646400 0.000000 0.606000 0.011398 0.607600 0.014997 0.605600 0.022195 0.607200 0.029394 0.606400 0.041991 0.608000
0 0.348530 0.111600 0.354529 0.116400 0.356329 0.121600 0.355729 0.125200 0.347930 0.132000 0.339532 0.134400 0.334133 0.134800 0.327534 0.130400 0.327534 0.124800 0.329934 0.117200 0.334133 0.112000 0.337132 0.110800
0 0.660468 0.122800 0.676065 0.116800 0.686263 0.116800 0.691662 0.118800 0.703059 0.126000 0.704859 0.129200 0.703659 0.134800 0.697660 0.140800 0.692261 0.142800 0.683263 0.143200 0.673665 0.141200 0.658668 0.134000 0.656269 0.131600 0.656269 0.127200
0 0.854829 0.076400 0.859028 0.079600 0.860228 0.082800 0.860228 0.087600 0.857228 0.093200 0.850030 0.096400 0.838032 0.096000 0.833233 0.093600 0.829034 0.089200 0.829034 0.084400 0.830834 0.082000 0.838032 0.076800 0.844031 0.075600
0 0.654469 0.069200 0.662267 0.074400 0.662267 0.082000 0.651470 0.089600 0.645471 0.090800 0.639472 0.090400 0.626875 0.082000 0.627474 0.077600 0.629874 0.074400 0.634673 0.071200 0.643671 0.068000
0 0.043191 0.806800 0.046191 0.810400 0.043791 0.815600 0.035993 0.820800 0.028194 0.820000 0.026395 0.818400 0.025195 0.814000 0.028794 0.808000 0.034193 0.805600 0.039592 0.805600
0 0.035993 0.681200 0.035993 0.683200 0.034193 0.684400 0.027594 0.686400 0.012597 0.688000 0.000000 0.687600 0.000000 0.676800 0.009598 0.677600 0.014397 0.676400 0.017996 0.677200 0.022795 0.676800 0.028794 0.677600
0 0.277744 0.064000 0.278944 0.068000 0.276545 0.074800 0.273545 0.075600 0.265147 0.074800 0.262747 0.075600 0.259748 0.078000 0.257948 0.085200 0.254949 0.086000 0.249550 0.085200 0.238152 0.081600 0.236952 0.075600 0.237552 0.070800 0.240552 0.068800 0.247750 0.069200 0.257948 0.066800 0.265147 0.061600 0.268146 0.060800
0 0.808638 0.928400 0.810438 0.932400 0.803839 0.939200 0.800240 0.941200 0.793641 0.940000 0.787642 0.936000 0.785843 0.933200 0.786443 0.930000 0.791842 0.927200 0.802639 0.927200
0 0.240552 0.223600 0.251949 0.236400 0.254349 0.240800 0.253149 0.244800 0.243551 0.249200 0.230354 0.253200 0.227354 0.255200 0.192561 0.267600 0.181764 0.272400 0.171566 0.275600 0.167966 0.274800 0.160168 0.267200 0.152369 0.255600 0.161967 0.244800 0.170366 0.239600 0.206359 0.226000 0.230354 0.223600 0.233953 0.222400 0.237552 0.222400
0 0.063587 0.224800 0.068986 0.227200 0.071985 0.230000 0.071985 0.241200 0.067186 0.246000 0.053389 0.246000 0.046191 0.241600 0.044391 0.238400 0.044391 0.234400 0.046791 0.230400 0.052789 0.225600 0.055789 0.224800
0 0.922015 0.226800 0.922015 0.231200 0.919616 0.234400 0.919016 0.237600 0.913617 0.242800 0.907018 0.253200 0.903419 0.256000 0.881824 0.291600 0.878224 0.304000 0.873425 0.310800 0.869826 0.312400 0.859628 0.311200 0.838032 0.305600 0.830234 0.305200 0.823635 0.301200 0.817036 0.300000 0.813437 0.300800 0.811038 0.298000 0.805639 0.298000 0.793641 0.295200 0.767846 0.292400 0.754049 0.288400 0.728254 0.287200 0.721656 0.286000 0.716257 0.286400 0.712657 0.284800 0.706059 0.284800 0.703659 0.285600 0.681464 0.284800 0.669466 0.286000 0.655069 0.286000 0.646671 0.284400 0.644871 0.282000 0.641872 0.266400 0.641872 0.258400 0.638872 0.252000 0.638872 0.247600 0.636473 0.242800 0.634073 0.231600 0.635873 0.227200 0.638872 0.226400 0.650870 0.227200 0.654469 0.228800 0.663467 0.230000 0.671866 0.229600 0.683263 0.227200 0.693461 0.227200 0.733053 0.231200 0.758848 0.231600 0.766647 0.232800 0.804439 0.232400 0.806239 0.231600 0.810438 0.232000 0.812837 0.230800 0.825435 0.232400 0.847630 0.230400 0.851230 0.230800 0.854829 0.229200 0.877024 0.228800 0.880024 0.227600 0.883023 0.227600 0.887222 0.225200 0.893221 0.225200 0.906419 0.222800 0.918416 0.223600
0 0.921416 0.257200 0.928614 0.259600 0.932213 0.259600 0.935813 0.262000 0.939412 0.266400 0.947210 0.271600 0.964607 0.288400 0.974205 0.295600 0.983203 0.304000 0.987402 0.310800 0.991602 0.313600 0.997000 0.320400 0.999400 0.321200 0.999400 0.342000 0.991002 0.345600 0.982603 0.346800 0.977204 0.350400 0.973005 0.349600 0.968806 0.346400 0.959208 0.334000 0.953809 0.329600 0.944211 0.317200 0.938212 0.312000 0.932813 0.303200 0.924415 0.295600 0.917816 0.286400 0.910618 0.280800 0.906419 0.274800 0.905819 0.268000 0.907018 0.266000
0 0.913617 0.283600 0.917216 0.287200 0.917216 0.290400 0.913617 0.293200 0.895621 0.301600 0.890822 0.303200 0.887222 0.302800 0.886023 0.299200 0.888422 0.293200 0.888422 0.286000 0.890222 0.281600 0.892621 0.280000 0.899220 0.279600
0 0.587282 0.266000 0.590882 0.265200 0.599280 0.265600 0.606479 0.268000 0.612477 0.272000 0.616677 0.279200 0.616077 0.285200 0.612477 0.289200 0.603479 0.291600 0.596881 0.291200 0.589082 0.288400 0.583083 0.284000 0.581284 0.280400 0.581284 0.272400 0.583083 0.268400
0 0.616077 0.244000 0.620276 0.248800 0.620276 0.255200 0.616077 0.260800 0.608878 0.265200 0.590882 0.266000 0.584883 0.267600 0.575285 0.266800 0.572285 0.265600 0.572285 0.262000 0.582483 0.259600 0.588482 0.256800 0.602879 0.246800 0.604679 0.242000 0.606479 0.240800 0.610678 0.240800
0 0.550690 0.259600 0.553089 0.260000 0.556689 0.263600 0.554289 0.273600 0.559088 0.281200 0.569286 0.290000 0.570486 0.294000 0.567486 0.297200 0.553689 0.303600 0.544691 0.304800 0.535693 0.303600 0.530894 0.301200 0.521896 0.298800 0.519496 0.297200 0.519496 0.293200 0.522495 0.290800 0.528494 0.281200 0.529094 0.275600 0.525495 0.269200 0.524895 0.264800 0.528494 0.262400 0.536893 0.260400
0 0.477504 0.266400 0.485303 0.268800 0.490102 0.271600 0.493101 0.278800 0.493101 0.285200 0.490702 0.290000 0.485303 0.293600 0.472105 0.294800 0.467906 0.294000 0.458908 0.288000 0.457108 0.284800 0.457108 0.277600 0.460108 0.272400 0.466107 0.268000 0.469706 0.266800
0 0.375525 0.236400 0.379724 0.238000 0.382723 0.243600 0.396521 0.255200 0.404319 0.258400 0.404919 0.262400 0.387522 0.269200 0.383923 0.268800 0.379124 0.266400 0.374925 0.262400 0.371326 0.256000 0.370126 0.242800 0.371925 0.239200
0 0.431314 0.260000 0.438512 0.267600 0.439112 0.273600 0.435513 0.281200 0.426515 0.292800 0.425915 0.300400 0.430114 0.309200 0.430114 0.312000 0.428314 0.314400 0.421116 0.315600 0.415717 0.317600 0.409718 0.317600 0.394121 0.314400 0.379124 0.314400 0.365327 0.310800 0.361128 0.308800 0.357528 0.306000 0.351530 0.290400 0.352129 0.287200 0.360528 0.272400 0.363527 0.271200 0.379124 0.271200 0.389322 0.269600 0.397120 0.264800 0.416916 0.257200 0.424715 0.257600
0 0.600480 0.303600 0.601680 0.311200 0.598680 0.313200 0.587882 0.314800 0.583083 0.318000 0.581284 0.324800 0.578884 0.326800 0.572885 0.327600 0.563287 0.327200 0.552489 0.322000 0.551290 0.317200 0.553689 0.314400 0.555489 0.313600 0.571086 0.312400 0.578284 0.309600 0.583683 0.306000 0.587282 0.299600 0.593881 0.300000
0 0.728254 0.295200 0.733653 0.300400 0.737852 0.306800 0.738452 0.310800 0.734253 0.314400 0.721656 0.318800 0.716857 0.319200 0.713257 0.322800 0.707258 0.324000 0.699460 0.328800 0.692861 0.330000 0.668266 0.340800 0.664067 0.340800 0.655069 0.344400 0.650270 0.343200 0.639472 0.331200 0.638872 0.326400 0.640072 0.324400 0.681464 0.307200 0.685663 0.306400 0.716257 0.294400 0.723455 0.292800
0 0.763647 0.295600 0.772045 0.298000 0.779844 0.304000 0.781644 0.315200 0.781644 0.328000 0.779244 0.335200 0.776245 0.339200 0.769646 0.342800 0.760048 0.344000 0.751050 0.342400 0.745651 0.338800 0.743851 0.335600 0.743851 0.331200 0.746851 0.328000 0.749250 0.320400 0.746851 0.314400 0.743851 0.311200 0.743251 0.307200 0.746251 0.300000 0.751050 0.296800 0.757048 0.295600
0 0.818236 0.303200 0.826635 0.307200 0.835633 0.317600 0.835033 0.325200 0.827834 0.329200 0.822435 0.330400 0.813437 0.330800 0.809838 0.328800 0.805639 0.315600 0.805039 0.307200 0.809838 0.303600
0 0.247750 0.602000 0.245951 0.610800 0.242351 0.618000 0.233953 0.628000 0.222555 0.635600 0.202159 0.643200 0.183563 0.652000 0.175165 0.653200 0.169766 0.656000 0.163167 0.656000 0.157168 0.658400 0.151170 0.658800 0.136773 0.662000 0.131973 0.662000 0.125375 0.659600 0.118776 0.654400 0.112177 0.652800 0.109778 0.650800 0.106179 0.644800 0.107978 0.642800 0.119976 0.639600 0.127774 0.636000 0.130174 0.635600 0.134373 0.636800 0.139772 0.634400 0.143971 0.634400 0.155369 0.629600 0.162567 0.628400 0.181164 0.621200 0.190762 0.618800 0.208158 0.612400 0.212357 0.612000 0.219556 0.608400 0.229754 0.607600 0.241152 0.601200 0.245351 0.600800
0 0.196761 0.696400 0.187762 0.703200 0.175165 0.707600 0.157768 0.704400 0.148170 0.700000 0.148770 0.694400 0.154169 0.692000 0.161967 0.692000 0.169766 0.693600 0.180564 0.693200 0.185363 0.694000 0.196161 0.692000
1 0.955111 0.626744 0.964187 0.674172 0.945273 0.729668 0.890798 0.737740 0.798482 0.715544 0.778056 0.652476 0.855987 0.604544
0 0.843431 0.686400 0.847630 0.680800 0.862027 0.678000 0.867426 0.678800 0.873425 0.678400 0.880024 0.680000 0.884823 0.680000 0.893221 0.682400 0.898020 0.682000 0.902219 0.682800 0.904619 0.682000 0.911218 0.682800 0.934013 0.688000 0.940012 0.693200 0.940012 0.701200 0.937612 0.704000 0.928014 0.706800 0.913017 0.706800 0.896821 0.705200 0.887222 0.707200 0.857828 0.708800 0.851830 0.706800 0.846431 0.702800 0.842831 0.694800
0 0.973005 0.723200 0.982003 0.724400 0.985603 0.726000 0.986803 0.728000 0.991002 0.726000 0.994601 0.729600 0.995201 0.734000 0.997600 0.737600 0.997000 0.742400 0.991002 0.746000 0.980204 0.746800 0.977204 0.746000 0.968806 0.740400 0.967006 0.738000 0.966407 0.730400 0.968206 0.726400
0 0.709658 0.638000 0.713857 0.636800 0.739052 0.640000 0.749850 0.643200 0.755249 0.646400 0.758848 0.647200 0.761248 0.649200 0.764847 0.649600 0.770246 0.652000 0.772645 0.654400 0.772645 0.659200 0.765447 0.664800 0.761848 0.672000 0.758848 0.674000 0.740252 0.676000 0.731254 0.675200 0.712657 0.667600 0.701260 0.658400 0.700660 0.653600 0.705459 0.641200
0 0.563887 0.664400 0.563287 0.668400 0.560288 0.672400 0.557288 0.672800 0.553089 0.675200 0.544091 0.674000 0.536293 0.671600 0.530294 0.668400 0.528494 0.665200 0.536293 0.661200 0.548890 0.658800 0.554289 0.658800 0.560288 0.660400
0 0.476305 0.623200 0.476305 0.626800 0.473305 0.634000 0.463707 0.646400 0.455909 0.650400 0.443911 0.650000 0.437912 0.650400 0.435513 0.651600 0.432513 0.650800 0.413917 0.651200 0.410918 0.649200 0.406719 0.650000 0.401320 0.648000 0.392921 0.637200 0.391122 0.631200 0.386922 0.627200 0.389322 0.624400 0.398320 0.624800 0.400120 0.625600 0.406719 0.623200 0.414517 0.625600 0.437312 0.624400 0.463707 0.625200 0.469106 0.622800
1 0.676713 0.624276 0.303959 0.624276 0.318998 0.636920 0.351044 0.654800 0.370006 0.665264 0.394859 0.674424 0.417744 0.683580 0.437366 0.687940 0.479220 0.693172 0.486413 0.694044 0.523689 0.690992 0.561614 0.685412 0.613407 0.663784 0.645519 0.645512 0.655723 0.639932 0.671218 0.629160
0 0.536893 0.694400 0.548890 0.699600 0.550090 0.701600 0.549490 0.706400 0.541692 0.711200 0.536893 0.712800 0.528494 0.713200 0.524295 0.710800 0.523695 0.702800 0.526695 0.698000 0.529694 0.695600
1 0.319226 0.808880 0.307876 0.788196 0.290474 0.771040 0.245831 0.741776 0.211026 0.725128 0.176976 0.715036 0.201949 0.695864 0.251128 0.684260 0.284421 0.684260 0.308632 0.688804 0.338896 0.699900 0.363113 0.720084 0.369922 0.739760 0.371434 0.756912 0.366137 0.775076 0.350246 0.790716 0.341925 0.799800
0 0.145771 0.880400 0.156569 0.880000 0.181764 0.882000 0.184763 0.883600 0.185363 0.885200 0.184163 0.890400 0.175165 0.898800 0.164367 0.902400 0.150570 0.901200 0.145771 0.898800 0.142171 0.890000 0.142171 0.884000
0 0.830834 0.897600 0.833833 0.892800 0.841032 0.890400 0.848830 0.890800 0.852429 0.892000 0.863227 0.891600 0.869226 0.893200 0.878224 0.893600 0.893821 0.897200 0.898620 0.899200 0.907618 0.907200 0.908218 0.912000 0.906419 0.914400 0.899820 0.918000 0.889622 0.926000 0.876425 0.926000 0.863227 0.928800 0.853029 0.928400 0.848830 0.926800 0.837432 0.918400 0.833833 0.910800 0.833233 0.904000
0 0.167366 0.088000 0.175165 0.087600 0.179364 0.088800 0.189562 0.105200 0.188362 0.110000 0.176964 0.111600 0.173965 0.111200 0.170966 0.109200 0.163767 0.096400 0.163767 0.091200
0 0.703659 0.910400 0.706059 0.914800 0.706059 0.920000 0.703659 0.926400 0.697660 0.932800 0.688662 0.938400 0.682663 0.939600 0.670066 0.939200 0.664667 0.940400 0.654469 0.940400 0.643671 0.937200 0.638272 0.932800 0.637072 0.930000 0.638272 0.922800 0.644271 0.915600 0.653269 0.910400 0.659268 0.910000 0.664067 0.911200 0.677864 0.906800 0.688062 0.905600 0.695861 0.906400
0 0.888422 0.000000 0.888422 0.001600 0.886023 0.002800 0.877024 0.012000 0.869826 0.015600 0.863827 0.014400 0.857828 0.014400 0.851230 0.012800 0.837852 0.005200 0.830594 0.000000
0 0.956809 0.341600 0.956809 0.346000 0.953809 0.350000 0.953809 0.359600 0.952009 0.363200 0.949010 0.364000 0.935213 0.363200 0.926215 0.360800 0.920816 0.357200 0.918416 0.353200 0.917816 0.348800 0.920216 0.344000 0.923815 0.342000 0.932213 0.341600 0.941812 0.342800 0.946611 0.341600
0 0.999400 0.343200 0.999400 0.373600 0.993401 0.373600 0.986803 0.371600 0.980804 0.366800 0.977804 0.361600 0.977804 0.354400 0.979604 0.350800 0.983803 0.347200
0 0.886623 0.352000 0.886623 0.358000 0.884223 0.366800 0.881824 0.370800 0.879424 0.372400 0.872825 0.374400 0.862627 0.374800 0.855429 0.377200 0.844631 0.375600 0.841632 0.373600 0.839832 0.368800 0.842231 0.361600 0.842231 0.352800 0.844631 0.348000 0.847630 0.346000 0.853629 0.344800 0.866227 0.344400 0.869226 0.345200 0.872825 0.348000 0.883023 0.350000
0 0.835033 0.332800 0.836833 0.338000 0.835033 0.355600 0.829034 0.364400 0.821836 0.370000 0.814037 0.371200 0.811038 0.370400 0.797240 0.370400 0.786443 0.368800 0.779844 0.366400 0.777444 0.363600 0.778644 0.361200 0.786443 0.360000 0.788242 0.358800 0.803239 0.357600 0.806239 0.354800 0.809838 0.353600 0.809838 0.352400 0.813437 0.352800 0.818836 0.349200 0.821236 0.344000 0.824235 0.342000 0.824235 0.338400 0.826035 0.337200 0.826635 0.334000 0.830834 0.331200
0 0.592681 0.327600 0.597480 0.325200 0.601080 0.325200 0.605879 0.326800 0.635873 0.341200 0.637072 0.345600 0.632873 0.346000 0.615477 0.342800 0.603479 0.337600 0.595681 0.335600 0.592081 0.332800
0 0.500900 0.313600 0.504499 0.311200 0.515297 0.313200 0.550090 0.324800 0.560888 0.329600 0.566887 0.330000 0.590882 0.338000 0.592681 0.342800 0.584883 0.354400 0.578884 0.357200 0.569886 0.356800 0.547090 0.348400 0.537492 0.346000 0.525495 0.340800 0.521296 0.340400 0.511098 0.336400 0.506899 0.336000 0.501500 0.332800 0.494301 0.330400 0.491901 0.328400 0.493101 0.324400
0 0.287342 0.294800 0.292741 0.292400 0.305939 0.290000 0.317936 0.290000 0.341931 0.292800 0.346731 0.296000 0.350330 0.303200 0.358728 0.308800 0.374325 0.314800 0.381524 0.316400 0.386922 0.318800 0.398320 0.326400 0.401320 0.330400 0.403719 0.338000 0.402519 0.346800 0.400720 0.351600 0.390522 0.367600 0.372525 0.370800 0.367126 0.370800 0.349730 0.368000 0.327534 0.366400 0.319136 0.368000 0.296940 0.374800 0.284943 0.375600 0.275345 0.374400 0.267546 0.370800 0.261548 0.365600 0.253149 0.355200 0.249550 0.347200 0.248950 0.340000 0.252549 0.333600 0.268146 0.322800 0.269346 0.320800 0.268746 0.317600 0.272945 0.307600 0.278344 0.301200
0 0.256749 0.306400 0.260348 0.308400 0.262147 0.311200 0.262747 0.318400 0.260948 0.321200 0.258548 0.322800 0.248950 0.325600 0.242951 0.326000 0.235753 0.322800 0.231554 0.318400 0.231554 0.310800 0.242951 0.306800 0.248350 0.306000
0 0.195561 0.286800 0.199760 0.286800 0.214157 0.292000 0.224955 0.292800 0.229754 0.295200 0.230954 0.296800 0.230354 0.304000 0.224955 0.310400 0.213557 0.314400 0.208758 0.314400 0.205759 0.312800 0.199760 0.306400 0.189562 0.300800 0.187762 0.298000 0.188362 0.293600 0.191362 0.289600
0 0.802639 0.028400 0.806839 0.030000 0.809838 0.032800 0.817636 0.043600 0.821236 0.050800 0.823035 0.061200 0.818836 0.064800 0.803839 0.066000 0.793641 0.072000 0.785243 0.072400 0.775645 0.064800 0.771446 0.064000 0.767246 0.061200 0.766647 0.054000 0.763647 0.049200 0.761248 0.048000 0.761248 0.046000 0.769646 0.040000 0.777444 0.038000 0.789442 0.029600 0.794241 0.028400
0 0.846431 0.009600 0.848230 0.012000 0.848230 0.018800 0.846431 0.022400 0.841032 0.026400 0.831434 0.029600 0.823035 0.030000 0.813437 0.029200 0.807438 0.026400 0.802039 0.021200 0.801440 0.015600 0.802639 0.013600 0.806839 0.010000 0.815837 0.006800 0.828434 0.004400 0.838632 0.006000
0 0.930414 0.040000 0.935213 0.046000 0.935813 0.054400 0.933413 0.058000 0.925615 0.062800 0.918416 0.064800 0.902819 0.064800 0.893221 0.061600 0.887822 0.057600 0.886023 0.054000 0.886623 0.049600 0.889622 0.045200 0.896821 0.041200 0.916017 0.037600 0.925015 0.037600
0 0.344331 0.000000 0.344331 0.001600 0.349730 0.004000 0.350930 0.006800 0.350930 0.013600 0.347330 0.020000 0.344331 0.022000 0.337132 0.023600 0.330534 0.023600 0.320936 0.020800 0.317336 0.018000 0.315537 0.014000 0.315537 0.009200 0.320336 0.004000 0.326335 0.002000 0.326934 0.000000
1 0.689172 0.192756 0.295321 0.184836 0.365417 0.229992 0.416503 0.252572 0.487792 0.266040 0.563827 0.256136 0.632735 0.226428
0 0.716857 0.442800 0.721656 0.446000 0.721656 0.450800 0.715057 0.469200 0.713257 0.479200 0.710858 0.480800 0.712657 0.484400 0.710258 0.494800 0.710858 0.533600 0.713857 0.540000 0.713857 0.543200 0.716257 0.546800 0.718056 0.560800 0.716857 0.563200 0.713257 0.565200 0.709658 0.565200 0.705459 0.566800 0.699460 0.564800 0.698260 0.566800 0.695861 0.567200 0.692261 0.570000 0.688062 0.566800 0.680264 0.566000 0.677864 0.564800 0.656869 0.567200 0.653869 0.565600 0.649670 0.557600 0.647870 0.540000 0.643071 0.526800 0.641872 0.519200 0.638872 0.516000 0.635873 0.507600 0.623875 0.484000 0.619076 0.478800 0.618476 0.473600 0.622675 0.470000 0.626275 0.470000 0.629874 0.468800 0.641272 0.460800 0.649070 0.458800 0.662867 0.458800 0.678464 0.455200 0.681464 0.453200 0.684463 0.453200 0.688062 0.451600 0.691662 0.452000 0.702459 0.444800 0.709658 0.445200 0.713257 0.442800
1 0.792441 0.867600 0.796041 0.867600 0.799640 0.870400 0.806839 0.880800 0.814637 0.889200 0.818236 0.895600 0.824235 0.901200 0.829634 0.912000 0.832633 0.914400 0.838032 0.923200 0.842831 0.927600 0.845231 0.933600 0.853029 0.943600 0.856029 0.949600 0.857828 0.956400 0.857828 0.962800 0.853629 0.971200 0.844631 0.978000 0.836233 0.981200 0.825435 0.983600 0.811038 0.984400 0.797840 0.983600 0.776845 0.978800 0.758848 0.971600 0.747450 0.965200 0.739052 0.958000 0.733053 0.954400 0.730054 0.950000 0.732453 0.942400 0.743851 0.926000 0.748650 0.922800 0.750450 0.918000 0.755849 0.912400 0.760648 0.904000 0.780444 0.881600 0.784043 0.875600
0 0.092381 0.246400 0.093581 0.243600 0.098380 0.240800 0.108578 0.240400 0.119376 0.244000 0.140372 0.244000 0.148770 0.250400 0.149370 0.252800 0.147570 0.254800 0.139772 0.255200 0.125975 0.260400 0.118776 0.262000 0.107378 0.258800 0.101380 0.255600 0.092981 0.249200
0 0.241152 0.270800 0.242951 0.272400 0.243551 0.276000 0.241752 0.279600 0.234553 0.286800 0.231554 0.287600 0.219556 0.287600 0.215957 0.285600 0.211758 0.277600 0.212357 0.272400 0.215957 0.269200 0.228554 0.268400 0.236952 0.269200
0 0.429514 0.300400 0.433713 0.299200 0.446311 0.300000 0.450510 0.302000 0.455309 0.306400 0.465507 0.307600 0.472105 0.306400 0.478704 0.306400 0.494301 0.300400 0.497900 0.300000 0.502099 0.303200 0.502099 0.309600 0.488302 0.328400 0.477504 0.334000 0.468506 0.334000 0.445711 0.325600 0.437912 0.320800 0.434913 0.317600 0.433113 0.310400 0.428914 0.304000
0 0.647270 0.307200 0.650870 0.310800 0.650870 0.317600 0.645471 0.321200 0.640672 0.322400 0.637072 0.326000 0.619676 0.329600 0.611278 0.327600 0.610078 0.326000 0.610078 0.320800 0.611878 0.315600 0.615477 0.311200 0.619676 0.308400 0.626875 0.306000 0.631074 0.303200 0.637672 0.303600
0 0.879424 0.310000 0.891422 0.307600 0.908218 0.310400 0.914217 0.312800 0.918416 0.317200 0.918416 0.323200 0.915417 0.328400 0.911218 0.331200 0.904019 0.333600 0.886623 0.333200 0.883023 0.332000 0.874025 0.325600 0.871626 0.321600 0.872225 0.317200
0 0.413917 0.324800 0.418116 0.324800 0.428314 0.332800 0.438512 0.333600 0.443911 0.336400 0.444511 0.342000 0.442711 0.346000 0.437912 0.350000 0.431314 0.352400 0.421116 0.353200 0.417516 0.351600 0.411518 0.340000 0.404919 0.335600 0.404319 0.331200
0 0.193761 0.000000 0.194961 0.008800 0.190762 0.012800 0.181764 0.017200 0.170966 0.017600 0.162567 0.016400 0.152969 0.012400 0.152369 0.004400 0.153569 0.000000
0 0.077984 0.000000 0.077984 0.002400 0.075585 0.005600 0.067786 0.009600 0.059988 0.009600 0.056988 0.008800 0.049790 0.004800 0.047990 0.002400 0.047990 0.000000
0 0.016797 0.014400 0.023995 0.018400 0.022795 0.026000 0.011398 0.035200 0.007198 0.036400 0.000000 0.036000 0.000000 0.012800
0 0.020396 0.078000 0.023995 0.081600 0.040192 0.088000 0.046791 0.092800 0.052789 0.102400 0.051590 0.105600 0.053389 0.109200 0.053389 0.114400 0.049190 0.125600 0.035993 0.134000 0.033593 0.134000 0.028794 0.136800 0.006599 0.137600 0.000000 0.136000 0.000000 0.080000 0.010198 0.079200 0.014397 0.077200
0 0.001800 0.152400 0.008998 0.154800 0.014997 0.160000 0.017996 0.171600 0.017996 0.179200 0.016797 0.181600 0.014997 0.224800 0.011398 0.229600 0.000000 0.232400 0.000000 0.152400
0 0.999400 0.285200 0.999400 0.303600 0.997000 0.303600 0.989202 0.296800 0.989202 0.292800 0.993401 0.287600 0.997600 0.285200
0 0.049190 0.390400 0.050390 0.395200 0.048590 0.404800 0.052189 0.420800 0.050990 0.426000 0.035993 0.434800 0.020396 0.438000 0.011398 0.441600 0.004199 0.442000 0.002999 0.440400 0.003599 0.422800 0.004799 0.418000 0.007798 0.413200 0.017996 0.407600 0.038392 0.391600 0.042591 0.390000
0 0.983803 0.648400 0.988602 0.648400 0.994601 0.652400 0.999400 0.654000 0.999400 0.670800 0.997000 0.670800 0.993401 0.668800 0.986203 0.662400 0.982603 0.657600 0.981404 0.650400
0 0.188362 0.061600 0.192561 0.061600 0.197960 0.065200 0.215357 0.070800 0.226155 0.072400 0.235153 0.071600 0.236353 0.072800 0.236952 0.079200 0.236353 0.081600 0.232753 0.085200 0.227354 0.088000 0.221356 0.089200 0.214157 0.088800 0.206359 0.085600 0.197960 0.080400 0.191961 0.074400 0.187762 0.064800
0 0.190162 0.042400 0.193161 0.047200 0.193761 0.054800 0.191961 0.058000 0.188962 0.060000 0.185963 0.060800 0.172165 0.060400 0.163767 0.058400 0.160168 0.055600 0.159568 0.049600 0.169166 0.043200 0.180564 0.040000 0.185963 0.040400
0 0.110378 0.011600 0.114577 0.011200 0.119376 0.012400 0.130174 0.018800 0.140972 0.028800 0.142171 0.033200 0.140372 0.035200 0.131973 0.038000 0.121776 0.038000 0.116377 0.036400 0.110978 0.033200 0.105579 0.025200 0.106779 0.015600
0 0.104979 0.058000 0.110378 0.058000 0.119376 0.061200 0.121776 0.060000 0.130174 0.059600 0.133173 0.062000 0.135573 0.066800 0.134973 0.075600 0.133773 0.078400 0.125375 0.085200 0.118776 0.086800 0.106179 0.086400 0.094181 0.082400 0.091182 0.079600 0.090582 0.074400 0.092981 0.067200 0.098380 0.061200
0 0.134373 0.876800 0.136173 0.878800 0.136173 0.882800 0.131973 0.888000 0.126575 0.890000 0.119976 0.889200 0.117576 0.885600 0.118776 0.879600 0.125375 0.876000 0.129574 0.875600
0 0.209358 0.904800 0.213557 0.904400 0.217156 0.905200 0.221356 0.908000 0.221356 0.916000 0.216557 0.919600 0.208758 0.919200 0.202759 0.915200 0.203359 0.909200
0 0.094925 0.905904 0.089016 0.904780 0.081836 0.907032 0.078458 0.907032 0.077192 0.903652 0.069592 0.902528 0.067486 0.905340 0.069592 0.909564 0.072129 0.913504 0.077618 0.914912 0.084373 0.914912 0.090702 0.912096 0.095351 0.910128
0 0.956887 0.855904 0.948170 0.860300 0.937102 0.861400 0.924145 0.857788 0.922495 0.862500 0.924847 0.867212 0.929562 0.869884 0.936395 0.870984 0.944637 0.870196 0.951943 0.866584 0.958770 0.858572
0 0.799640 0.856000 0.803239 0.854000 0.808038 0.854400 0.817036 0.857200 0.824835 0.858000 0.829634 0.860400 0.835033 0.864400 0.836833 0.870000 0.839232 0.872800 0.845231 0.876400 0.848230 0.876800 0.862627 0.883600 0.863827 0.886000 0.863227 0.889200 0.859028 0.891200 0.836233 0.890000 0.814037 0.886000 0.808638 0.882000 0.805639 0.876800 0.804439 0.870000 0.799640 0.859600
0 0.775645 0.860800 0.784043 0.860800 0.787642 0.862000 0.791842 0.865600 0.790042 0.870800 0.782843 0.875600 0.774445 0.872400 0.770246 0.868000 0.770846 0.864000
0 0.712657 0.856800 0.722855 0.856800 0.741452 0.862000 0.747450 0.862800 0.748050 0.867200 0.744451 0.873200 0.740252 0.875600 0.733053 0.877600 0.725855 0.877600 0.720456 0.876000 0.713257 0.870800 0.710258 0.866400 0.710258 0.860800
0 0.716857 0.876000 0.718056 0.879200 0.716857 0.890800 0.715057 0.895200 0.712657 0.897200 0.706659 0.898800 0.697060 0.898400 0.688062 0.896400 0.685063 0.894800 0.684463 0.888800 0.686863 0.882000 0.695861 0.874800 0.706659 0.874400
0 0.650870 0.869600 0.655669 0.874000 0.654469 0.881200 0.650870 0.883200 0.647870 0.883600 0.640072 0.882800 0.636473 0.878800 0.636473 0.875200 0.640072 0.870400 0.644871 0.869200
0 0.559088 0.894000 0.559688 0.901200 0.556689 0.907200 0.554289 0.910000 0.550090 0.912400 0.537492 0.913200 0.532093 0.912000 0.523095 0.913200 0.505099 0.912000 0.490102 0.912800 0.479304 0.910800 0.472705 0.911200 0.466107 0.910000 0.458908 0.906400 0.457108 0.904800 0.455909 0.900800 0.457708 0.890800 0.461907 0.886400 0.466107 0.885200 0.479304 0.885600 0.486503 0.884000 0.490702 0.884400 0.493701 0.883200 0.497300 0.884400 0.500900 0.883200 0.511098 0.884400 0.514097 0.883600 0.542891 0.883600 0.550690 0.885200 0.556689 0.889600
0 0.446910 0.900000 0.449310 0.900400 0.454109 0.904400 0.454109 0.912000 0.449310 0.915200 0.442711 0.915600 0.436713 0.912800 0.434913 0.907200 0.436113 0.904000 0.441512 0.900400
0 0.362327 0.912800 0.365327 0.916800 0.365327 0.919600 0.362927 0.923600 0.356329 0.926800 0.347930 0.925600 0.344931 0.922400 0.344931 0.917600 0.346731 0.914400 0.353329 0.912400
0 0.285543 0.893600 0.290942 0.892800 0.300540 0.893200 0.314337 0.896000 0.322735 0.902000 0.328734 0.910000 0.331734 0.915600 0.331734 0.924000 0.329934 0.929600 0.324535 0.935200 0.317336 0.938800 0.313737 0.939600 0.295141 0.939200 0.285543 0.940000 0.279544 0.938400 0.275945 0.935600 0.274745 0.932400 0.276545 0.920000 0.275345 0.902800 0.278344 0.897200
0 0.986803 0.921200 0.991002 0.920800 0.999400 0.924000 0.999400 0.936400 0.995801 0.937200 0.990402 0.936800 0.986803 0.935600 0.982603 0.932400 0.980804 0.929200 0.980804 0.925200
0 0.928014 0.920800 0.929814 0.922800 0.929814 0.926400 0.924415 0.932400 0.917216 0.934400 0.910618 0.932800 0.907018 0.930400 0.905819 0.928400 0.907018 0.922800 0.917816 0.919600
0 0.884823 0.978000 0.889022 0.980400 0.890222 0.990000 0.886623 0.994400 0.879424 0.994800 0.871626 0.989600 0.870426 0.982400 0.872825 0.979600
0 0.737252 0.974800 0.743251 0.974000 0.747450 0.974800 0.751050 0.976800 0.752849 0.979600 0.752249 0.984800 0.748050 0.987200 0.742651 0.987200 0.737852 0.986000 0.735453 0.984400 0.734253 0.979200
0 0.719256 0.952400 0.723455 0.954800 0.725255 0.958000 0.725855 0.964000 0.724655 0.967600 0.719256 0.973600 0.704259 0.974400 0.698860 0.972000 0.692261 0.966400 0.688062 0.959600 0.688062 0.955200 0.690462 0.952800 0.694661 0.952000
0 0.752849 0.908000 0.751650 0.912000 0.748050 0.915600 0.744451 0.917600 0.736653 0.919200 0.730054 0.919200 0.722855 0.916000 0.719256 0.911600 0.719856 0.908800 0.722855 0.906800 0.734253 0.906400 0.742051 0.904400 0.748650 0.904800
0 0.665267 0.973600 0.663467 0.977200 0.650870 0.984800 0.644871 0.986400 0.634073 0.984800 0.628674 0.982000 0.626275 0.978400 0.626275 0.973600 0.632873 0.971600 0.639472 0.972800 0.646671 0.972800 0.656869 0.970400 0.662267 0.970400
0 0.620876 0.916400 0.626875 0.918000 0.628074 0.924800 0.626275 0.928800 0.623275 0.931600 0.617876 0.932400 0.611878 0.929600 0.609478 0.921600 0.611278 0.917600
0 0.577084 0.906000 0.584883 0.906000 0.595681 0.908000 0.601080 0.910000 0.607078 0.914800 0.610078 0.926400 0.608878 0.932400 0.603479 0.938400 0.591482 0.944000 0.577684 0.944000 0.566287 0.940800 0.560288 0.936400 0.556089 0.929600 0.555489 0.922000 0.559088 0.914400 0.566287 0.909200
0 0.437312 0.993200 0.437912 1.000000 0.419316 1.000000 0.417516 0.993600 0.419916 0.991200 0.428914 0.990800
0 0.262147 0.848800 0.265747 0.851600 0.265747 0.856800 0.260948 0.862800 0.248950 0.870400 0.241752 0.870800 0.236952 0.870000 0.232153 0.866800 0.228554 0.860400 0.229154 0.856000 0.232753 0.854400 0.248950 0.851200 0.257348 0.848000
0 0.317000 0.852696 0.303065 0.852696 0.291668 0.852136 0.283227 0.851008 0.283647 0.857764 0.293359 0.862268 0.300954 0.863676 0.311931 0.863676 0.317000 0.861144 0.319958 0.857484 0.320378 0.855512
0 0.338332 0.876800 0.339532 0.879600 0.338332 0.887600 0.334133 0.894000 0.331134 0.896000 0.321536 0.898400 0.316737 0.897600 0.313137 0.894800 0.313737 0.890400 0.316737 0.886400 0.332933 0.876800
0 0.386922 0.834800 0.388122 0.838800 0.380324 0.844000 0.368326 0.844000 0.362927 0.840400 0.362927 0.836800 0.365927 0.834800 0.373125 0.834000
0 0.403119 0.823600 0.406119 0.827200 0.409118 0.842000 0.410318 0.860400 0.412117 0.868800 0.410918 0.874400 0.404319 0.880800 0.387522 0.888400 0.383923 0.889200 0.363527 0.900000 0.359928 0.900800 0.347330 0.900800 0.343131 0.898000 0.344331 0.892000 0.356928 0.880800 0.377324 0.858000 0.384523 0.847200 0.385723 0.843200 0.388722 0.840000 0.395921 0.826000 0.398920 0.823600
0 0.436713 0.822800 0.448110 0.826000 0.450510 0.827600 0.451110 0.834800 0.449310 0.838800 0.442711 0.844000 0.437912 0.846400 0.428314 0.847200 0.424115 0.843600 0.420516 0.838400 0.419916 0.830000 0.422315 0.826400 0.427114 0.823600
0 0.445711 0.856000 0.451110 0.859200 0.451110 0.866400 0.434913 0.880800 0.427114 0.881200 0.424115 0.880400 0.416317 0.876000 0.413317 0.870400 0.413917 0.866000 0.416317 0.864800 0.424115 0.865200 0.428314 0.864000 0.438512 0.855600
0 0.529694 0.827200 0.529094 0.837600 0.531494 0.845200 0.530894 0.848400 0.524295 0.854000 0.522495 0.863200 0.518896 0.868000 0.512297 0.870400 0.497900 0.870800 0.488902 0.874000 0.484103 0.876800 0.479904 0.876800 0.469106 0.868800 0.454709 0.864800 0.453509 0.857200 0.457708 0.845200 0.466107 0.836800 0.479904 0.828000 0.490102 0.824400 0.526095 0.824800
0 0.550090 0.841600 0.551290 0.842800 0.550690 0.850000 0.545891 0.856400 0.539292 0.860800 0.532693 0.863200 0.526695 0.863600 0.527294 0.857600 0.539892 0.847600
0 0.551290 0.824400 0.554889 0.826800 0.556089 0.830000 0.555489 0.834800 0.551890 0.840000 0.543491 0.844800 0.536893 0.845200 0.533293 0.844400 0.530894 0.842400 0.529094 0.836000 0.533293 0.828000 0.542291 0.824000 0.546491 0.823600
0 0.580084 0.840800 0.578884 0.845200 0.574085 0.848000 0.568086 0.849600 0.559688 0.847200 0.553089 0.842400 0.553689 0.838800 0.556689 0.837200 0.577684 0.837600
0 0.581884 0.852000 0.587282 0.852000 0.593881 0.858400 0.597480 0.860000 0.603479 0.861200 0.612477 0.860000 0.614277 0.861200 0.614877 0.866400 0.613077 0.870400 0.607078 0.875200 0.600480 0.877200 0.593881 0.877600 0.590282 0.876000 0.577084 0.866000 0.574685 0.863200 0.574685 0.858000 0.575885 0.856000
0 0.577084 0.827200 0.582483 0.826400 0.589082 0.829600 0.595081 0.831200 0.598680 0.831200 0.604079 0.833600 0.603479 0.842400 0.602279 0.844800 0.598680 0.847200 0.594481 0.847200 0.590282 0.845600 0.585483 0.840800 0.581284 0.838800 0.575885 0.832000
0 0.661068 0.811200 0.662867 0.814000 0.662267 0.820000 0.653269 0.831600 0.650870 0.842400 0.651470 0.852000 0.653869 0.856400 0.664667 0.865200 0.664667 0.867200 0.662267 0.868800 0.647870 0.867200 0.644271 0.863200 0.634673 0.856800 0.627474 0.846400 0.626875 0.835200 0.628674 0.832400 0.632873 0.830400 0.639472 0.829200 0.647270 0.824400 0.654469 0.818800 0.656869 0.814400
0 0.690462 0.820400 0.699460 0.823600 0.703059 0.829200 0.703659 0.836000 0.699460 0.843200 0.697060 0.852400 0.694661 0.874800 0.692861 0.877200 0.686863 0.881200 0.677864 0.882000 0.671866 0.880400 0.667066 0.874800 0.666467 0.865600 0.668266 0.849200 0.664667 0.835600 0.665267 0.828000 0.667066 0.824800 0.674865 0.821200 0.679064 0.820400
0 0.751464 0.846700 0.747768 0.840364 0.735453 0.838252 0.725249 0.834968 0.721026 0.832740 0.721026 0.839308 0.724721 0.846116 0.729646 0.850104 0.734043 0.853156 0.738794 0.853976 0.743371 0.854092 0.747420 0.852332 0.751991 0.849284
0 0.827234 0.842000 0.835033 0.842400 0.840432 0.845200 0.841632 0.849600 0.838032 0.854000 0.830834 0.855200 0.827234 0.854400 0.823635 0.852000 0.822435 0.850000 0.823035 0.845200
0 0.828434 0.816800 0.829634 0.819200 0.829034 0.825200 0.821836 0.838400 0.816437 0.843600 0.809238 0.846000 0.796641 0.847600 0.788242 0.850000 0.778644 0.848800 0.775645 0.846000 0.776245 0.841600 0.782243 0.836400 0.785243 0.835200 0.790642 0.835200 0.800840 0.832800 0.803839 0.830000 0.805039 0.824400 0.817036 0.816400 0.824835 0.815600
0 0.849430 0.827200 0.856029 0.826000 0.866227 0.826000 0.875825 0.828800 0.881824 0.833600 0.884823 0.838000 0.884823 0.846000 0.880024 0.852400 0.874025 0.856400 0.870426 0.857200 0.861428 0.856800 0.855429 0.854400 0.848830 0.849200 0.843431 0.840400 0.843431 0.834000 0.846431 0.828800
0 0.937906 0.834136 0.930822 0.834500 0.922645 0.834500 0.917192 0.832864 0.910924 0.829776 0.907378 0.827776 0.900564 0.831232 0.899202 0.834140 0.898110 0.840316 0.898932 0.843588 0.902471 0.844316 0.914463 0.844316 0.921554 0.845588 0.929454 0.846860 0.933545 0.848676 0.937636 0.845768 0.939814 0.841772 0.940090 0.838500
0 0.999400 0.810400 0.999400 0.903600 0.992801 0.903600 0.982603 0.902400 0.972405 0.898400 0.961608 0.892000 0.956209 0.890000 0.949610 0.884000 0.948410 0.879200 0.958608 0.866800 0.960408 0.862800 0.960408 0.858800 0.955609 0.852800 0.953209 0.847600 0.947810 0.842000 0.947210 0.836800 0.954409 0.827600 0.973005 0.815200 0.980204 0.813200 0.983803 0.813200 0.991002 0.810800
0 0.115291 0.826868 0.099598 0.826432 0.081290 0.831664 0.061014 0.834280 0.036821 0.829920 0.013275 0.819456 0.000198 0.815964 0.000198 0.876140 0.000198 0.880940 0.012621 0.883556 0.021122 0.883556 0.031590 0.883556 0.041398 0.883120 0.058398 0.880940 0.079982 0.876140 0.094367 0.873524 0.116599 0.865240 0.123143 0.858264 0.128374 0.855212 0.126413 0.843000 0.127720 0.829048
0 0.152969 0.810400 0.157168 0.804400 0.159568 0.803200 0.164967 0.803200 0.178764 0.808000 0.185963 0.809600 0.192561 0.809600 0.194361 0.814800 0.192561 0.817600 0.189562 0.819200 0.179964 0.819600 0.154769 0.814000
0 0.192561 0.763200 0.193161 0.766400 0.190762 0.769200 0.193161 0.771600 0.190762 0.784000 0.191961 0.796000 0.196161 0.801200 0.206359 0.806400 0.217756 0.814000 0.219556 0.820000 0.224355 0.826000 0.225555 0.829600 0.224355 0.842400 0.221955 0.845200 0.220756 0.849600 0.210558 0.859600 0.196161 0.864800 0.182363 0.868800 0.172165 0.870400 0.169166 0.872000 0.164967 0.872800 0.156569 0.872400 0.146371 0.870000 0.138572 0.865600 0.133173 0.861600 0.128974 0.854000 0.127174 0.848400 0.127174 0.832400 0.131973 0.813200 0.134373 0.809200 0.140972 0.803200 0.142771 0.796800 0.145171 0.794400 0.148170 0.786400 0.160768 0.775200 0.179964 0.765200 0.184763 0.765200 0.187762 0.763600
0 0.311937 0.801200 0.314337 0.803200 0.313137 0.807200 0.305339 0.811200 0.290942 0.815200 0.284943 0.820000 0.280744 0.827200 0.280744 0.842000 0.276545 0.843600 0.271146 0.842400 0.267546 0.839200 0.263347 0.828000 0.263347 0.815600 0.265747 0.810000 0.272945 0.806000 0.305939 0.800800
0 0.332333 0.808000 0.348530 0.812800 0.359928 0.830400 0.361728 0.834800 0.361728 0.842800 0.359328 0.849200 0.349730 0.857200 0.335333 0.863600 0.325735 0.864800 0.323335 0.862400 0.325735 0.859600 0.335333 0.853200 0.338932 0.844000 0.337132 0.828000 0.334733 0.823200 0.329934 0.818800 0.326934 0.811200 0.330534 0.808000
0 0.383323 0.785600 0.392321 0.788000 0.399520 0.792000 0.406719 0.800000 0.407318 0.804800 0.404319 0.814800 0.400720 0.819600 0.388122 0.826800 0.383323 0.828400 0.374925 0.829200 0.368926 0.828000 0.355129 0.820400 0.349730 0.812800 0.349730 0.804400 0.350930 0.799600 0.354529 0.794000 0.362327 0.788400
0 0.484103 0.783200 0.485903 0.784800 0.490102 0.796800 0.489502 0.801600 0.488302 0.802400 0.479904 0.802000 0.476305 0.800400 0.464307 0.798800 0.461907 0.796800 0.466107 0.791600 0.472705 0.790400 0.479904 0.784400
0 0.524043 0.806076 0.514331 0.806360 0.502087 0.809736 0.495333 0.810020 0.485201 0.806924 0.475915 0.804388 0.469160 0.806360 0.467894 0.811988 0.468734 0.815368 0.471272 0.819308 0.474649 0.820436 0.484781 0.821280 0.503779 0.821280 0.519400 0.821000 0.527000 0.820436 0.528266 0.819872 0.531644 0.815088 0.531644 0.811988 0.529532 0.808048
0 0.555741 0.796352 0.526029 0.791264 0.522483 0.793264 0.522483 0.796536 0.540204 0.802712 0.544835 0.803260 0.552465 0.804168
0 0.617150 0.774816 0.603647 0.776520 0.589052 0.774332 0.583941 0.780168 0.592333 0.786008 0.600360 0.788444 0.605837 0.787956 0.621164 0.779440 0.621164 0.777492
0 0.626875 0.760800 0.635273 0.763200 0.643071 0.767200 0.646671 0.767600 0.652669 0.772000 0.656869 0.777600 0.662867 0.791200 0.662867 0.798800 0.661068 0.806800 0.651470 0.820400 0.644871 0.825200 0.636473 0.829200 0.619076 0.832800 0.605879 0.832800 0.595681 0.831200 0.578284 0.825200 0.574685 0.821200 0.561488 0.811600 0.557288 0.798800 0.559088 0.786800 0.563887 0.778800 0.571086 0.772400 0.580684 0.766800 0.596281 0.763600 0.607678 0.760000
0 0.667666 0.807200 0.676065 0.805600 0.686863 0.806000 0.694661 0.807600 0.702459 0.810800 0.713257 0.810400 0.717456 0.812800 0.720456 0.819200 0.720456 0.828800 0.717456 0.839600 0.712657 0.846000 0.709058 0.847200 0.706659 0.845200 0.704859 0.831200 0.699460 0.823200 0.684463 0.816800 0.676065 0.815200 0.669466 0.812800 0.667066 0.810800
0 0.695261 0.789200 0.703659 0.789200 0.721056 0.792400 0.720456 0.797200 0.712057 0.806000 0.709658 0.806800 0.705459 0.806400 0.694661 0.798400 0.691662 0.793200
0 0.739052 0.788000 0.758848 0.788000 0.762447 0.790000 0.763047 0.794000 0.758848 0.798000 0.752849 0.801200 0.743251 0.801200 0.736053 0.797600 0.735453 0.792400
0 0.803239 0.807200 0.802639 0.811200 0.789442 0.815600 0.772645 0.814000 0.764847 0.811200 0.763047 0.808400 0.763047 0.806800 0.764847 0.805600 0.777444 0.804400 0.792441 0.804400 0.796041 0.805600 0.800840 0.805600
0 0.803239 0.788800 0.807438 0.788800 0.820636 0.792000 0.826635 0.796400 0.827234 0.800800 0.826035 0.802400 0.815237 0.806000 0.806839 0.805200 0.802639 0.802400 0.799640 0.796800 0.799640 0.792400
0 0.745051 0.765200 0.754649 0.762400 0.761848 0.762800 0.766047 0.764800 0.769046 0.768800 0.769646 0.772400 0.773845 0.780400 0.778044 0.783600 0.785243 0.786800 0.789442 0.790400 0.790642 0.793200 0.790042 0.795600 0.786443 0.799200 0.779844 0.801200 0.771446 0.800000 0.765447 0.791600 0.746851 0.778800 0.742651 0.771200 0.742651 0.768000
0 0.800840 0.763200 0.800840 0.770000 0.793041 0.774800 0.782243 0.775600 0.771446 0.770400 0.770846 0.764800 0.774445 0.761600 0.777444 0.762000 0.778644 0.763200 0.781044 0.760800 0.785243 0.759200 0.790042 0.759600 0.793641 0.758800 0.798440 0.760400
0 0.847030 0.771200 0.859028 0.770400 0.866227 0.771600 0.869226 0.771200 0.872825 0.772800 0.875225 0.772800 0.883623 0.778000 0.889622 0.788800 0.889022 0.803200 0.883023 0.808800 0.873425 0.812800 0.869826 0.813600 0.857828 0.813600 0.848230 0.811600 0.836233 0.804800 0.829634 0.798000 0.827834 0.791200 0.829634 0.782400 0.837432 0.775200
0 0.875825 0.754000 0.880624 0.754800 0.893221 0.760400 0.911218 0.765600 0.914817 0.768000 0.915417 0.769600 0.912417 0.776000 0.905219 0.781600 0.898620 0.782400 0.886023 0.778400 0.882423 0.774800 0.872225 0.768400 0.869226 0.765600 0.868026 0.761600 0.869226 0.758400
0 0.891422 0.793200 0.895621 0.790000 0.910618 0.785600 0.920816 0.786000 0.925015 0.787200 0.937612 0.788400 0.952609 0.793200 0.958008 0.796800 0.958608 0.801200 0.953809 0.807200 0.942411 0.814000 0.937612 0.815600 0.923215 0.817200 0.914217 0.815200 0.904019 0.811600 0.896221 0.807200 0.892621 0.803600
0 0.971806 0.792800 0.976605 0.792800 0.981404 0.794400 0.985603 0.799200 0.984403 0.804400 0.980804 0.808000 0.972405 0.808000 0.966407 0.803200 0.965207 0.796400 0.968806 0.793600
0 0.025795 0.773200 0.028794 0.775600 0.028794 0.780000 0.022795 0.790400 0.016797 0.794800 0.010798 0.797200 0.002999 0.797600 0.000000 0.796800 0.000000 0.782400 0.008398 0.780000 0.021596 0.773200
0 0.104379 0.789200 0.107978 0.785600 0.111578 0.785200 0.119376 0.789600 0.121776 0.789200 0.126575 0.786000 0.133773 0.786000 0.136773 0.787200 0.137972 0.791200 0.136773 0.793600 0.130174 0.798400 0.125375 0.800400 0.121776 0.800800 0.106179 0.795200 0.104379 0.792800
0 0.125375 0.764000 0.133173 0.765600 0.140372 0.770400 0.143371 0.770400 0.147570 0.772000 0.151770 0.775200 0.151770 0.780000 0.149970 0.782800 0.140972 0.788400 0.132573 0.786400 0.122375 0.786000 0.119976 0.784000 0.115777 0.776400 0.115777 0.771600 0.118176 0.767600
0 0.091782 0.744000 0.100780 0.750400 0.104379 0.755200 0.101979 0.758400 0.080384 0.773200 0.077384 0.774400 0.070186 0.774400 0.060588 0.769600 0.059388 0.766800 0.059988 0.763600 0.065387 0.759600 0.077384 0.754000
0 0.039592 0.685200 0.046791 0.686800 0.050390 0.689200 0.052189 0.692000 0.052789 0.696800 0.050390 0.701600 0.044391 0.706800 0.044391 0.711600 0.049190 0.719200 0.047990 0.724400 0.041392 0.729200 0.036593 0.730800 0.020996 0.728800 0.011398 0.723200 0.008998 0.718000 0.008998 0.708800 0.010798 0.702000 0.014397 0.696800 0.020396 0.692400 0.022195 0.689600 0.028794 0.686800
0 0.070786 0.712400 0.079184 0.712800 0.090582 0.716800 0.096581 0.725600 0.097180 0.728000 0.091782 0.736800 0.088182 0.739200 0.080984 0.740000 0.066587 0.739200 0.059388 0.733200 0.058788 0.724800 0.063587 0.715600
0 0.131973 0.738800 0.131374 0.744000 0.126575 0.748000 0.119976 0.752000 0.110378 0.754400 0.104379 0.754400 0.094181 0.747200 0.091782 0.742400 0.092381 0.738800 0.094781 0.736800 0.109178 0.738000 0.126575 0.736000 0.129574 0.736400
0 0.226755 0.734000 0.222555 0.736800 0.214157 0.738800 0.209358 0.743200 0.202759 0.745600 0.192561 0.747600 0.184763 0.748000 0.175765 0.750800 0.165567 0.751200 0.156569 0.752800 0.143371 0.752000 0.139172 0.748400 0.133773 0.738000 0.133773 0.730800 0.139172 0.727600 0.146970 0.725200 0.165567 0.725200 0.173365 0.722800 0.190162 0.722400 0.199760 0.724800 0.209958 0.726000 0.221356 0.730000 0.223155 0.732400
0 0.257348 0.772000 0.265147 0.772800 0.268746 0.775600 0.269346 0.780000 0.266347 0.783600 0.262147 0.785600 0.254349 0.785200 0.250750 0.782400 0.250150 0.778400 0.251350 0.775600 0.254349 0.772800
0 0.237552 0.765200 0.241152 0.767600 0.242951 0.771600 0.242351 0.774800 0.238752 0.779600 0.223155 0.790000 0.212957 0.802400 0.209958 0.803600 0.202759 0.802800 0.194961 0.798000 0.194361 0.793200 0.197960 0.789600 0.211758 0.781600 0.215957 0.775200 0.216557 0.771600 0.224355 0.764800 0.226755 0.763600 0.231554 0.763600
0 0.211158 0.744000 0.223155 0.748400 0.227954 0.751200 0.229754 0.754800 0.228554 0.759600 0.225555 0.763600 0.220156 0.767200 0.214157 0.769200 0.198560 0.771600 0.196161 0.770000 0.196761 0.762800 0.191961 0.752400 0.191961 0.749600 0.195561 0.747200
0 0.257948 0.749200 0.263947 0.750800 0.280744 0.762000 0.284343 0.766000 0.296940 0.776000 0.298140 0.778800 0.295741 0.781200 0.286743 0.784000 0.278344 0.784000 0.272945 0.781200 0.265747 0.768400 0.262747 0.766000 0.259148 0.760000 0.256749 0.752400
0 0.251949 0.719600 0.255549 0.718000 0.277144 0.719200 0.280144 0.720400 0.281344 0.724400 0.278344 0.727600 0.272945 0.729600 0.260348 0.730800 0.253749 0.728400 0.251350 0.724800
0 0.272945 0.694000 0.283743 0.693200 0.288542 0.694000 0.292741 0.696000 0.292741 0.703600 0.286143 0.709200 0.281943 0.708400 0.270546 0.700800 0.270546 0.696400
0 0.355729 0.692400 0.362327 0.694800 0.364127 0.701600 0.363527 0.703600 0.355129 0.707600 0.349130 0.704400 0.347930 0.698800 0.350930 0.694400
0 0.374325 0.764800 0.376125 0.763600 0.391722 0.763600 0.400720 0.765200 0.439112 0.764800 0.450510 0.767200 0.472705 0.767600 0.476305 0.769200 0.472705 0.779200 0.457708 0.797200 0.450510 0.802400 0.446311 0.803600 0.440312 0.803600 0.419316 0.801600 0.407318 0.798800 0.388122 0.780400 0.380924 0.771600 0.374925 0.767200
0 0.382123 0.709200 0.383923 0.710000 0.384523 0.714000 0.380924 0.726400 0.380924 0.734400 0.385723 0.742000 0.389922 0.744800 0.389322 0.748000 0.400120 0.756400 0.407318 0.757600 0.408518 0.762400 0.405519 0.764800 0.399520 0.764800 0.392321 0.763200 0.384523 0.757600 0.373725 0.745200 0.370726 0.736400 0.370726 0.726400 0.371925 0.721600 0.376725 0.712800 0.379124 0.710000
0 0.416317 0.688000 0.418116 0.688800 0.419916 0.692000 0.422915 0.710800 0.421716 0.712000 0.418116 0.712800 0.402519 0.712400 0.398320 0.710400 0.396521 0.707200 0.400120 0.695200 0.403719 0.689200 0.406719 0.687600
0 0.443311 0.693200 0.449310 0.696000 0.449310 0.703600 0.444511 0.706000 0.437912 0.706000 0.433113 0.703200 0.431913 0.700400 0.432513 0.697200 0.436113 0.694000
0 0.439112 0.713600 0.436113 0.718000 0.421716 0.722800 0.407918 0.722400 0.402519 0.720800 0.401320 0.719200 0.401320 0.716400 0.403119 0.715200 0.420516 0.712400 0.435513 0.712400
0 0.400120 0.721200 0.414517 0.724400 0.417516 0.728400 0.416317 0.738400 0.413317 0.742800 0.407918 0.746800 0.405519 0.747200 0.397720 0.746800 0.392321 0.742800 0.389922 0.738000 0.389922 0.730800 0.391722 0.726800 0.394721 0.723600
0 0.417516 0.740400 0.419316 0.741600 0.421716 0.747200 0.428914 0.746400 0.432513 0.748000 0.434913 0.750800 0.436713 0.749200 0.439112 0.748800 0.442711 0.751600 0.440912 0.753200 0.437912 0.760400 0.431913 0.763200 0.421716 0.763600 0.413317 0.762400 0.409718 0.760800 0.407918 0.756400 0.409718 0.746000 0.413917 0.742000
0 0.468506 0.754800 0.469106 0.758800 0.461907 0.763200 0.457108 0.764400 0.449310 0.764000 0.439712 0.759200 0.440312 0.754400 0.445111 0.752000 0.455909 0.752400 0.459508 0.750800 0.466707 0.753200
0 0.579514 0.730172 0.546976 0.729164 0.486443 0.696876 0.480390 0.695360 0.447858 0.711000 0.434235 0.734208 0.460720 0.749344 0.482663 0.769528 0.489472 0.790212 0.503845 0.792232 0.525033 0.791728 0.543191 0.787184 0.561350 0.778104 0.570432 0.770536 0.583293 0.752372
0 0.549490 0.716000 0.554889 0.712800 0.560288 0.712800 0.563887 0.714400 0.578284 0.714000 0.581284 0.716400 0.581284 0.721600 0.579484 0.724400 0.567486 0.728800 0.562687 0.728800 0.551290 0.724000 0.549490 0.721600
0 0.584283 0.712000 0.595081 0.713200 0.601680 0.715600 0.605279 0.715200 0.609478 0.719200 0.608878 0.724400 0.592081 0.734000 0.588482 0.734800 0.585483 0.732800 0.582483 0.724800 0.581884 0.715200
0 0.612477 0.710000 0.619676 0.718000 0.621476 0.726800 0.620276 0.738400 0.616677 0.746000 0.609478 0.756000 0.602879 0.760000 0.593281 0.763600 0.587882 0.764800 0.583083 0.764400 0.581284 0.762400 0.583083 0.758800 0.590882 0.753200 0.599280 0.751200 0.602279 0.748800 0.606479 0.742400 0.610078 0.730800 0.609478 0.712400
0 0.712615 0.720384 0.620408 0.719076 0.624331 0.724744 0.661608 0.781868 0.665531 0.783612 0.711308 0.729104 0.713923 0.723872
0 0.715657 0.721600 0.717456 0.720000 0.721656 0.718800 0.740852 0.720000 0.743851 0.718400 0.749250 0.718400 0.757648 0.720400 0.769046 0.720800 0.775045 0.719600 0.778644 0.720800 0.784643 0.718800 0.800240 0.720000 0.807438 0.721600 0.812237 0.724000 0.814037 0.727200 0.813437 0.737600 0.810438 0.742400 0.804439 0.743600 0.758248 0.742400 0.739052 0.743200 0.733653 0.742000 0.722855 0.742800 0.719256 0.742000 0.714457 0.737200 0.714457 0.726000
0 0.820636 0.748000 0.826035 0.750800 0.826035 0.756400 0.820636 0.760400 0.813437 0.760800 0.809238 0.757600 0.809238 0.750800 0.814637 0.747600
0 0.987402 0.745200 0.992201 0.749600 0.992201 0.756400 0.988602 0.759200 0.984403 0.760400 0.980204 0.760400 0.973605 0.756000 0.973605 0.751200 0.980204 0.746400 0.984403 0.746400
0 0.350330 0.658000 0.355129 0.659600 0.359328 0.663200 0.363527 0.664800 0.363527 0.668800 0.357528 0.675600 0.352129 0.679600 0.341332 0.679600 0.333533 0.676000 0.331134 0.672400 0.331134 0.667600 0.334133 0.665200 0.346131 0.660800 0.347930 0.658000
0 0.390522 0.675200 0.394121 0.676000 0.396521 0.678000 0.394121 0.688400 0.389922 0.696000 0.386922 0.705200 0.382123 0.705600 0.355129 0.686800 0.354529 0.682400 0.356329 0.680800 0.369526 0.679200 0.372525 0.677600 0.383323 0.678800
0 0.520696 0.688800 0.519496 0.692800 0.509898 0.696800 0.499700 0.696800 0.490102 0.695200 0.487102 0.693200 0.488302 0.689200 0.500900 0.687600 0.506899 0.685600 0.515897 0.686000
0 0.514097 0.654400 0.512897 0.658000 0.509898 0.660400 0.497300 0.664400 0.487102 0.664400 0.476305 0.660800 0.473905 0.658800 0.473905 0.656000 0.475705 0.653200 0.487102 0.648000 0.494301 0.647600 0.496101 0.649200 0.502699 0.651200 0.511098 0.652000
0 0.485903 0.665600 0.488902 0.668000 0.487702 0.674800 0.475105 0.684000 0.469706 0.690800 0.467306 0.691600 0.457708 0.691200 0.448110 0.687200 0.448110 0.682000 0.452909 0.680000 0.458308 0.679200 0.460708 0.677600 0.462507 0.674800 0.463707 0.666000 0.466707 0.663600 0.474505 0.662800
0 0.453509 0.661600 0.452909 0.665200 0.439712 0.672800 0.427714 0.672000 0.422915 0.668400 0.427114 0.664800 0.434913 0.663600 0.444511 0.659600 0.449910 0.659600
0 0.380324 0.652800 0.383923 0.651600 0.403719 0.656800 0.411518 0.660400 0.422315 0.669200 0.425315 0.675200 0.425315 0.680400 0.421716 0.684000 0.413917 0.682800 0.408518 0.678000 0.401919 0.674400 0.399520 0.670800 0.392921 0.666800 0.385723 0.666400 0.375525 0.661200 0.374325 0.657600
0 0.376125 0.643600 0.380924 0.647600 0.381524 0.651600 0.372525 0.659200 0.367126 0.661200 0.361728 0.661600 0.359328 0.658800 0.361728 0.652800 0.371326 0.643600
0 0.323335 0.633600 0.331134 0.634000 0.334733 0.632800 0.344331 0.635600 0.356329 0.642400 0.359928 0.646800 0.359328 0.650000 0.353929 0.650400 0.341931 0.648800 0.337732 0.646000 0.330534 0.643600 0.321536 0.637200
0 0.359928 0.629600 0.359328 0.634000 0.351530 0.633200 0.344331 0.634000 0.335333 0.632800 0.323935 0.633600 0.322135 0.632000 0.322135 0.626800 0.328134 0.624400 0.344931 0.624400 0.350330 0.625600
0 0.493101 0.625600 0.501500 0.633600 0.500900 0.638000 0.494901 0.640000 0.490702 0.639600 0.482303 0.641200 0.473305 0.640800 0.472705 0.636000 0.479304 0.623200 0.487702 0.623200
0 0.551290 0.623200 0.551290 0.627200 0.539292 0.633600 0.527894 0.636800 0.522495 0.640800 0.502099 0.648000 0.497300 0.648000 0.496101 0.647200 0.496101 0.642400 0.508698 0.633200 0.514697 0.631600 0.528494 0.625200 0.538092 0.622800 0.550090 0.622400
0 0.562687 0.640400 0.560888 0.644800 0.555489 0.648000 0.539292 0.647200 0.529694 0.645600 0.526695 0.644400 0.524295 0.640800 0.528494 0.637600 0.534493 0.636400 0.542291 0.633200 0.545291 0.634000 0.550690 0.633200 0.552489 0.634800 0.556689 0.635200
0 0.554289 0.626400 0.556089 0.624800 0.563887 0.625600 0.569286 0.628800 0.571086 0.631200 0.573485 0.631600 0.577084 0.634000 0.589082 0.636400 0.603479 0.640800 0.596881 0.645200 0.590282 0.646800 0.580084 0.646800 0.571086 0.642800 0.563887 0.642400 0.561488 0.637600 0.554289 0.630800
0 0.586683 0.626400 0.588482 0.624000 0.596881 0.622800 0.615477 0.624000 0.622675 0.623600 0.631074 0.626400 0.632873 0.631600 0.631074 0.634800 0.623275 0.639200 0.614877 0.639200 0.601080 0.641200 0.599880 0.640800 0.598680 0.636800 0.594481 0.638000 0.590282 0.634800 0.587282 0.630800
0 0.640672 0.636800 0.642471 0.642400 0.640672 0.648400 0.634673 0.652800 0.628674 0.653200 0.626275 0.652400 0.621476 0.648800 0.620876 0.642800 0.625675 0.638800 0.635873 0.636400
0 0.500900 0.664800 0.512897 0.662000 0.521296 0.662800 0.524295 0.665200 0.525495 0.672000 0.527894 0.676400 0.541092 0.681600 0.541692 0.686000 0.529694 0.690000 0.521896 0.689600 0.514697 0.683600 0.508098 0.681600 0.507498 0.678800 0.500300 0.673200 0.498500 0.667600
0 0.574685 0.686800 0.569286 0.688400 0.565687 0.692000 0.563287 0.696800 0.560888 0.708800 0.562687 0.712400 0.566287 0.714000 0.581284 0.714000 0.585483 0.710400 0.583683 0.694400 0.578884 0.688800
0 0.602879 0.653200 0.604679 0.654800 0.605279 0.658400 0.600480 0.662800 0.593881 0.666400 0.591482 0.669200 0.588482 0.668400 0.583683 0.672000 0.581884 0.675600 0.579484 0.676000 0.575885 0.678400 0.568086 0.686000 0.563887 0.685200 0.560288 0.682400 0.559688 0.676400 0.565687 0.664000 0.578884 0.657200 0.589682 0.653600 0.596281 0.652400
0 0.578884 0.685600 0.580684 0.682800 0.584883 0.681600 0.593881 0.682800 0.619076 0.682800 0.624475 0.683600 0.626875 0.686000 0.624475 0.689200 0.620276 0.691200 0.604079 0.692400 0.593281 0.691600 0.581884 0.688800
0 0.626275 0.692400 0.629874 0.692800 0.631074 0.695200 0.640672 0.701600 0.643071 0.706000 0.641272 0.711600 0.633473 0.716000 0.625675 0.716000 0.619676 0.714000 0.614877 0.710400 0.613077 0.706000 0.610078 0.703600 0.612477 0.699200 0.619076 0.694800 0.622675 0.695200
0 0.640072 0.656400 0.647270 0.662000 0.652669 0.671200 0.653269 0.676800 0.651470 0.681200 0.646671 0.682000 0.625675 0.680400 0.623275 0.681200 0.611278 0.681600 0.608878 0.679200 0.608878 0.675200 0.611878 0.667600 0.614277 0.664800 0.627474 0.656000 0.633473 0.654400
0 0.667666 0.678000 0.673065 0.682000 0.673065 0.688000 0.668266 0.690800 0.660468 0.690800 0.655069 0.686800 0.655669 0.681200 0.661068 0.677600
0 0.695261 0.674000 0.699460 0.674800 0.703659 0.678400 0.708458 0.685600 0.715657 0.690800 0.727054 0.696400 0.731254 0.696000 0.732453 0.699600 0.716857 0.707200 0.711458 0.706800 0.709658 0.704400 0.705459 0.702000 0.704259 0.699600 0.696461 0.694800 0.685663 0.691200 0.681464 0.690800 0.679064 0.688400 0.678464 0.684800 0.680864 0.681600
0 0.674265 0.632400 0.677864 0.634800 0.683863 0.634400 0.689862 0.636000 0.691062 0.638000 0.689262 0.647600 0.689862 0.654800 0.694661 0.661600 0.701260 0.664800 0.699460 0.668800 0.693461 0.672800 0.689262 0.674400 0.685063 0.674400 0.678464 0.676000 0.668266 0.675200 0.657468 0.672400 0.652669 0.669200 0.651470 0.666400 0.652069 0.663600 0.657468 0.661600 0.661068 0.658000 0.661668 0.649200 0.659268 0.644000 0.659268 0.639600 0.662267 0.636800
0 0.724655 0.677600 0.726455 0.675200 0.739652 0.676400 0.745051 0.675600 0.767846 0.679200 0.773245 0.681200 0.775045 0.685600 0.774445 0.687600 0.771446 0.689600 0.744451 0.686400 0.736653 0.684000 0.729454 0.683200 0.725255 0.680400
0 0.786443 0.687600 0.788842 0.694800 0.788242 0.700000 0.782843 0.703200 0.776845 0.704400 0.768446 0.710800 0.764247 0.712000 0.747450 0.711200 0.742051 0.707200 0.739652 0.702800 0.742651 0.699600 0.745051 0.699200 0.753449 0.701200 0.758248 0.701200 0.763047 0.699200 0.775045 0.686800 0.782843 0.686400
0 0.889622 0.729200 0.893221 0.728000 0.901020 0.727600 0.913617 0.730000 0.925615 0.730400 0.931014 0.734000 0.931014 0.738000 0.925015 0.744000 0.919016 0.746000 0.914817 0.746000 0.903419 0.740400 0.896821 0.738800 0.889022 0.732400
0 0.804439 0.716800 0.808038 0.713600 0.811638 0.712800 0.835033 0.712000 0.842231 0.713200 0.878824 0.723200 0.886623 0.727600 0.887222 0.731200 0.883623 0.733200 0.876425 0.732800 0.869226 0.734400 0.853029 0.734800 0.841032 0.733600 0.831434 0.731200 0.821236 0.726400 0.814637 0.724400 0.806239 0.719600
0 0.848230 0.627200 0.849430 0.630000 0.848830 0.633600 0.844031 0.641600 0.841632 0.648800 0.838632 0.652000 0.834433 0.651600 0.828434 0.648800 0.816437 0.640800 0.812837 0.635600 0.812837 0.633200 0.818236 0.630000 0.821836 0.629200 0.839232 0.628000 0.844631 0.626800
0 0.802039 0.637600 0.809238 0.638000 0.817036 0.640800 0.826035 0.646800 0.827834 0.650400 0.826035 0.657600 0.821236 0.663600 0.817636 0.666000 0.807438 0.668800 0.803839 0.667600 0.795441 0.667600 0.790042 0.665600 0.784643 0.662400 0.781644 0.659200 0.779844 0.653200 0.780444 0.647200 0.784043 0.643200 0.792441 0.639600
0 0.792441 0.666800 0.797840 0.669200 0.801440 0.675600 0.802039 0.682800 0.800240 0.685200 0.788842 0.684400 0.785843 0.677600 0.787042 0.671200
0 0.824235 0.695600 0.827234 0.697600 0.829634 0.702800 0.829634 0.707600 0.828434 0.709200 0.809838 0.709600 0.808638 0.708400 0.808638 0.704800 0.810438 0.701600 0.820036 0.695200
0 0.846431 0.671200 0.845231 0.675200 0.837432 0.678800 0.828434 0.680000 0.809838 0.680000 0.806839 0.678800 0.807438 0.675200 0.810438 0.673600 0.812837 0.673600 0.820036 0.668800 0.835033 0.668000 0.843431 0.669200
0 0.849430 0.650800 0.851230 0.648000 0.854829 0.646000 0.874025 0.644400 0.879424 0.645600 0.886623 0.649200 0.890822 0.648800 0.893821 0.649600 0.899220 0.652800 0.900420 0.656000 0.898620 0.658800 0.886623 0.662400 0.869826 0.662400 0.857828 0.658400 0.851830 0.654400
0 0.958608 0.659600 0.959808 0.659600 0.961608 0.669200 0.968206 0.678000 0.968206 0.682400 0.967006 0.682800 0.961608 0.681200 0.958608 0.679200 0.955009 0.669600 0.952009 0.665200 0.957408 0.661600
0 0.959208 0.646400 0.967006 0.653600 0.977804 0.671200 0.979004 0.677600 0.977204 0.688000 0.974805 0.688800 0.972405 0.688400 0.967006 0.682400 0.956809 0.662400 0.955009 0.650000 0.955609 0.648400
0 0.960408 0.681200 0.965807 0.682800 0.973605 0.689600 0.979004 0.698400 0.979604 0.703600 0.977204 0.706000 0.965207 0.710400 0.955609 0.711200 0.951410 0.706800 0.948410 0.697200 0.949010 0.689200 0.952009 0.682800 0.955609 0.681200
0 0.892021 0.713200 0.895021 0.710800 0.898620 0.710400 0.913617 0.712800 0.925015 0.716000 0.934613 0.713600 0.943011 0.713600 0.945411 0.714800 0.946611 0.717200 0.944811 0.719200 0.938812 0.722000 0.934613 0.722400 0.932213 0.723600 0.927414 0.723600 0.926215 0.724400 0.916617 0.724000 0.898020 0.718400 0.893221 0.715200
0 0.949610 0.664400 0.950210 0.672400 0.946611 0.676000 0.937012 0.680800 0.932213 0.685200 0.925615 0.686000 0.922015 0.684800 0.919016 0.682800 0.919616 0.676800 0.923215 0.671200 0.927414 0.667600 0.939412 0.664000
0 0.917816 0.640000 0.920216 0.639200 0.925615 0.640000 0.933413 0.645200 0.941812 0.647200 0.946611 0.650000 0.948410 0.653200 0.948410 0.658400 0.945411 0.660800 0.940012 0.662800 0.937612 0.662800 0.931014 0.657600 0.920816 0.658800 0.916617 0.656800 0.914817 0.653600 0.914817 0.646400
