0 0.173667 0.532365 0.169897 0.532638 0.162926 0.531489 0.154880 0.531979 0.150552 0.530780 0.141887 0.531552 0.120962 0.531274 0.117977 0.532343 0.115262 0.537318 0.115471 0.542979 0.118513 0.560592 0.120641 0.563654 0.122553 0.564225 0.125930 0.563554 0.128129 0.561691 0.155453 0.547548 0.163569 0.542134 0.169425 0.540336 0.172977 0.537571 0.174452 0.533159
0 0.659523 0.591060 0.655124 0.594786 0.651100 0.605249 0.652051 0.607119 0.657897 0.608492 0.666850 0.605287 0.671859 0.604450 0.673718 0.603605 0.675752 0.600667 0.663231 0.592541
0 0.659581 0.609742 0.655470 0.611033 0.653891 0.612615 0.652746 0.619179 0.655609 0.621620 0.662807 0.622090 0.666525 0.620401 0.668454 0.614631 0.667504 0.612761 0.664415 0.610999
0 0.626910 0.605303 0.620156 0.606645 0.617957 0.608508 0.619168 0.617455 0.616959 0.622488 0.613294 0.625593 0.603267 0.630437 0.601574 0.632358 0.603702 0.635420 0.610159 0.639681 0.612969 0.640707 0.623090 0.641864 0.635133 0.640421 0.641670 0.636588 0.644209 0.633707 0.642247 0.631721 0.639962 0.624412 0.643655 0.611797 0.642539 0.608851 0.636919 0.606799
0 0.667987 0.639595 0.665178 0.638569 0.660282 0.639067 0.655841 0.638207 0.645379 0.638069 0.640142 0.639584 0.636590 0.642349 0.642489 0.645138 0.646930 0.645998 0.657393 0.646136 0.667472 0.642707
0 0.825946 0.659056 0.821783 0.658933 0.813955 0.661914 0.813606 0.666103 0.817253 0.669338 0.822934 0.669635 0.828397 0.667441 0.829759 0.663368
0 0.881219 0.647755 0.878750 0.645711 0.871707 0.649487 0.860616 0.652800 0.854595 0.653522 0.849761 0.652264 0.842292 0.647887 0.840443 0.645562 0.836115 0.644363 0.831271 0.646275 0.829384 0.656630 0.836678 0.663102 0.841058 0.665716 0.845500 0.666576 0.857821 0.665870 0.866775 0.662665 0.875284 0.657648 0.880477 0.651546
0 0.792475 0.639728 0.789378 0.641135 0.786951 0.643677 0.786828 0.647187 0.794018 0.650827 0.793328 0.656033 0.794671 0.658301 0.797367 0.659666 0.805692 0.659913 0.808904 0.658166 0.814603 0.652122 0.816462 0.651278 0.817824 0.647205 0.814219 0.648555 0.810450 0.648829 0.805956 0.646554 0.801586 0.640769 0.797877 0.639288
0 0.756222 0.668001 0.754694 0.670998 0.757163 0.673042 0.767512 0.673520 0.774877 0.675066 0.778472 0.676886 0.789153 0.679516 0.792137 0.678448 0.796318 0.672231 0.789871 0.664800 0.786276 0.662979 0.775141 0.661707 0.770246 0.662204 0.763884 0.663944
0 0.776969 0.690809 0.774447 0.687349 0.767362 0.686540 0.758697 0.687311 0.747056 0.685981 0.743452 0.687331 0.743112 0.688349 0.751034 0.691368 0.763573 0.693154 0.776515 0.692166
0 0.703860 0.645457 0.700421 0.647882 0.698832 0.652634 0.708647 0.662564 0.713595 0.663482 0.719389 0.663440 0.720917 0.660443 0.719077 0.654947 0.710212 0.646887 0.705998 0.645348
0 0.699517 0.630161 0.685450 0.631373 0.683591 0.632217 0.681724 0.636232 0.682202 0.645800 0.683266 0.647331 0.692664 0.645939 0.698240 0.643405 0.701925 0.633960 0.701593 0.631808
0 0.701683 0.620543 0.700609 0.622182 0.704020 0.629267 0.720623 0.645610 0.724837 0.647149 0.740134 0.648545 0.744017 0.647932 0.746217 0.646069 0.745266 0.644198 0.728696 0.635610 0.719770 0.629305 0.712633 0.627080 0.708035 0.621974 0.705339 0.620608
0 0.695619 0.616679 0.689379 0.614909 0.684990 0.615464 0.681273 0.617153 0.675129 0.621384 0.673767 0.625457 0.675224 0.627385 0.678767 0.627790 0.684788 0.627069 0.691882 0.624708 0.696560 0.621719 0.697075 0.618607
0 0.807255 0.606534 0.801120 0.607594 0.795482 0.611883 0.788667 0.614980 0.784164 0.615875 0.784433 0.619782 0.789154 0.621378 0.795847 0.621791 0.802828 0.619770 0.807062 0.614968 0.808598 0.608801
0 0.813503 0.605134 0.811469 0.608072 0.819029 0.638886 0.821489 0.644101 0.825198 0.645581 0.830259 0.646160 0.840731 0.643128 0.848393 0.639071 0.849641 0.635338 0.844476 0.631929 0.833824 0.619788 0.828380 0.615643 0.823223 0.609063 0.817159 0.605199
0 0.833610 0.596861 0.830999 0.604667 0.832115 0.607613 0.834585 0.609657 0.838293 0.611138 0.848022 0.611897 0.854838 0.608800 0.856087 0.605067 0.855249 0.602857 0.851881 0.600358 0.844072 0.596999 0.837999 0.596305
0 0.800835 0.589592 0.801270 0.594574 0.805589 0.598944 0.808285 0.600309 0.812840 0.600830 0.819595 0.599487 0.826689 0.597127 0.828383 0.595206 0.828505 0.591697 0.826429 0.590050 0.823506 0.589364 0.815574 0.589514 0.813384 0.588207 0.806412 0.587058 0.803654 0.587447
0 0.773853 0.544578 0.773896 0.549164 0.776530 0.552283 0.783554 0.554848 0.789628 0.555542 0.797167 0.554994 0.804769 0.552692 0.810459 0.549819 0.812100 0.546483 0.808051 0.546020 0.798931 0.548149 0.784368 0.546132 0.779708 0.542781 0.776393 0.541697
0 0.806400 0.552526 0.800659 0.553984 0.792882 0.558381 0.789042 0.563579 0.788692 0.567767 0.790201 0.571111 0.795419 0.575936 0.799240 0.577077 0.810829 0.576992 0.815951 0.575816 0.819390 0.573390 0.822280 0.566321 0.822010 0.562414 0.820387 0.559410 0.815170 0.554585 0.809603 0.553949
0 0.756605 0.575728 0.753053 0.578494 0.752424 0.581945 0.753540 0.584892 0.759822 0.591247 0.758337 0.598829 0.759907 0.600418 0.765981 0.601112 0.773127 0.600167 0.777465 0.598196 0.781750 0.594810 0.783505 0.591135 0.783060 0.589322 0.774465 0.585169 0.768245 0.577058 0.765435 0.576033
0 0.670386 0.550724 0.671039 0.558198 0.675585 0.561888 0.688866 0.559883 0.694949 0.557407 0.695691 0.553616 0.692437 0.550777 0.687882 0.550257 0.683999 0.550870 0.675735 0.548869 0.673597 0.548977
0 0.683718 0.512431 0.678770 0.511514 0.673481 0.511614 0.668472 0.512451 0.664755 0.514140 0.662092 0.520531 0.662310 0.523022 0.664491 0.527499 0.667352 0.529941 0.675956 0.530924 0.685477 0.526022 0.688594 0.518274 0.687870 0.515725
0 0.621285 0.586725 0.660174 0.586867 0.651275 0.590442 0.648159 0.592094 0.624348 0.589084
0 0.651626 0.540828 0.640927 0.544538 0.631912 0.549498 0.627513 0.553224 0.620925 0.555642 0.618725 0.557505 0.616517 0.562538 0.617520 0.565823 0.617004 0.568936 0.618688 0.570185 0.622292 0.568835 0.626166 0.571392 0.630101 0.572194 0.635101 0.574527 0.644646 0.580551 0.649481 0.581808 0.653468 0.584026 0.657796 0.585225 0.662578 0.585067 0.665676 0.583659 0.666811 0.580265 0.659063 0.575152 0.654116 0.574234 0.649797 0.569864 0.646595 0.568441 0.641656 0.564354 0.639135 0.560894 0.640270 0.557500 0.643543 0.553999 0.653466 0.546324 0.654942 0.541912
0 0.613011 0.549452 0.608447 0.552102 0.605793 0.555322 0.604545 0.559055 0.604422 0.562565 0.605652 0.565172 0.604630 0.568226 0.607885 0.571065 0.611820 0.571867 0.616158 0.569896 0.618314 0.563448 0.618115 0.554616 0.616327 0.550536
0 0.558679 0.565794 0.549262 0.573526 0.547611 0.580032 0.549627 0.583434 0.552602 0.585536 0.557829 0.587190 0.567165 0.587552 0.573920 0.586210 0.577131 0.584463 0.580518 0.580622 0.581156 0.574000 0.575092 0.570136 0.566829 0.568134 0.563854 0.566033
0 0.590663 0.555002 0.586613 0.554540 0.575626 0.560683 0.571009 0.561918 0.563583 0.562126 0.561725 0.562971 0.562448 0.565520 0.567335 0.568192 0.579141 0.570599 0.585276 0.569538 0.590233 0.567286 0.592039 0.565026 0.593009 0.560556
0 0.417723 0.426361 0.412932 0.429690 0.411683 0.433423 0.416229 0.437113 0.420784 0.437634 0.426247 0.435439 0.428228 0.431085 0.424416 0.426774
0 0.504091 0.496484 0.503183 0.499199 0.503907 0.501748 0.508226 0.506118 0.510137 0.506688 0.521952 0.505925 0.528541 0.503506 0.530120 0.501925 0.529737 0.498358 0.527660 0.496711 0.522827 0.495454 0.509275 0.493553 0.505785 0.494563
0 0.436464 0.538437 0.431602 0.546691 0.432970 0.559884 0.438736 0.569352 0.445813 0.573332 0.451546 0.575044 0.460883 0.575406 0.480351 0.573755 0.484906 0.574276 0.488387 0.576435 0.492157 0.576162 0.496991 0.577419 0.498675 0.578668 0.516833 0.582505 0.529094 0.583554 0.534836 0.582096 0.545090 0.576573 0.557902 0.561829 0.559327 0.556002 0.557599 0.550167 0.553002 0.545061 0.533641 0.529106 0.532037 0.519762 0.529629 0.515963 0.520075 0.513109 0.499211 0.511077 0.490205 0.512867 0.485867 0.514838 0.480168 0.520881 0.475944 0.522513 0.468798 0.523458 0.457924 0.529262 0.443115 0.534264
0 0.405091 0.552117 0.398834 0.556688 0.397576 0.563591 0.399870 0.567729 0.408299 0.570806 0.414486 0.571161 0.421633 0.570216 0.427210 0.567682 0.429862 0.564462 0.430615 0.557501 0.426802 0.553189 0.411453 0.550378
0 0.416211 0.539294 0.410408 0.542507 0.409717 0.547713 0.412806 0.549476 0.419385 0.550227 0.421636 0.549780 0.424962 0.547694 0.424980 0.541353 0.422904 0.539706
0 0.410932 0.536224 0.409361 0.534635 0.404641 0.533039 0.382859 0.536892 0.380774 0.538415 0.379980 0.540791 0.380703 0.543340 0.384184 0.545500 0.389638 0.546475 0.399037 0.545083 0.409622 0.541712 0.411263 0.538376
0 0.422260 0.529062 0.426909 0.535584 0.430112 0.537007 0.435793 0.537304 0.454041 0.529875 0.479166 0.517596 0.480807 0.514260 0.479629 0.513068 0.464053 0.510935 0.458311 0.512393 0.456740 0.510804 0.451121 0.508753 0.434646 0.506165 0.429245 0.506605 0.423834 0.510215 0.422079 0.513890 0.420760 0.522549
0 0.389407 0.471750 0.384337 0.474342 0.381177 0.477504 0.379981 0.482653 0.387781 0.489182 0.387483 0.494785 0.389778 0.498924 0.399446 0.501438 0.404114 0.501619 0.413181 0.498075 0.413810 0.494623 0.411620 0.493316 0.400041 0.490231 0.396962 0.485298 0.395628 0.479860 0.397155 0.476864 0.395925 0.474257 0.393456 0.472213
0 0.354527 0.530483 0.353278 0.534216 0.355729 0.542600 0.353563 0.552219 0.354339 0.556183 0.357139 0.560379 0.363658 0.562886 0.373779 0.564043 0.376083 0.565011 0.392279 0.566861 0.394643 0.566075 0.391810 0.554123 0.388111 0.549472 0.382657 0.548496 0.379289 0.545997 0.378173 0.543051 0.369237 0.539916 0.368008 0.537309 0.366097 0.536738 0.362956 0.533560 0.360539 0.532932 0.358183 0.530548
0 0.191063 0.537510 0.344609 0.512391 0.351300 0.530044 0.353388 0.543615 0.350603 0.549964 0.329785 0.558698 0.292587 0.566888 0.257387 0.569088 0.234118 0.567317 0.215552 0.559420
0 0.307475 0.521113 0.319402 0.517515 0.333814 0.518666 0.333849 0.519663 0.321287 0.522939 0.313961 0.523839 0.307116 0.523303
0 0.222782 0.537720 0.229924 0.531842 0.242930 0.526133 0.260831 0.523468 0.274214 0.523264 0.282233 0.529138 0.281834 0.530332 0.222972 0.540469
0 0.196688 0.539449 0.208106 0.534059 0.214125 0.533754 0.220298 0.535203 0.221989 0.537876 0.221824 0.540585 0.220871 0.541219 0.197277 0.541003
0 0.205099 0.516813 0.213622 0.516924 0.224903 0.511328 0.237861 0.514817 0.238859 0.516940 0.228449 0.521201 0.225683 0.526910 0.224804 0.530827 0.220949 0.532109 0.215271 0.531175 0.209047 0.529315 0.205574 0.526910 0.203528 0.521510
0 0.202213 0.523999 0.187186 0.526510 0.185431 0.530185 0.186547 0.533132 0.189915 0.535631 0.192332 0.536259 0.198859 0.535596 0.205396 0.531762 0.206644 0.528029
0 0.232022 0.467858 0.226611 0.471468 0.221584 0.478645 0.216992 0.490805 0.216746 0.497824 0.220733 0.500042 0.218813 0.502641 0.221003 0.503948 0.224721 0.502259 0.233150 0.505336 0.253281 0.507989 0.265716 0.506944 0.272758 0.503168 0.272654 0.500337 0.262707 0.497087 0.254723 0.495822 0.240571 0.487862 0.236540 0.481059 0.235877 0.476755 0.236970 0.468776 0.236298 0.467642
0 0.120710 0.521027 0.119760 0.519157 0.117342 0.518528 0.110867 0.520607 0.109287 0.522188 0.105064 0.523820 0.095055 0.522324 0.092184 0.523053 0.086503 0.522756 0.084139 0.523543 0.083509 0.526994 0.086712 0.528417 0.091267 0.528938 0.097515 0.527538 0.104941 0.527329 0.106799 0.526485 0.111128 0.527684 0.118336 0.524984
0 0.139269 0.484389 0.137584 0.483140 0.134207 0.483811 0.128726 0.492346 0.126063 0.498736 0.121159 0.502404 0.105180 0.503044 0.087632 0.502096 0.086394 0.502659 0.086611 0.505150 0.093346 0.510148 0.113984 0.512859 0.118922 0.516947 0.125057 0.515886 0.128486 0.516631 0.134394 0.516249 0.137492 0.514841 0.139918 0.512299 0.141455 0.506133 0.141648 0.497698
0 0.103181 0.513739 0.102229 0.511868 0.099926 0.510900 0.093346 0.510148 0.086819 0.510812 0.077203 0.509713 0.071574 0.510831 0.069655 0.513431 0.070998 0.515698 0.073415 0.516327 0.080430 0.522062 0.086782 0.523492 0.091172 0.522937 0.099226 0.519277 0.101932 0.517472
0 0.100222 0.467595 0.098032 0.466287 0.093084 0.465369 0.083686 0.466762 0.068423 0.473122 0.065244 0.482624 0.067269 0.482856 0.072391 0.481679 0.090299 0.475269 0.098467 0.471270
0 0.845964 0.508070 0.842195 0.508344 0.840222 0.509528 0.834593 0.510647 0.827778 0.513744 0.824391 0.517585 0.825673 0.521607 0.831912 0.523377 0.835062 0.523385 0.841424 0.521645 0.845936 0.517580 0.847525 0.512829
0 0.851124 0.494213 0.849160 0.492227 0.846630 0.491938 0.835765 0.494572 0.830477 0.494673 0.826036 0.493813 0.816122 0.498317 0.814316 0.500577 0.815318 0.503863 0.821155 0.508406 0.829254 0.509332 0.846252 0.505637 0.850031 0.502193
0 0.848691 0.479489 0.835595 0.476230 0.833404 0.474923 0.818902 0.471151 0.816711 0.469844 0.807602 0.468803 0.801188 0.469127 0.778465 0.467940 0.771091 0.469563 0.766929 0.469440 0.763325 0.470790 0.757417 0.471172 0.750942 0.473251 0.746779 0.473127 0.741543 0.474643 0.719124 0.485118 0.706330 0.493522 0.696511 0.504027 0.692950 0.509963 0.690794 0.516411 0.688278 0.530218 0.690204 0.544884 0.695308 0.550048 0.698099 0.557414 0.701580 0.559574 0.707521 0.566948 0.715331 0.570307 0.717180 0.572632 0.728636 0.579227 0.741280 0.583843 0.748479 0.584313 0.750460 0.579959 0.750417 0.575373 0.753141 0.567228 0.754948 0.564968 0.759200 0.553826 0.767283 0.540656 0.778237 0.526757 0.796172 0.510836 0.806374 0.503898 0.811619 0.499212 0.838489 0.486427 0.843891 0.485987 0.847320 0.486731 0.851719 0.483006
0 0.688086 0.480514 0.684543 0.480109 0.679534 0.480946 0.674577 0.483198 0.673215 0.487271 0.668032 0.490202 0.663798 0.495004 0.663283 0.498116 0.661136 0.501394 0.660899 0.505243 0.661737 0.507453 0.666283 0.511144 0.674101 0.511332 0.682374 0.510164 0.684853 0.509038 0.688972 0.504575 0.691842 0.503846 0.695910 0.497969 0.698015 0.490105 0.695276 0.484154
0 0.670031 0.479508 0.664743 0.479608 0.660179 0.482258 0.658869 0.487746 0.660099 0.490353 0.662909 0.491379 0.668930 0.490657 0.673722 0.487329 0.674691 0.482859 0.673233 0.480931
0 0.606712 0.491299 0.601538 0.491060 0.591912 0.493131 0.588815 0.494539 0.585428 0.498380 0.582765 0.504770 0.583489 0.507319 0.588820 0.511804 0.593313 0.514080 0.600006 0.514492 0.604510 0.513598 0.609466 0.511345 0.614659 0.505244 0.615515 0.501114 0.613396 0.494881
0 0.544078 0.480617 0.536590 0.482580 0.527296 0.486803 0.525768 0.489800 0.526213 0.491613 0.533167 0.499102 0.536298 0.505450 0.532902 0.512461 0.532780 0.515971 0.543573 0.518261 0.553251 0.517606 0.560965 0.514964 0.568514 0.511246 0.572014 0.507065 0.573376 0.502992 0.570462 0.499136 0.561641 0.495661 0.559625 0.492260 0.557435 0.490953 0.557497 0.489198 0.554233 0.489530 0.551887 0.483976 0.548633 0.481138
0 0.503300 0.478424 0.496948 0.476993 0.486135 0.481043 0.481396 0.485786 0.472102 0.490009 0.459388 0.490318 0.457231 0.496766 0.457842 0.499655 0.463277 0.506971 0.468163 0.509643 0.473390 0.511298 0.476654 0.510966 0.483512 0.512455 0.487281 0.512181 0.489874 0.510715 0.494797 0.500707 0.508996 0.492816 0.510803 0.490556 0.510533 0.486650
0 0.432218 0.471005 0.424163 0.474665 0.421964 0.476528 0.419982 0.480882 0.420584 0.486941 0.424727 0.493404 0.430843 0.498684 0.431174 0.500836 0.443713 0.502621 0.449621 0.502239 0.454299 0.499250 0.456063 0.492405 0.450784 0.489335 0.438065 0.472378
0 0.428835 0.454410 0.426645 0.453103 0.423381 0.453434 0.420458 0.452748 0.410719 0.455158 0.405535 0.458090 0.396232 0.465483 0.395036 0.470632 0.396772 0.473296 0.402897 0.475406 0.412627 0.476165 0.418762 0.475105 0.421798 0.475452 0.429967 0.471452 0.432899 0.468969 0.434313 0.466311 0.434436 0.462802
0 0.305056 0.442731 0.299820 0.444246 0.297508 0.446449 0.297044 0.450976 0.298317 0.458169 0.302687 0.463954 0.305497 0.464979 0.310165 0.465161 0.320131 0.462071 0.322444 0.459869 0.322680 0.456020 0.319540 0.452842 0.318537 0.449557 0.315449 0.447794 0.313712 0.445129 0.310676 0.444782 0.308712 0.442796
0 0.247960 0.442196 0.245264 0.440831 0.242115 0.440823 0.239305 0.439797 0.237228 0.438150 0.230082 0.439096 0.218781 0.436747 0.212306 0.438826 0.206233 0.438132 0.202288 0.440500 0.200263 0.440269 0.195751 0.444333 0.193150 0.448969 0.191718 0.457967 0.192144 0.466119 0.195791 0.469355 0.199220 0.470099 0.202432 0.468352 0.206622 0.458965 0.213168 0.451962 0.220996 0.448980 0.224652 0.449046 0.233657 0.447256 0.240237 0.448008 0.247384 0.447063 0.249697 0.444861
0 0.122629 0.422588 0.119933 0.421222 0.104524 0.420166 0.096478 0.420656 0.085334 0.422554 0.075346 0.452419 0.081079 0.454132 0.098183 0.453267 0.110399 0.449731 0.116823 0.446236 0.123142 0.439911 0.125691 0.433860 0.125544 0.426444
0 0.856240 0.475771 0.854704 0.481938 0.855801 0.491224 0.861970 0.497919 0.866184 0.499458 0.871245 0.500036 0.880705 0.496889 0.889563 0.487683 0.892959 0.480672 0.892287 0.479538 0.888631 0.479473 0.882384 0.480873 0.877715 0.480692 0.870742 0.479542 0.868274 0.477498
0 0.772255 0.456659 0.764383 0.455055 0.757743 0.456058 0.746878 0.458692 0.746249 0.462144 0.750681 0.466174 0.754782 0.468052 0.759338 0.468573 0.765978 0.467570 0.770315 0.465599 0.772742 0.463057 0.773990 0.459324
0 0.740020 0.457204 0.735238 0.457362 0.727410 0.460343 0.724364 0.463166 0.716082 0.467505 0.713769 0.469707 0.714266 0.472935 0.715836 0.474524 0.722633 0.477767 0.728593 0.478801 0.730844 0.478353 0.737040 0.475538 0.740593 0.472773 0.745847 0.464917 0.744566 0.460894
0 0.730588 0.450841 0.726879 0.449360 0.716303 0.449560 0.711469 0.448303 0.707307 0.448180 0.705613 0.450100 0.704644 0.454570 0.707165 0.458030 0.711545 0.460644 0.716100 0.461165 0.721616 0.460386 0.727925 0.457231 0.729731 0.454971
0 0.761001 0.438460 0.755565 0.431144 0.751072 0.428869 0.742520 0.429301 0.737903 0.430535 0.732058 0.429163 0.728959 0.430570 0.720355 0.429587 0.718392 0.427601 0.715583 0.426575 0.694667 0.423128 0.683575 0.426441 0.680581 0.430679 0.681296 0.436398 0.685336 0.440031 0.688538 0.441454 0.695623 0.442264 0.708285 0.440540 0.713233 0.441458 0.715083 0.443783 0.719193 0.442491 0.720763 0.444080 0.732631 0.444732 0.738250 0.446783 0.745335 0.447593 0.755580 0.445240 0.759019 0.442814
0 0.696172 0.446907 0.692010 0.446784 0.682602 0.451347 0.675001 0.453649 0.666483 0.461837 0.666351 0.468517 0.671611 0.477927 0.675093 0.480086 0.702956 0.473757 0.708760 0.470544 0.711187 0.468003 0.712042 0.463872 0.710419 0.460868 0.702672 0.455754
0 0.646693 0.458166 0.641561 0.462512 0.643567 0.469084 0.647834 0.472038 0.654805 0.473187 0.663191 0.471679 0.665286 0.466985 0.664398 0.463360 0.662041 0.460977 0.654459 0.456939 0.650297 0.456816
0 0.646315 0.471864 0.640076 0.470094 0.626341 0.473458 0.620546 0.473500 0.609795 0.475795 0.604115 0.475498 0.585772 0.476926 0.582064 0.475445 0.567945 0.475241 0.562988 0.477493 0.562331 0.490455 0.567609 0.493525 0.582069 0.492711 0.586624 0.493231 0.603789 0.490612 0.612393 0.491596 0.620779 0.490087 0.642892 0.488386 0.646950 0.485679 0.647971 0.482624
0 0.524991 0.448133 0.517721 0.452588 0.515180 0.455469 0.513085 0.460162 0.513294 0.465824 0.523180 0.470829 0.529759 0.471581 0.537360 0.469279 0.540913 0.466514 0.542667 0.462838 0.536830 0.458295 0.528306 0.449217
0 0.457037 0.409360 0.441495 0.414984 0.434339 0.419099 0.431799 0.421980 0.428909 0.429049 0.429747 0.431259 0.426351 0.438270 0.426446 0.444271 0.431417 0.456115 0.434838 0.460029 0.436555 0.469034 0.442454 0.471822 0.452514 0.474734 0.454302 0.478814 0.456266 0.480800 0.459581 0.481884 0.468185 0.482867 0.474320 0.481806 0.480620 0.481822 0.507089 0.471809 0.509969 0.467910 0.514055 0.455693 0.517049 0.451454 0.520401 0.439857 0.514574 0.432144 0.505814 0.426915 0.498581 0.418689 0.494201 0.416074 0.484481 0.412144 0.463844 0.409434
0 0.435020 0.417063 0.433336 0.415813 0.420177 0.414309 0.411006 0.415023 0.395875 0.414703 0.393003 0.415432 0.391249 0.419107 0.394730 0.421267 0.404852 0.422424 0.416947 0.422397 0.430342 0.420051
0 0.468672 0.393425 0.471586 0.397281 0.484561 0.404049 0.495520 0.407416 0.503112 0.408284 0.506603 0.407273 0.505713 0.403648 0.498462 0.401762 0.485488 0.394994 0.473629 0.391172 0.471491 0.391280
0 0.434839 0.401891 0.433164 0.397471 0.419282 0.393418 0.414666 0.394652 0.411733 0.397136 0.410163 0.395547 0.408644 0.395374 0.406053 0.396839 0.402737 0.395756 0.400372 0.396542 0.384176 0.394691 0.379281 0.395189 0.375572 0.393708 0.367588 0.392443 0.363705 0.393057 0.357509 0.395872 0.354576 0.398356 0.352708 0.402370 0.353205 0.405598 0.355840 0.408718 0.363535 0.412417 0.369330 0.412374 0.377158 0.409393 0.383912 0.408051 0.392289 0.409713 0.397918 0.408594 0.403991 0.409288 0.408877 0.411961 0.414950 0.412655 0.430658 0.408108 0.433704 0.405285
0 0.247529 0.416777 0.243102 0.430013 0.243992 0.433638 0.246801 0.434664 0.268451 0.437490 0.283355 0.438489 0.296906 0.440390 0.300108 0.441813 0.308154 0.441323 0.323224 0.443398 0.327954 0.441824 0.331874 0.428530 0.330654 0.422753 0.301805 0.419456 0.288699 0.419368 0.284763 0.418566 0.283018 0.419071 0.277172 0.417698 0.275488 0.416449 0.268682 0.416376 0.252712 0.413846 0.249955 0.414235
0 0.194250 0.400118 0.192093 0.406566 0.190188 0.423261 0.191191 0.426547 0.189540 0.433053 0.190534 0.439509 0.193623 0.441271 0.208267 0.435193 0.225956 0.426292 0.236768 0.422242 0.240713 0.419874 0.242582 0.415859 0.239998 0.414155 0.228027 0.410672 0.218803 0.409971 0.213638 0.406562 0.201614 0.401664
0 0.841083 0.426823 0.840227 0.430954 0.847285 0.441274 0.851386 0.443152 0.854929 0.443557 0.857799 0.442828 0.860619 0.440683 0.861640 0.437629 0.861309 0.435477 0.858674 0.432357 0.850306 0.427525
0 0.795360 0.365574 0.790682 0.368563 0.789145 0.374729 0.790933 0.378810 0.802712 0.390726 0.817805 0.403726 0.819036 0.406334 0.822290 0.409172 0.823685 0.412855 0.833221 0.422049 0.839791 0.425971 0.851040 0.426904 0.855438 0.423178 0.856407 0.418709 0.854567 0.413213 0.854586 0.406873 0.852528 0.398886 0.846184 0.394285 0.841928 0.388161 0.836142 0.385033 0.828797 0.377147 0.820481 0.373730 0.815533 0.372812 0.802219 0.367062
0 0.776575 0.402890 0.772412 0.402767 0.765038 0.404391 0.757996 0.408167 0.752916 0.413929 0.753517 0.419987 0.755305 0.424067 0.757774 0.426111 0.767390 0.427210 0.773917 0.426547 0.781859 0.423226 0.785524 0.420122 0.788300 0.413392 0.786574 0.407557
0 0.785976 0.381062 0.781927 0.380599 0.777084 0.382512 0.770879 0.388498 0.750649 0.400280 0.749968 0.402316 0.751818 0.404642 0.756207 0.404086 0.762281 0.404780 0.776584 0.399720 0.788470 0.394032 0.790565 0.389338 0.789789 0.385374
0 0.704002 0.385788 0.697020 0.387809 0.690711 0.390964 0.687665 0.393787 0.687036 0.397239 0.693772 0.402237 0.696851 0.407169 0.699713 0.409610 0.699528 0.414874 0.695296 0.419676 0.696412 0.422622 0.701283 0.424553 0.713846 0.423910 0.719589 0.422452 0.728377 0.418171 0.735377 0.409810 0.736006 0.406358 0.734549 0.404430 0.732132 0.403802 0.726966 0.400392 0.724043 0.399706 0.720283 0.396810 0.713390 0.387566 0.710695 0.386200
0 0.694404 0.378349 0.686140 0.376347 0.679954 0.375993 0.673199 0.377335 0.658626 0.378488 0.652597 0.382380 0.648467 0.390012 0.648151 0.401956 0.650366 0.414189 0.654518 0.417482 0.657555 0.417829 0.660374 0.415685 0.661362 0.404875 0.662951 0.400124 0.666905 0.394585 0.677159 0.389063 0.685039 0.387497 0.693880 0.384631 0.696306 0.382090 0.696088 0.379598
0 0.649404 0.377787 0.644404 0.375453 0.632711 0.372708 0.623313 0.374100 0.615484 0.377081 0.607194 0.384590 0.604644 0.390641 0.604852 0.396303 0.608438 0.401293 0.614843 0.404139 0.619397 0.404660 0.622382 0.403592 0.631459 0.396877 0.646391 0.388365 0.649612 0.383448
0 0.525879 0.355918 0.520581 0.359189 0.515039 0.369478 0.513327 0.377739 0.509529 0.387523 0.508541 0.398333 0.510320 0.405584 0.510520 0.414415 0.514366 0.426483 0.517393 0.430000 0.517889 0.433228 0.521920 0.440031 0.530103 0.450127 0.548679 0.465287 0.568966 0.472186 0.572230 0.471854 0.574306 0.473501 0.580720 0.473177 0.585048 0.474376 0.590057 0.473539 0.602151 0.473512 0.605136 0.472444 0.610424 0.472343 0.616672 0.470943 0.628951 0.465652 0.631089 0.465544 0.635426 0.463573 0.644276 0.457537 0.654539 0.448844 0.657656 0.441096 0.657892 0.437247 0.654647 0.431239 0.648583 0.427375 0.645154 0.426630 0.638924 0.421690 0.634204 0.420094 0.623594 0.412539 0.619493 0.410661 0.601816 0.395956 0.595019 0.392713 0.588510 0.387036 0.569306 0.375328 0.556733 0.365787 0.552632 0.363909 0.542590 0.354657 0.538768 0.353515 0.532241 0.354179
0 0.488267 0.367828 0.485728 0.370709 0.484696 0.376934 0.486475 0.384184 0.488718 0.386907 0.491920 0.388330 0.499625 0.388858 0.509032 0.384295 0.510333 0.381978 0.510002 0.379826 0.498650 0.376062 0.494776 0.373505 0.491076 0.368854
0 0.428277 0.357096 0.422089 0.356742 0.412900 0.363796 0.401241 0.368806 0.392855 0.370314 0.390324 0.370024 0.386720 0.371374 0.385471 0.375108 0.388035 0.383152 0.394544 0.388829 0.400948 0.391675 0.409945 0.393056 0.417257 0.393187 0.420129 0.392458 0.423254 0.381540 0.425288 0.378601 0.431040 0.373973 0.439828 0.369692 0.440064 0.365843 0.438328 0.363178
0 0.240510 0.335638 0.233529 0.337659 0.231443 0.339183 0.229915 0.342179 0.240454 0.354659 0.245907 0.355634 0.251763 0.353837 0.253012 0.350104 0.250150 0.347663 0.243598 0.337401
0 0.210014 0.318411 0.201586 0.315334 0.186682 0.314335 0.182685 0.315288 0.170983 0.315713 0.158940 0.317155 0.149996 0.317190 0.141104 0.318640 0.139080 0.318409 0.137343 0.315744 0.136270 0.317383 0.130074 0.320199 0.127822 0.320646 0.123887 0.319844 0.119044 0.321757 0.106218 0.360107 0.107902 0.361357 0.106829 0.362996 0.105197 0.363162 0.094414 0.395403 0.101822 0.401535 0.109972 0.403876 0.118689 0.404519 0.130845 0.402737 0.136927 0.400261 0.142949 0.399540 0.196854 0.375046 0.220182 0.361856 0.226614 0.355191 0.228823 0.350159 0.228893 0.345234 0.227001 0.338323 0.223085 0.331180 0.216245 0.323352
0 0.290267 0.383255 0.288853 0.385912 0.290352 0.392426 0.293721 0.394925 0.298834 0.396918 0.305806 0.398068 0.317281 0.398322 0.322517 0.396806 0.327814 0.393536 0.328556 0.389745 0.327378 0.388553 0.300687 0.378808 0.295905 0.378966
0 0.355997 0.354826 0.350761 0.356342 0.346476 0.359728 0.342967 0.367079 0.343464 0.370307 0.350924 0.377854 0.353733 0.378880 0.363350 0.379979 0.366107 0.379589 0.372417 0.376435 0.377000 0.367445 0.374818 0.362967 0.372742 0.361320 0.374776 0.358382 0.369156 0.356330
0 0.369004 0.331648 0.361847 0.335763 0.351636 0.345871 0.347578 0.348579 0.345317 0.352196 0.346495 0.353388 0.352228 0.355100 0.359148 0.354834 0.377367 0.356916 0.382263 0.356419 0.383407 0.349855 0.380432 0.347753 0.374954 0.335851 0.372712 0.333129
0 0.354293 0.322215 0.350305 0.319997 0.340463 0.319577 0.332242 0.322161 0.315513 0.329763 0.309988 0.333712 0.306148 0.338911 0.305344 0.344457 0.308144 0.348653 0.311853 0.350134 0.324340 0.350504 0.329803 0.348309 0.338259 0.341876 0.350084 0.337942 0.354369 0.334556 0.357145 0.327826 0.356536 0.324938
0 0.326128 0.354584 0.323153 0.352482 0.307236 0.351368 0.302393 0.353281 0.297105 0.353381 0.290743 0.355121 0.282191 0.355553 0.279094 0.356961 0.276397 0.355595 0.273299 0.357003 0.267164 0.358064 0.261247 0.361616 0.252067 0.365500 0.243331 0.371196 0.240730 0.375832 0.240214 0.378944 0.241330 0.381890 0.245257 0.385863 0.251269 0.388311 0.269900 0.384451 0.273844 0.382083 0.280940 0.379722 0.283583 0.379672 0.292877 0.375449 0.295077 0.373586 0.298113 0.373933 0.312312 0.366042 0.317662 0.364187 0.322680 0.360180 0.326180 0.355999
0 0.428010 0.332754 0.419922 0.328658 0.398883 0.328720 0.393534 0.330575 0.391840 0.332496 0.391325 0.335608 0.394518 0.340201 0.397886 0.342700 0.403505 0.344752 0.409186 0.345049 0.417685 0.343201 0.423881 0.340386 0.427547 0.337281
0 0.551458 0.342281 0.544477 0.344302 0.542050 0.346843 0.540801 0.350576 0.542032 0.353184 0.549283 0.355069 0.556378 0.352709 0.558473 0.348015 0.554774 0.343364
0 0.461607 0.328137 0.461039 0.329833 0.457776 0.330165 0.454564 0.331912 0.450540 0.342375 0.450913 0.349113 0.456131 0.353937 0.458827 0.355302 0.466532 0.355831 0.468784 0.355383 0.471210 0.352842 0.473820 0.345036 0.473602 0.342545 0.470812 0.335179 0.465367 0.331033 0.462950 0.330404 0.462619 0.328252
0 0.561651 0.338513 0.559277 0.342470 0.559650 0.349207 0.564310 0.352558 0.569031 0.354155 0.582809 0.355377 0.587085 0.355161 0.591928 0.353248 0.594075 0.349970 0.593744 0.347818 0.587070 0.341065 0.583196 0.338508 0.572288 0.336557 0.565875 0.336881
0 0.884690 0.365564 0.882944 0.366069 0.873973 0.375615 0.869408 0.378264 0.863429 0.383571 0.855602 0.386552 0.842774 0.387201 0.843777 0.390486 0.848096 0.394856 0.854666 0.398778 0.864168 0.400216 0.868052 0.399603 0.874248 0.396787 0.880619 0.391878 0.887060 0.382043 0.890073 0.371465 0.889070 0.368179
0 0.895710 0.367176 0.892386 0.369262 0.890064 0.374635 0.889653 0.380578 0.891720 0.385395 0.894075 0.387778 0.899468 0.390508 0.906326 0.391997 0.912234 0.391615 0.916571 0.389644 0.918997 0.387103 0.921154 0.380654 0.919540 0.374480 0.916173 0.371981 0.902404 0.367589
0 0.862860 0.347566 0.858130 0.349139 0.856428 0.354230 0.862123 0.368623 0.864086 0.370609 0.869767 0.370906 0.877368 0.368603 0.882665 0.365333 0.884141 0.360921 0.880783 0.355252 0.874552 0.350311 0.872022 0.350022 0.868427 0.348202
0 0.825209 0.334454 0.820531 0.337443 0.817144 0.341284 0.815835 0.346772 0.818862 0.350289 0.820257 0.353972 0.817203 0.359966 0.812917 0.363352 0.811555 0.367424 0.812000 0.369237 0.815481 0.371397 0.826213 0.375442 0.829757 0.375847 0.832514 0.375457 0.837192 0.372468 0.846443 0.363660 0.850539 0.348272 0.848533 0.341700 0.842809 0.336818 0.838089 0.335221
0 0.501639 0.891897 0.496176 0.894092 0.493183 0.898330 0.493286 0.901161 0.494744 0.903089 0.497440 0.904454 0.500982 0.904859 0.507231 0.903459 0.510513 0.896787 0.510068 0.894975 0.507599 0.892931
0 0.643449 0.893657 0.640237 0.895404 0.639102 0.898798 0.640384 0.902820 0.642905 0.906279 0.645209 0.907247 0.651788 0.907999 0.655960 0.904953 0.657951 0.897428 0.653797 0.894135
0 0.707972 0.931685 0.706496 0.936097 0.732814 0.939105 0.733391 0.934238 0.727833 0.930432 0.721760 0.929738 0.716637 0.930914 0.710563 0.930220
0 0.494428 0.856895 0.491506 0.856208 0.481435 0.856467 0.473338 0.855542 0.467430 0.855924 0.465737 0.857844 0.465728 0.861014 0.468230 0.870814 0.470803 0.875688 0.472601 0.876599 0.485481 0.877366 0.487959 0.876240 0.495072 0.867539 0.496104 0.861315
0 0.357494 0.823276 0.348768 0.825802 0.342964 0.829015 0.331121 0.839289 0.328747 0.843246 0.330473 0.849081 0.334679 0.853790 0.341414 0.858788 0.346685 0.865028 0.352825 0.881233 0.358714 0.887191 0.370965 0.891410 0.378949 0.892675 0.385869 0.892409 0.395886 0.890735 0.400730 0.888822 0.411831 0.882338 0.422137 0.878231 0.428787 0.874058 0.444321 0.871605 0.450011 0.868732 0.454243 0.863930 0.455946 0.858839 0.454612 0.853402 0.448060 0.843139 0.443122 0.839051 0.436438 0.835469 0.419188 0.828917 0.415707 0.826757 0.404406 0.824409 0.397600 0.824336 0.387086 0.822782 0.381570 0.823561 0.377015 0.823040 0.372626 0.823596 0.366160 0.822504
0 0.305922 0.876930 0.301925 0.877883 0.297919 0.882005 0.296670 0.885738 0.297054 0.889306 0.308694 0.890636 0.309035 0.889618 0.312980 0.887250 0.314847 0.883235 0.314517 0.881083 0.310870 0.877848
0 0.862509 0.160073 0.860101 0.156275 0.849133 0.156078 0.832431 0.154170 0.827029 0.154609 0.822588 0.153749 0.814821 0.154976 0.804358 0.154837 0.801994 0.155624 0.801540 0.156982 0.806852 0.167807 0.809487 0.170927 0.813981 0.173202 0.818928 0.174120 0.845647 0.174355 0.854148 0.172507 0.858494 0.167366
0 0.723909 0.118865 0.720192 0.120554 0.715566 0.124958 0.713864 0.130049 0.715940 0.131696 0.722686 0.133524 0.724256 0.135112 0.728863 0.137048 0.733853 0.142552 0.736497 0.142501 0.741184 0.136342 0.742660 0.131930 0.742049 0.129042 0.737565 0.123596 0.727453 0.119270
0 0.681127 0.110099 0.676851 0.110315 0.670148 0.113073 0.660897 0.121882 0.652388 0.126899 0.651759 0.130351 0.658102 0.134952 0.666200 0.135877 0.677117 0.134658 0.684552 0.131280 0.687234 0.118549 0.684494 0.112598
0 0.561789 0.099280 0.556160 0.100399 0.552608 0.103164 0.549728 0.107063 0.548759 0.111533 0.550267 0.114876 0.553635 0.117375 0.563417 0.119550 0.566908 0.118540 0.568715 0.116280 0.570426 0.108019 0.568307 0.101787 0.565838 0.099743
0 0.462303 0.090377 0.458656 0.087142 0.454721 0.086340 0.442731 0.089198 0.438455 0.089414 0.434851 0.090763 0.429118 0.089051 0.426578 0.091932 0.426167 0.097875 0.430878 0.102642 0.443654 0.100578 0.450791 0.102803 0.456193 0.102364 0.459910 0.100674 0.462450 0.097794 0.463306 0.093663
0 0.394536 0.084042 0.392843 0.085963 0.390852 0.093487 0.395564 0.098254 0.400842 0.101323 0.408487 0.103606 0.421872 0.104431 0.423111 0.103868 0.424639 0.100872 0.408575 0.092341 0.401178 0.083039 0.397635 0.082635
0 0.293287 0.081985 0.287100 0.081630 0.278870 0.087384 0.270650 0.089968 0.262534 0.095383 0.242540 0.103317 0.239102 0.105743 0.237967 0.109136 0.238516 0.113780 0.242267 0.119846 0.251638 0.127964 0.262763 0.132407 0.266925 0.132530 0.273986 0.122414 0.283289 0.115021 0.294835 0.110350 0.303065 0.104596 0.308641 0.102062 0.313764 0.100886 0.313381 0.097318 0.309350 0.090515 0.300311 0.084549
0 0.958502 0.382104 0.951468 0.382709 0.944487 0.384730 0.938920 0.384094 0.935316 0.385444 0.932506 0.384418 0.926031 0.386497 0.913114 0.398410 0.913828 0.404130 0.912021 0.406389 0.910650 0.413632 0.913058 0.417431 0.918895 0.421974 0.925361 0.423065 0.927943 0.424770 0.944314 0.424527 0.952421 0.422282 0.958731 0.419127 0.961043 0.416925 0.963295 0.416477 0.967722 0.403241 0.966037 0.401992 0.965507 0.391008 0.961983 0.384263
1 0.196423 0.395725 0.378783 0.304119 0.388962 0.332054 0.384800 0.357758 0.368865 0.381522 0.337846 0.399989 0.311411 0.410057 0.279481 0.415334 0.267798 0.415781 0.247285 0.413437 0.235984 0.412741 0.231240 0.411011
0 0.460483 0.366062 0.457725 0.366452 0.450683 0.370228 0.444775 0.370610 0.439426 0.372465 0.434966 0.377945 0.435959 0.384401 0.439379 0.388315 0.444771 0.391046 0.455679 0.392997 0.465357 0.392341 0.474817 0.389194 0.479101 0.385808 0.482941 0.380609 0.484303 0.376536 0.483807 0.373308 0.481730 0.371662 0.469139 0.368461 0.465039 0.366583
0 0.831264 0.437329 0.829807 0.435401 0.826099 0.433920 0.818787 0.433789 0.816308 0.434915 0.811063 0.439601 0.801158 0.440935 0.798628 0.440646 0.794082 0.436955 0.790539 0.436551 0.783557 0.438572 0.781070 0.442868 0.786340 0.449108 0.798643 0.454742 0.809890 0.455675 0.817213 0.452636 0.826175 0.446261 0.829675 0.442080
0 0.848032 0.454749 0.848520 0.461147 0.853179 0.464498 0.864314 0.465771 0.875396 0.465628 0.881706 0.462473 0.882727 0.459418 0.880599 0.456356 0.876725 0.453799 0.868182 0.451061 0.856821 0.450468 0.850459 0.452207
1 0.778456 0.348008 0.914891 0.465339 0.871174 0.474028 0.832139 0.471353 0.799298 0.463435 0.769995 0.447592 0.756574 0.424043 0.750565 0.399559 0.757951 0.374818
0 0.185192 0.400492 0.181763 0.399748 0.174275 0.401711 0.162460 0.402475 0.156892 0.401838 0.150715 0.398314 0.146945 0.398587 0.145758 0.400566 0.146080 0.405888 0.148034 0.411044 0.152797 0.417226 0.160266 0.421603 0.168085 0.421792 0.174054 0.419656 0.181612 0.412768 0.185750 0.401965
0 0.906714 0.470968 0.898091 0.476325 0.892723 0.484521 0.891456 0.494594 0.894195 0.500545 0.901148 0.508034 0.907780 0.510202 0.912954 0.510441 0.932877 0.507432 0.942070 0.479942 0.930875 0.480424 0.928685 0.479117 0.922839 0.477744 0.912787 0.471662
0 0.507534 0.473622 0.505779 0.477297 0.508073 0.481435 0.511834 0.484332 0.517060 0.485986 0.525272 0.486572 0.532366 0.484212 0.537725 0.479186 0.537621 0.476356 0.527167 0.473047 0.512770 0.472106
1 0.238657 0.449589 0.233308 0.451444 0.228517 0.454773 0.215277 0.461364 0.206244 0.472664 0.202943 0.485676 0.203492 0.490319 0.207182 0.498140 0.218184 0.506093 0.226552 0.510925 0.231779 0.512579 0.256692 0.515074 0.261587 0.514576 0.266142 0.515097 0.269126 0.514028 0.274528 0.513589 0.281117 0.511171 0.294469 0.504240 0.304340 0.495150 0.307910 0.486044 0.309396 0.478462 0.306893 0.468663 0.296292 0.457938 0.281799 0.450996 0.269487 0.448532 0.267803 0.447282 0.263867 0.446480 0.261503 0.447267 0.254583 0.447533 0.241580 0.450276
0 0.427134 0.497203 0.421289 0.495830 0.415764 0.499779 0.413399 0.500566 0.410476 0.499880 0.406252 0.501511 0.400108 0.505742 0.395265 0.507655 0.391599 0.510759 0.385465 0.511820 0.368290 0.517609 0.359285 0.519399 0.356580 0.521204 0.357189 0.524092 0.361456 0.527046 0.365941 0.532492 0.375268 0.536024 0.380949 0.536321 0.392206 0.534084 0.406283 0.529703 0.418508 0.522996 0.422481 0.511118 0.427675 0.505016 0.428985 0.499528
0 0.581385 0.515183 0.575931 0.514208 0.569630 0.514192 0.566759 0.514921 0.559210 0.518639 0.549978 0.521107 0.545021 0.523360 0.537690 0.529569 0.538972 0.533591 0.542680 0.535072 0.548456 0.541370 0.558332 0.549546 0.561875 0.549951 0.579494 0.545974 0.583770 0.545758 0.588727 0.543506 0.598536 0.536170 0.599951 0.533513 0.591200 0.525114 0.590083 0.522167 0.587335 0.519387
1 0.657467 0.486391 0.619795 0.501342 0.599972 0.536923 0.597442 0.587425 0.620377 0.591375 0.679486 0.587838 0.665532 0.537773
0 0.696074 0.557183 0.693482 0.558649 0.679468 0.561275 0.676648 0.563420 0.675391 0.570323 0.679989 0.575429 0.684089 0.577307 0.689150 0.577885 0.695285 0.576825 0.700242 0.574572 0.704021 0.571128 0.705776 0.567453 0.700341 0.560137 0.697139 0.558714
0 0.376304 0.105566 0.368320 0.104301 0.358765 0.101448 0.340266 0.098629 0.319218 0.101861 0.314043 0.101622 0.308528 0.102401 0.292243 0.111816 0.289084 0.114978 0.290328 0.131681 0.292831 0.141481 0.295187 0.143864 0.301880 0.144276 0.310545 0.143505 0.314481 0.144307 0.320450 0.142170 0.359221 0.137792 0.367039 0.137981 0.372275 0.136465 0.377677 0.136026 0.381457 0.132582 0.380628 0.127202 0.379336 0.126349 0.380420 0.121540 0.378040 0.108231
0 0.492562 0.111453 0.489203 0.105784 0.484657 0.102093 0.481848 0.101067 0.471220 0.099853 0.460923 0.100790 0.454840 0.103266 0.437003 0.104751 0.433688 0.103668 0.424569 0.105797 0.417648 0.106063 0.398284 0.110545 0.388876 0.115107 0.384984 0.118891 0.383168 0.124321 0.383717 0.128964 0.387695 0.134352 0.393201 0.136743 0.402703 0.138181 0.410357 0.137294 0.424826 0.133310 0.436868 0.131867 0.439904 0.132214 0.445873 0.130077 0.448910 0.130424 0.454259 0.128569 0.461800 0.128022 0.465910 0.126729 0.478571 0.125005 0.487752 0.121122 0.490798 0.118298
0 0.517947 0.106250 0.509386 0.109852 0.503356 0.113744 0.501435 0.116343 0.499279 0.122791 0.499610 0.124943 0.503257 0.128179 0.527977 0.139108 0.531633 0.139173 0.532682 0.126609 0.531542 0.112736 0.530146 0.109053 0.526158 0.106836
0 0.564482 0.121081 0.557098 0.125875 0.555055 0.131984 0.565168 0.136311 0.570272 0.141475 0.571554 0.145497 0.575376 0.146639 0.583256 0.145073 0.588440 0.142142 0.591320 0.138243 0.592743 0.132415 0.590676 0.127599 0.580895 0.125424 0.568758 0.120865
0 0.660734 0.158508 0.654896 0.153965 0.651240 0.153899 0.648658 0.152195 0.634548 0.148821 0.613963 0.147525 0.603448 0.145971 0.589608 0.146504 0.584041 0.145867 0.575201 0.148733 0.569229 0.171306 0.573277 0.171769 0.576148 0.171040 0.579795 0.174275 0.592561 0.175382 0.601445 0.177102 0.609883 0.177009 0.624952 0.179083 0.629734 0.178925 0.641952 0.175389 0.654046 0.175361 0.657764 0.173672 0.661003 0.162415
0 0.687641 0.133042 0.684211 0.132298 0.672108 0.135495 0.665529 0.134743 0.658888 0.135746 0.656461 0.138288 0.654418 0.144397 0.655360 0.149437 0.659400 0.153070 0.665298 0.155858 0.669347 0.156321 0.673178 0.154292 0.679889 0.148365 0.692220 0.144488 0.693076 0.140358 0.691959 0.137412
0 0.688659 0.150424 0.684549 0.151716 0.680377 0.154763 0.678570 0.157023 0.677715 0.161153 0.678717 0.164439 0.682416 0.169090 0.686910 0.171365 0.689946 0.171712 0.694336 0.171157 0.697548 0.169410 0.699529 0.165055 0.700229 0.156679 0.697542 0.152144
0 0.906091 0.587526 0.897539 0.587959 0.891911 0.589077 0.884135 0.593474 0.880469 0.596578 0.877476 0.600817 0.876114 0.604890 0.877116 0.608175 0.879533 0.608804 0.898235 0.600018 0.902232 0.599065
0 0.810741 0.530119 0.809999 0.533910 0.814753 0.543262 0.815571 0.551812 0.822402 0.562811 0.820062 0.574524 0.821736 0.578943 0.823865 0.582005 0.837800 0.587474 0.849133 0.597578 0.857117 0.598843 0.868829 0.595248 0.881883 0.593921 0.892024 0.588738 0.897880 0.586940 0.906658 0.585829 0.918122 0.551552 0.913960 0.551428 0.903568 0.546365 0.898000 0.545729 0.892773 0.544074 0.878489 0.542794 0.871125 0.541248 0.867747 0.541919 0.865898 0.539594 0.860671 0.537939 0.853490 0.531129 0.837697 0.526505 0.830725 0.525356 0.815419 0.527130
0 0.075140 0.484460 0.070978 0.484337 0.065515 0.486531 0.063996 0.486358 0.055937 0.510454 0.061959 0.509733 0.071925 0.506643 0.075756 0.504615 0.080651 0.504117 0.083749 0.502709 0.086176 0.500168 0.084893 0.496145
0 0.906495 0.526615 0.900857 0.530904 0.900279 0.535771 0.902863 0.537476 0.912810 0.540726 0.915279 0.542770 0.915042 0.546619 0.916727 0.547869 0.919257 0.548158 0.923911 0.534243 0.922392 0.534070 0.916058 0.526299 0.912123 0.525497
0 0.758257 0.107286 0.750657 0.109589 0.743046 0.115062 0.740436 0.122867 0.752597 0.138351 0.757631 0.148440 0.763293 0.155077 0.769645 0.156508 0.785065 0.154394 0.795599 0.149608 0.803043 0.143059 0.807512 0.134409 0.805899 0.128234 0.798946 0.120745 0.784348 0.110973 0.769454 0.106804
0 0.918782 0.172494 0.915013 0.172768 0.907463 0.176486 0.888719 0.180686 0.866389 0.179896 0.850709 0.174933 0.848623 0.176457 0.847375 0.180190 0.853543 0.186885 0.863481 0.193306 0.871517 0.195986 0.882878 0.196580 0.889633 0.195237 0.909295 0.185152 0.916853 0.178264
0 0.927438 0.174893 0.924846 0.176359 0.921171 0.182633 0.921380 0.188295 0.923787 0.192094 0.928613 0.196521 0.933725 0.198515 0.940925 0.198985 0.948185 0.197701 0.952016 0.195672 0.954163 0.192394 0.954688 0.186111 0.953179 0.182768 0.947342 0.178225 0.940938 0.175379 0.931941 0.173998
0 0.966847 0.317872 0.953844 0.320614 0.945955 0.325350 0.944706 0.329083 0.953178 0.336746 0.955473 0.340884 0.955908 0.345867 0.953576 0.354409 0.958969 0.357140 0.967180 0.357726 0.975453 0.356557 0.984293 0.353692 0.991443 0.332310 0.988128 0.331227 0.985493 0.328107 0.981165 0.326908 0.973312 0.318963
0 0.323983 0.145745 0.319428 0.145225 0.312787 0.146228 0.308450 0.148198 0.303598 0.153282 0.303134 0.157809 0.305646 0.164439 0.309014 0.166938 0.311431 0.167566 0.314695 0.167234 0.317400 0.165430 0.327394 0.152830 0.327971 0.147963
0 0.488245 0.144786 0.486717 0.147782 0.487607 0.151407 0.491359 0.157474 0.496864 0.159865 0.503704 0.167694 0.506514 0.168719 0.512455 0.176093 0.519025 0.180015 0.524749 0.184897 0.531101 0.186328 0.537557 0.190589 0.545036 0.191796 0.565796 0.190998 0.569627 0.188969 0.571669 0.182860 0.566679 0.177357 0.555781 0.172236 0.543000 0.157033 0.537607 0.154303 0.530872 0.149305 0.528455 0.148676 0.525035 0.144762 0.521047 0.142544 0.518125 0.141858 0.514747 0.142529 0.507889 0.141040 0.502312 0.143574 0.499110 0.142151
0 0.709945 0.181045 0.705050 0.181542 0.697955 0.183903 0.696200 0.187578 0.703727 0.210637 0.704905 0.211828 0.707828 0.212515 0.721564 0.209151 0.725962 0.205426 0.725030 0.197215 0.721732 0.189791 0.715286 0.182360
0 0.735572 0.189259 0.732848 0.197404 0.740394 0.214122 0.747068 0.220875 0.751396 0.222074 0.768325 0.223304 0.771423 0.221897 0.787916 0.218144 0.791128 0.216397 0.791416 0.213963 0.789845 0.212374 0.769095 0.210003 0.764435 0.206651 0.756172 0.204650 0.754323 0.202325 0.745676 0.196756 0.739848 0.189043 0.736925 0.188356
0 0.837226 0.226245 0.832681 0.222555 0.828973 0.221074 0.808336 0.218363 0.793143 0.219798 0.790220 0.219112 0.789260 0.220411 0.785036 0.222043 0.778367 0.232556 0.774054 0.245453 0.774272 0.247944 0.776627 0.250327 0.780676 0.250790 0.784281 0.249440 0.796247 0.235656 0.802949 0.232899 0.818874 0.230843 0.834677 0.232296 0.836650 0.231112
0 1.000000 0.216196 1.000000 0.212050 1.000000 0.210453 0.994275 0.210720 0.986167 0.212964 0.981726 0.212104 0.971447 0.206701 0.964982 0.205610 0.953000 0.205298 0.941464 0.206798 0.931106 0.209491 0.899226 0.223113 0.875203 0.224243 0.864967 0.223426 0.849940 0.225937 0.847968 0.227121 0.845324 0.227171 0.833882 0.234672 0.831116 0.238232 0.827650 0.250168 0.829202 0.258097 0.845578 0.275120 0.852313 0.280118 0.862033 0.284048 0.868954 0.283781 0.872941 0.285999 0.883342 0.287892 0.885532 0.289200 0.888796 0.288868 0.897906 0.289909 0.901283 0.289238 0.916022 0.289160 0.934033 0.285581 0.939496 0.283387 0.942760 0.283055 0.950587 0.280074 0.956216 0.278955 0.978470 0.267404 0.988393 0.259729 0.996065 0.252502 0.999626 0.246567 1.000000 0.242444 1.000000 0.234754 1.000000 0.227410 1.000000 0.221525
0 0.213804 0.157819 0.207783 0.158540 0.204231 0.161305 0.202249 0.165659 0.190015 0.213238 0.191576 0.217997 0.195616 0.221630 0.199324 0.223111 0.205512 0.223466 0.207195 0.224715 0.211078 0.224102 0.213661 0.225807 0.217265 0.224457 0.220827 0.218521 0.223892 0.209358 0.223910 0.203018 0.228214 0.193291 0.233112 0.172358 0.231447 0.164768 0.228027 0.160853 0.221902 0.158744
0 0.348978 0.177847 0.346098 0.181746 0.345923 0.183840 0.348898 0.185942 0.358070 0.185229 0.359867 0.186139 0.368078 0.186725 0.376620 0.189463 0.383862 0.194519 0.387552 0.202340 0.389104 0.210269 0.390788 0.211518 0.394837 0.211981 0.396696 0.211136 0.399690 0.206898 0.401647 0.191618 0.400994 0.184144 0.398586 0.180345 0.391510 0.176365 0.384538 0.175216 0.372722 0.175980 0.364232 0.174657 0.360741 0.175668 0.357199 0.175263 0.353822 0.175934
0 0.535302 0.211473 0.535686 0.215040 0.544508 0.218515 0.556096 0.218430 0.560826 0.216856 0.562519 0.214936 0.561062 0.213007 0.556342 0.211411 0.543183 0.209907 0.537781 0.210347
0 0.533202 0.198901 0.532180 0.201955 0.536953 0.204967 0.538803 0.207292 0.546333 0.209915 0.558986 0.211361 0.566175 0.215001 0.571463 0.214901 0.580904 0.218094 0.595809 0.219092 0.602161 0.220523 0.608575 0.220199 0.618811 0.221016 0.623924 0.223010 0.644901 0.224703 0.654806 0.223368 0.665042 0.224186 0.672756 0.221544 0.673498 0.217753 0.671876 0.214748 0.666545 0.210263 0.660254 0.207078 0.647042 0.204159 0.644687 0.201775 0.640525 0.201652 0.638728 0.200742 0.635970 0.201131 0.630237 0.199419 0.621127 0.198378 0.617864 0.198710 0.607689 0.196138 0.593797 0.195255 0.575908 0.195325 0.572025 0.195938 0.565053 0.194789 0.557565 0.196752 0.553517 0.196289
0 0.606977 0.228121 0.598983 0.230026 0.595989 0.234264 0.597262 0.241457 0.602749 0.250188 0.597528 0.265800 0.598139 0.268688 0.599709 0.270277 0.609325 0.271376 0.616926 0.269073 0.618392 0.267832 0.619754 0.263759 0.615009 0.251237 0.619620 0.232737 0.617326 0.228598
0 0.713842 0.252666 0.714400 0.254139 0.718222 0.255280 0.725185 0.259600 0.735918 0.263645 0.744573 0.266043 0.750141 0.266680 0.753858 0.264990 0.754435 0.260124 0.753484 0.258253 0.750282 0.256830 0.738703 0.253745 0.720823 0.250645 0.717673 0.250637
0 0.785510 0.252047 0.782701 0.251021 0.777072 0.252140 0.763214 0.259013 0.758247 0.264435 0.751465 0.275288 0.748368 0.276695 0.743009 0.281721 0.738166 0.283634 0.735966 0.285496 0.733984 0.289851 0.735328 0.292118 0.739263 0.292920 0.748950 0.289094 0.762293 0.285334 0.771464 0.284620 0.781378 0.280116 0.783752 0.276159 0.786854 0.254315
0 0.802207 0.236690 0.797571 0.244264 0.789961 0.249737 0.788826 0.253131 0.798547 0.257060 0.811426 0.257828 0.817674 0.256428 0.824045 0.251518 0.825521 0.247106 0.824963 0.245633 0.819570 0.242902 0.814736 0.241645 0.806483 0.236474
0 0.766571 0.073001 0.755333 0.068898 0.752575 0.069287 0.750385 0.067980 0.743186 0.067510 0.737671 0.068289 0.733334 0.070260 0.723822 0.071991 0.721292 0.071702 0.708568 0.075181 0.685363 0.084862 0.682317 0.087685 0.681688 0.091136 0.683240 0.099066 0.682890 0.103254 0.685856 0.108526 0.686013 0.112772 0.688648 0.115892 0.691457 0.116918 0.711886 0.113967 0.719487 0.111664 0.726799 0.111795 0.748694 0.107603 0.772386 0.104320 0.774533 0.101042 0.771439 0.082014 0.769206 0.076121
0 0.546389 0.036915 0.529182 0.034949 0.528728 0.036306 0.521066 0.040364 0.518526 0.043245 0.516989 0.049411 0.520182 0.054005 0.523497 0.055088 0.526874 0.054417 0.537530 0.046121 0.545420 0.041385
0 0.996928 0.303340 0.993272 0.303274 0.986910 0.305013 0.983472 0.307439 0.980109 0.322206 0.980327 0.324698 0.982404 0.326344 0.994054 0.324505 1.000000 0.304481
0 0.671622 0.070959 0.667076 0.067268 0.664659 0.066640 0.662407 0.067087 0.654859 0.070805 0.643261 0.074060 0.637283 0.079367 0.637160 0.082877 0.644350 0.086517 0.652220 0.088121 0.654420 0.086258 0.656629 0.081226 0.659168 0.078345
0 0.489745 0.055459 0.481420 0.055212 0.476804 0.056447 0.472745 0.059154 0.470598 0.062432 0.468493 0.070296 0.470623 0.073358 0.477201 0.074110 0.483616 0.073786 0.489079 0.071591 0.493311 0.066790 0.494848 0.060623
0 0.312312 0.020383 0.307469 0.022296 0.305269 0.024159 0.303061 0.029192 0.303558 0.032420 0.306079 0.035879 0.309953 0.038436 0.317317 0.039982 0.321820 0.039087 0.326384 0.036438 0.329151 0.032878 0.330007 0.028748 0.327713 0.024609 0.324738 0.022508 0.320183 0.021987 0.317487 0.020622
0 0.503775 0.066928 0.502299 0.071340 0.502847 0.075984 0.510359 0.084946 0.517549 0.088587 0.537051 0.094691 0.558927 0.096839 0.561292 0.096052 0.564329 0.096399 0.566641 0.094197 0.571868 0.095851 0.588579 0.094590 0.609689 0.089603 0.616504 0.086506 0.622989 0.081257 0.625529 0.078376 0.627572 0.072267 0.626238 0.066829 0.620741 0.061268 0.611134 0.056999 0.595813 0.044678 0.595482 0.042526 0.550944 0.037436 0.550490 0.038793 0.539616 0.044598 0.534371 0.049284 0.526988 0.054078 0.522878 0.055370 0.516805 0.054676 0.515845 0.055975 0.513820 0.055744 0.513811 0.058914 0.509980 0.060943
0 0.672453 0.055903 0.672610 0.060149 0.676536 0.064121 0.680784 0.073415 0.687965 0.080226 0.690268 0.081194 0.694038 0.080920 0.721126 0.070626 0.721868 0.066835 0.716485 0.060935 0.714976 0.057591 0.715430 0.056234 0.679496 0.052127 0.679042 0.053485 0.674653 0.054040
0 0.499185 0.212631 0.496758 0.215172 0.495283 0.219584 0.496058 0.223549 0.505193 0.235516 0.511196 0.241135 0.515411 0.242673 0.521937 0.242010 0.534382 0.237794 0.541032 0.233621 0.542280 0.229888 0.541670 0.227000 0.539593 0.225353 0.532394 0.224882 0.527560 0.223625 0.522675 0.220953 0.514411 0.218951 0.507117 0.212480 0.502056 0.211902
0 0.596032 0.238850 0.593624 0.235051 0.591321 0.234083 0.584741 0.233331 0.578266 0.235410 0.571739 0.236073 0.567629 0.237366 0.555927 0.237790 0.552436 0.238800 0.544896 0.239348 0.538814 0.241824 0.538071 0.245615 0.539581 0.248959 0.543899 0.253328 0.549684 0.256456 0.562337 0.257902 0.565321 0.256834 0.567852 0.257123 0.576125 0.255954 0.585078 0.252749 0.594495 0.245016 0.596023 0.242020
0 0.653354 0.238706 0.649069 0.242092 0.647594 0.246504 0.650839 0.252513 0.661056 0.259670 0.670734 0.259014 0.673831 0.257607 0.676372 0.254726 0.678301 0.248956 0.676120 0.244479 0.673651 0.242435 0.668032 0.240383 0.660667 0.238837
0 0.709659 0.221180 0.708429 0.218573 0.702479 0.214370 0.695114 0.212823 0.678063 0.215103 0.675357 0.216908 0.674563 0.219284 0.675793 0.221891 0.679893 0.223769 0.694963 0.225843 0.706272 0.225022 0.709092 0.222877
0 0.507144 0.202970 0.506123 0.206024 0.507126 0.209310 0.515049 0.212330 0.523147 0.213255 0.533331 0.212657 0.537502 0.209610 0.538069 0.207913 0.535828 0.205191 0.528751 0.201211 0.520767 0.199946 0.514126 0.200949 0.510583 0.200544
0 0.660027 0.111916 0.657278 0.109136 0.633368 0.109927 0.624145 0.109225 0.599520 0.104297 0.597382 0.104405 0.594492 0.111474 0.596385 0.118385 0.602255 0.130684 0.607866 0.135905 0.612813 0.136823 0.631496 0.134378 0.642928 0.130046 0.646759 0.128018 0.658778 0.115650
0 0.482695 0.195947 0.482572 0.199457 0.490259 0.206325 0.493915 0.206391 0.504666 0.204096 0.507258 0.202630 0.509292 0.199692 0.503848 0.195546 0.495811 0.192866 0.489118 0.192453
0 0.329841 0.181650 0.326402 0.184076 0.323739 0.190466 0.325239 0.196980 0.332708 0.201357 0.340806 0.202283 0.346941 0.201222 0.350039 0.199814 0.353085 0.196991 0.353321 0.193142 0.345242 0.185877 0.337485 0.183933 0.333497 0.181716
0 0.260007 0.170498 0.255443 0.173148 0.252903 0.176029 0.251655 0.179762 0.252856 0.191879 0.260988 0.200560 0.267288 0.200576 0.279827 0.202361 0.282585 0.201972 0.286259 0.195697 0.292857 0.190108 0.292990 0.183429 0.297345 0.175118 0.292460 0.172445 0.278969 0.168789 0.271657 0.168658
0 0.621784 0.185416 0.624026 0.188139 0.636225 0.190942 0.642114 0.196901 0.647733 0.198952 0.652794 0.199531 0.657803 0.198694 0.661128 0.196607 0.671601 0.193576 0.673686 0.192052 0.681566 0.190486 0.683940 0.186529 0.683382 0.185056 0.680572 0.184030 0.669944 0.182816 0.660791 0.177189 0.649770 0.175577 0.643522 0.176977 0.638740 0.177136 0.636035 0.178941 0.626916 0.181070 0.622352 0.183719
0 0.492702 0.159741 0.489552 0.159734 0.479298 0.165257 0.471574 0.171069 0.465534 0.178130 0.463945 0.182882 0.467199 0.185720 0.476806 0.189989 0.480968 0.190112 0.485027 0.187405 0.501112 0.169159 0.501793 0.167123 0.500563 0.164516
0 0.422055 0.157305 0.419690 0.158092 0.416644 0.160915 0.415107 0.167082 0.416554 0.172180 0.422661 0.180630 0.429965 0.183931 0.436265 0.183947 0.441562 0.180676 0.443710 0.177398 0.445360 0.170892 0.444192 0.166530 0.440772 0.162616 0.430597 0.160043 0.428242 0.157660
0 0.411157 0.152184 0.405093 0.148320 0.397222 0.146716 0.385355 0.146064 0.376690 0.146836 0.363459 0.150257 0.347813 0.153049 0.338798 0.158009 0.332819 0.163316 0.329538 0.169988 0.330261 0.172537 0.337503 0.177593 0.345993 0.178915 0.355287 0.174692 0.362165 0.169841 0.369260 0.167480 0.379164 0.166146 0.382594 0.166890 0.389120 0.166226 0.395700 0.166978 0.401215 0.166199 0.406285 0.163607 0.409951 0.160503 0.411592 0.157167
0 0.237699 0.142932 0.235718 0.147286 0.239748 0.154089 0.247330 0.158127 0.254581 0.160012 0.260262 0.160309 0.267017 0.158967 0.270630 0.154447 0.271485 0.150316 0.270989 0.147089 0.266670 0.142719 0.251548 0.139229 0.244401 0.140174
0 0.895565 0.205781 0.892826 0.199831 0.888952 0.197274 0.876578 0.196564 0.873087 0.197575 0.864579 0.202592 0.863330 0.206326 0.866584 0.209164 0.874786 0.212920 0.880859 0.213614 0.886488 0.212496 0.893191 0.209738
0 0.786410 0.194364 0.784883 0.197361 0.786497 0.203535 0.792220 0.208417 0.797168 0.209335 0.802796 0.208217 0.806732 0.209019 0.808477 0.208513 0.815449 0.209663 0.824157 0.213476 0.829932 0.219774 0.838579 0.225343 0.843134 0.225864 0.852419 0.224810 0.858109 0.221937 0.860266 0.215489 0.858198 0.210672 0.851245 0.203183 0.841307 0.196762 0.832537 0.194702 0.830460 0.193056 0.821526 0.189920 0.812416 0.188879 0.799702 0.189188 0.792441 0.190473
0 0.794233 0.174117 0.789068 0.170708 0.783160 0.171089 0.776292 0.172771 0.772583 0.171290 0.771396 0.173269 0.763289 0.175513 0.752302 0.181657 0.751167 0.185051 0.753069 0.188792 0.756829 0.191688 0.764700 0.193292 0.777982 0.191287 0.784457 0.189208 0.793699 0.183569 0.795453 0.179894
1 0.097578 0.464988 0.177652 0.432494 0.188921 0.443895 0.195099 0.507669 0.197529 0.521632 0.163889 0.526709 0.133683 0.526826 0.079323 0.535490 0.043779 0.546808 0.066940 0.477554
0 0.854611 0.609479 0.849934 0.612468 0.845866 0.618346 0.843709 0.624794 0.844145 0.629777 0.849589 0.633922 0.857512 0.636942 0.871116 0.640258 0.883253 0.644817 0.886796 0.645221 0.898259 0.610944 0.887683 0.611145 0.885214 0.609101 0.878687 0.609764 0.872840 0.608391 0.861759 0.608534
0 0.743990 0.157804 0.737567 0.161298 0.734573 0.165537 0.734058 0.168649 0.738708 0.175171 0.745112 0.178017 0.749554 0.178877 0.756370 0.175780 0.757959 0.171028 0.758091 0.164349 0.756023 0.159532 0.753834 0.158224
0 0.477635 0.137231 0.466179 0.130636 0.457575 0.129653 0.452452 0.130829 0.440794 0.135839 0.438367 0.138381 0.437791 0.143248 0.441150 0.148917 0.445137 0.151134 0.452615 0.152341 0.461280 0.151570 0.475976 0.146907 0.478681 0.145102 0.479930 0.141369
0 0.326822 0.079123 0.322372 0.081433 0.320451 0.084032 0.319089 0.088105 0.320031 0.093145 0.325196 0.096554 0.335432 0.097372 0.340162 0.095798 0.344953 0.092470 0.346315 0.088397 0.345477 0.086187 0.340880 0.081081 0.336159 0.079485
0 0.497906 0.092332 0.489851 0.095992 0.487695 0.102440 0.494647 0.109930 0.499368 0.111526 0.504543 0.111765 0.517554 0.105853 0.518297 0.102062 0.517181 0.099115 0.514040 0.095937 0.507356 0.092355
0 0.804336 0.777092 0.800784 0.779857 0.801333 0.784500 0.806437 0.789664 0.813244 0.789737 0.815215 0.788553 0.817476 0.784936 0.816142 0.779498 0.812268 0.776941 0.807713 0.776421
0 0.846048 0.671220 0.845481 0.672917 0.846659 0.674108 0.851659 0.676441 0.863858 0.679245 0.875105 0.680178 0.878170 0.671015 0.869339 0.670710 0.865631 0.669229 0.862367 0.669561 0.858432 0.668759 0.853144 0.668859
0 0.817218 0.124243 0.815071 0.127521 0.815165 0.133522 0.817469 0.134490 0.824781 0.134621 0.826579 0.135531 0.828428 0.137856 0.827904 0.144139 0.830207 0.145107 0.834989 0.144948 0.845627 0.142993 0.848342 0.138018 0.849198 0.133887 0.847234 0.131901 0.841048 0.131547 0.833125 0.128527 0.828527 0.123421 0.826224 0.122453
0 0.124037 0.806462 0.121383 0.809682 0.125021 0.816088 0.127490 0.818132 0.133398 0.817750 0.139595 0.814934 0.141907 0.812732 0.142309 0.809959 0.138548 0.807063 0.129439 0.806022
0 0.803310 0.263242 0.790062 0.273004 0.786789 0.276506 0.786666 0.280015 0.793515 0.284674 0.803515 0.289340 0.805478 0.291326 0.831314 0.305202 0.839061 0.310315 0.846757 0.314014 0.850021 0.313682 0.858757 0.307986 0.868628 0.298895 0.863595 0.288807 0.857984 0.283585 0.831477 0.268576 0.811914 0.264226 0.809218 0.262861 0.806181 0.262514
0 0.952272 0.281323 0.947036 0.282839 0.943711 0.284925 0.940533 0.294428 0.943220 0.298963 0.954860 0.300294 0.962181 0.297254 0.964608 0.294713 0.965743 0.291319 0.964853 0.287694 0.961155 0.283043 0.958851 0.282075
0 0.227462 0.200253 0.226214 0.203986 0.227330 0.206932 0.226928 0.209705 0.230008 0.214638 0.232624 0.224098 0.234866 0.226821 0.242984 0.259108 0.242502 0.269976 0.244622 0.276208 0.247204 0.277912 0.256149 0.277878 0.275958 0.275208 0.282650 0.275621 0.289353 0.272863 0.295261 0.272481 0.298070 0.273507 0.300889 0.271363 0.305444 0.271883 0.316361 0.270665 0.338918 0.270776 0.351693 0.268712 0.373797 0.270181 0.379704 0.269799 0.384145 0.270659 0.387637 0.269649 0.393203 0.270285 0.395001 0.271195 0.413954 0.272656 0.423736 0.274831 0.435882 0.276220 0.443422 0.275672 0.445621 0.273809 0.452578 0.260862 0.454848 0.254075 0.459195 0.248934 0.460443 0.245200 0.463829 0.241359 0.469032 0.232088 0.468762 0.228181 0.466459 0.227213 0.456109 0.226735 0.452619 0.227746 0.444687 0.227896 0.437714 0.226747 0.428780 0.223612 0.420176 0.222629 0.385638 0.222205 0.363762 0.220057 0.356841 0.220324 0.325070 0.216340 0.323779 0.215488 0.320122 0.215423 0.318439 0.214173 0.307356 0.214316 0.289198 0.210479 0.286047 0.210471 0.283465 0.208767 0.264853 0.206287 0.262662 0.204980 0.260132 0.204691 0.257271 0.202250 0.252209 0.201671 0.241755 0.198362 0.231407 0.197885
0 0.219342 0.226103 0.212588 0.227446 0.209551 0.227099 0.205833 0.228788 0.201548 0.232174 0.193494 0.235834 0.174049 0.248411 0.163908 0.253594 0.153933 0.259854 0.148461 0.265219 0.144123 0.267189 0.137640 0.272438 0.135388 0.272886 0.129486 0.290534 0.135549 0.294398 0.142295 0.296226 0.145829 0.299801 0.149598 0.299527 0.154049 0.297217 0.165665 0.287621 0.171469 0.284409 0.183085 0.274813 0.189622 0.270979 0.196674 0.264034 0.205915 0.258395 0.214093 0.251226 0.221755 0.247168 0.227000 0.242482 0.229436 0.236771 0.228992 0.234958
0 0.218430 0.249255 0.214373 0.251962 0.213465 0.254677 0.215706 0.257400 0.228506 0.266262 0.232101 0.268082 0.235251 0.268090 0.237285 0.265151 0.236963 0.259829 0.239006 0.253720 0.238736 0.249813 0.237166 0.248225 0.231712 0.247249
0 0.498748 0.265786 0.495938 0.264760 0.488739 0.264290 0.481984 0.265632 0.475789 0.268448 0.470203 0.274152 0.469006 0.279300 0.470908 0.283041 0.477819 0.285945 0.483499 0.286242 0.490873 0.284618 0.497183 0.281463 0.499722 0.278582 0.501993 0.271795 0.501610 0.268227
0 0.480697 0.244344 0.475792 0.248012 0.473976 0.253442 0.475930 0.258598 0.480755 0.263025 0.495711 0.265439 0.500318 0.267375 0.508643 0.267622 0.511514 0.266893 0.512536 0.263838 0.504613 0.260819 0.500346 0.257865 0.491037 0.247992 0.490881 0.243746 0.489702 0.242554 0.486160 0.242149
0 0.531436 0.263884 0.529299 0.263992 0.525240 0.266700 0.524427 0.275416 0.518222 0.281401 0.507121 0.287884 0.504974 0.291162 0.506597 0.294167 0.516421 0.300927 0.523672 0.302813 0.531604 0.302662 0.536334 0.301089 0.544606 0.299920 0.547085 0.298794 0.548220 0.295400 0.546371 0.293075 0.544034 0.284351 0.545116 0.279542 0.549969 0.274459 0.551724 0.270783 0.549368 0.268400 0.542849 0.265893
0 0.591253 0.276710 0.583992 0.277994 0.579148 0.279907 0.574575 0.285727 0.572759 0.291157 0.573421 0.295461 0.576955 0.299036 0.587749 0.301327 0.591519 0.301053 0.600813 0.296830 0.603239 0.294288 0.605282 0.288179 0.604227 0.283478 0.600414 0.279167 0.597718 0.277801
0 0.685803 0.261089 0.681806 0.262042 0.677687 0.266504 0.662755 0.275016 0.655268 0.276979 0.653626 0.280315 0.666374 0.287762 0.669524 0.287769 0.674254 0.286196 0.678932 0.283207 0.683784 0.278124 0.688542 0.267040 0.688046 0.263812
0 0.632038 0.275734 0.623809 0.281488 0.621600 0.286521 0.622480 0.293316 0.626780 0.304026 0.625130 0.310532 0.619090 0.317593 0.618296 0.319969 0.619133 0.322179 0.624866 0.323891 0.628853 0.326108 0.633914 0.326687 0.647981 0.325476 0.660634 0.326922 0.673296 0.325197 0.677406 0.323905 0.681238 0.321877 0.690725 0.309219 0.691127 0.306446 0.688241 0.293079 0.686051 0.291772 0.672892 0.290268 0.664742 0.287927 0.659525 0.283103 0.644980 0.274746 0.638287 0.274333
0 0.476944 0.296416 0.473775 0.302748 0.475739 0.304734 0.484395 0.307133 0.487536 0.310311 0.487124 0.316254 0.488581 0.318182 0.493416 0.319439 0.501627 0.320025 0.512212 0.316654 0.514586 0.312697 0.513356 0.310091 0.512065 0.309238 0.499246 0.306716 0.493968 0.303647 0.490435 0.300072 0.489214 0.294294 0.483533 0.293998
0 0.371527 0.276969 0.365496 0.280860 0.360138 0.285886 0.358496 0.289222 0.361017 0.292681 0.370397 0.297629 0.374332 0.298431 0.376348 0.301832 0.381069 0.303429 0.386286 0.308253 0.391513 0.309908 0.409199 0.321443 0.412741 0.321847 0.419311 0.325769 0.423701 0.325214 0.436216 0.316074 0.438084 0.312059 0.437639 0.310246 0.407598 0.291662 0.404282 0.290578 0.381875 0.277447 0.376257 0.275395
0 0.341553 0.273896 0.333787 0.275122 0.325504 0.279461 0.320807 0.288790 0.317175 0.299651 0.317157 0.305991 0.318552 0.309674 0.323098 0.313365 0.330856 0.315308 0.338901 0.314818 0.344478 0.312284 0.346904 0.309743 0.348153 0.306010 0.346530 0.303005 0.346662 0.296326 0.350389 0.291466 0.353828 0.289041 0.355469 0.285705 0.354981 0.279306 0.351840 0.276129 0.347120 0.274532
0 0.293340 0.275081 0.285119 0.277665 0.274577 0.285621 0.272926 0.292127 0.277865 0.296215 0.282080 0.297754 0.289558 0.298961 0.293162 0.297611 0.300450 0.286816 0.303339 0.279747 0.300312 0.276230
0 0.689866 0.583605 0.688886 0.591245 0.689881 0.597701 0.694128 0.606995 0.701588 0.614542 0.716639 0.622957 0.729832 0.632216 0.736576 0.634044 0.740337 0.636940 0.745904 0.637577 0.750284 0.640191 0.755231 0.641109 0.766470 0.645212 0.770520 0.645675 0.776767 0.644275 0.783810 0.640499 0.789832 0.639778 0.792423 0.638312 0.797162 0.633569 0.796212 0.631698 0.786997 0.627826 0.781440 0.624020 0.779528 0.623449 0.775645 0.624063 0.771771 0.621506 0.768229 0.621101 0.759974 0.615929 0.754242 0.614217 0.740595 0.606315 0.733178 0.603353 0.720318 0.596246 0.716888 0.595502 0.711836 0.591753 0.703459 0.590091 0.695659 0.583562 0.692230 0.582818
0 0.706098 0.668615 0.711761 0.675252 0.721140 0.680200 0.736726 0.679163 0.746072 0.676355 0.747155 0.671546 0.743281 0.668989 0.736702 0.668237 0.729668 0.668842 0.720671 0.667462 0.716395 0.667678 0.707853 0.664940
1 0.086055 0.536397 0.064940 0.575763 0.065151 0.624672 0.108820 0.636773 0.193004 0.626842 0.228132 0.575301 0.175984 0.527119
0 0.163350 0.597780 0.161397 0.592624 0.150045 0.588860 0.145263 0.589019 0.140315 0.588101 0.134294 0.588822 0.130245 0.588359 0.122478 0.589586 0.118543 0.588784 0.114773 0.589058 0.112976 0.588148 0.107181 0.588190 0.086474 0.590404 0.079937 0.594238 0.077667 0.601026 0.078897 0.603633 0.086201 0.606934 0.098853 0.608380 0.112972 0.608584 0.120503 0.611206 0.144848 0.615398 0.150476 0.614279 0.156166 0.611406 0.161473 0.604965
0 0.043589 0.616510 0.035657 0.616661 0.032166 0.617672 0.030586 0.619253 0.027611 0.617151 0.023553 0.619858 0.021798 0.623534 0.018752 0.626357 0.017897 0.630487 0.021936 0.634120 0.030819 0.635840 0.033577 0.635450 0.042251 0.631509 0.044451 0.629646 0.047113 0.623256 0.046730 0.619688
0 0.289946 0.569613 0.286744 0.568190 0.264579 0.568476 0.254561 0.570150 0.249098 0.572344 0.245835 0.572676 0.243242 0.574142 0.240093 0.574134 0.234856 0.575650 0.232151 0.577455 0.230789 0.581527 0.235273 0.586973 0.236267 0.593429 0.238230 0.595415 0.253352 0.598905 0.261170 0.599094 0.279017 0.594438 0.291243 0.587731 0.293111 0.583717 0.292581 0.572733
0 0.405440 0.606067 0.404811 0.609519 0.406206 0.613202 0.408624 0.613831 0.411485 0.616272 0.419417 0.616121 0.426677 0.614837 0.432647 0.612700 0.435073 0.610159 0.429628 0.606013 0.419681 0.602762 0.415126 0.602241 0.409611 0.603021
0 0.491022 0.579555 0.490000 0.582610 0.490488 0.589008 0.495068 0.600454 0.500512 0.604600 0.510748 0.605417 0.515695 0.606335 0.517379 0.607585 0.520137 0.607195 0.535713 0.609327 0.538810 0.607920 0.542126 0.609003 0.547248 0.607827 0.557399 0.599473 0.560619 0.594556 0.565298 0.591567 0.564067 0.588960 0.556363 0.588432 0.554617 0.588937 0.549730 0.586265 0.542470 0.587549 0.523579 0.584333 0.501083 0.582467 0.497209 0.579910
1 0.321636 0.561145 0.636122 0.597085 0.619846 0.606363 0.587736 0.618444 0.568769 0.625494 0.545202 0.630870 0.523296 0.636431 0.505504 0.638239 0.468708 0.638643 0.462392 0.638689 0.431809 0.632505 0.401395 0.624114 0.363835 0.600770 0.341928 0.582171 0.334902 0.576453 0.324886 0.565819
0 0.419702 0.634124 0.408104 0.637379 0.406525 0.638960 0.405669 0.643091 0.410886 0.647915 0.414481 0.649735 0.421453 0.650885 0.425677 0.649253 0.428453 0.642523 0.427284 0.638161 0.425435 0.635836
1 0.570860 0.752242 0.586305 0.735787 0.605855 0.722909 0.651823 0.702384 0.685911 0.691614 0.717502 0.686335 0.701873 0.667660 0.663674 0.653073 0.635585 0.649863 0.613870 0.651384 0.585188 0.657881 0.559029 0.672671 0.547701 0.688709 0.541559 0.703116 0.540874 0.719038 0.549843 0.733840 0.554286 0.742350
0 0.696907 0.829648 0.687911 0.828267 0.666087 0.827535 0.663102 0.828603 0.662142 0.829903 0.661679 0.834431 0.666887 0.842425 0.674976 0.846521 0.686957 0.846833 0.691686 0.845259 0.697221 0.838140 0.698923 0.833049
0 0.114050 0.778189 0.112882 0.773827 0.107489 0.771097 0.100797 0.770685 0.097420 0.771356 0.088423 0.769975 0.082908 0.770754 0.075203 0.770226 0.061023 0.771777 0.056406 0.773011 0.046545 0.778931 0.044677 0.782946 0.045513 0.785156 0.050059 0.788846 0.056393 0.796617 0.067527 0.797890 0.077868 0.801538 0.086585 0.802182 0.090582 0.801229 0.102582 0.795201 0.107774 0.789100 0.110210 0.783388
0 0.903532 0.155248 0.897066 0.154157 0.893183 0.154770 0.879925 0.167701 0.879576 0.171890 0.888738 0.174346 0.891382 0.174296 0.894479 0.172888 0.904185 0.162722 0.905661 0.158310
0 0.217714 0.801311 0.214440 0.804813 0.212965 0.809225 0.213174 0.814887 0.216419 0.820895 0.222421 0.826514 0.227142 0.828111 0.237883 0.828986 0.242098 0.830525 0.250702 0.831508 0.260720 0.829834 0.266524 0.826621 0.268331 0.824361 0.269361 0.818137 0.266343 0.811449 0.260227 0.806170 0.255279 0.805252 0.250890 0.805807 0.240498 0.800744 0.232235 0.798743 0.225428 0.798669
0 0.320159 0.011061 0.319705 0.012419 0.321388 0.013668 0.326370 0.022342 0.331421 0.026090 0.336823 0.025651 0.341884 0.026229 0.347905 0.025508 0.361348 0.020349 0.368947 0.016637
0 0.165533 0.294301 0.164284 0.298034 0.165680 0.301717 0.162956 0.309862 0.163453 0.313090 0.165756 0.314058 0.177624 0.314710 0.185896 0.313541 0.191473 0.311007 0.194633 0.307845 0.196387 0.304169 0.195724 0.299865 0.193256 0.297821 0.186284 0.296672 0.177845 0.296765 0.174136 0.295284
0 0.129145 0.291552 0.120519 0.317345 0.125580 0.317923 0.131715 0.316863 0.138138 0.313368 0.142144 0.309246 0.144187 0.303137 0.143690 0.299909 0.141169 0.296449
0 0.221796 0.309892 0.220094 0.314983 0.219622 0.322680 0.220511 0.326306 0.222081 0.327894 0.227081 0.330228 0.235572 0.331550 0.240964 0.334281 0.250528 0.333964 0.253625 0.332556 0.256506 0.328657 0.256525 0.322317 0.259022 0.314851 0.258359 0.310547 0.256397 0.308561 0.251676 0.306964 0.241161 0.305410 0.238403 0.305800 0.234572 0.307828 0.225401 0.308542
0 0.270770 0.298576 0.267776 0.302814 0.264300 0.317920 0.266865 0.325965 0.271349 0.331411 0.277588 0.333181 0.280345 0.332791 0.291986 0.334122 0.301550 0.333805 0.307798 0.332405 0.310617 0.330261 0.310286 0.328109 0.304047 0.326339 0.302869 0.325147 0.290557 0.322683 0.288821 0.320018 0.286125 0.318653 0.286465 0.317635 0.283315 0.317627 0.279782 0.314052 0.279232 0.309409 0.277270 0.307423 0.278291 0.304368 0.277113 0.303176 0.277515 0.300404 0.274767 0.297623
0 0.476714 0.317531 0.473346 0.315032 0.470309 0.314685 0.465806 0.315579 0.436415 0.324905 0.434155 0.328523 0.437584 0.329267 0.453168 0.328229 0.464766 0.324974 0.471913 0.324029 0.475745 0.322000
0 0.558121 0.314502 0.555765 0.312118 0.546088 0.312774 0.513442 0.319261 0.502970 0.322293 0.497795 0.322054 0.475281 0.326528 0.472401 0.330427 0.475689 0.341021 0.479955 0.343975 0.487660 0.344503 0.509276 0.339574 0.518055 0.338463 0.529652 0.335208 0.533308 0.335274 0.543047 0.332863 0.546703 0.332929 0.552166 0.330734 0.558921 0.329392 0.561513 0.327926 0.561636 0.324417
0 0.743631 0.319141 0.739757 0.316584 0.729303 0.313276 0.719181 0.312119 0.698142 0.312181 0.693185 0.314433 0.688105 0.320195 0.679431 0.324137 0.664569 0.327724 0.658042 0.328387 0.652807 0.329903 0.641034 0.335252 0.637368 0.338357 0.633187 0.344574 0.631703 0.352156 0.631858 0.356402 0.635922 0.370961 0.650198 0.375411 0.654753 0.375931 0.670224 0.375233 0.689405 0.376016 0.696036 0.378183 0.712833 0.386092 0.722728 0.387928 0.731166 0.387835 0.738767 0.385533 0.745303 0.381699 0.755340 0.373685 0.760647 0.367244 0.763196 0.361193 0.761975 0.355416 0.751881 0.344749 0.751436 0.342936 0.752850 0.340279 0.752145 0.331390 0.749406 0.325439
0 0.766150 0.331933 0.762546 0.333283 0.760234 0.335485 0.757685 0.341536 0.758408 0.344085 0.759979 0.345674 0.767282 0.348975 0.772230 0.349893 0.779210 0.347872 0.784002 0.344544 0.786158 0.338096 0.777678 0.333603 0.773350 0.332403
0 0.823335 0.321203 0.819792 0.320798 0.806170 0.323822 0.796833 0.323460 0.792103 0.325033 0.790637 0.326275 0.789100 0.332442 0.791839 0.338392 0.800320 0.342885 0.804369 0.343348 0.807353 0.342280 0.814231 0.337428 0.824424 0.333660 0.826737 0.331458 0.827479 0.327667 0.826083 0.323983
0 0.384474 0.043429 0.380477 0.044381 0.377152 0.046468 0.367508 0.054879 0.362428 0.060641 0.357959 0.069291 0.360480 0.072751 0.372793 0.075215 0.379694 0.081289 0.386666 0.082438 0.396920 0.076915 0.400690 0.076641 0.405028 0.074670 0.407576 0.068619 0.411469 0.064836 0.413833 0.064049 0.414401 0.062352 0.409018 0.056452 0.403007 0.054003 0.395268 0.045719 0.391559 0.044238
0 0.352862 0.023255 0.350663 0.025118 0.348734 0.030888 0.349230 0.034116 0.352650 0.038030 0.359840 0.041670 0.366812 0.042820 0.375137 0.043066 0.380993 0.041269 0.387023 0.037378 0.389118 0.032684 0.388674 0.030871 0.386152 0.027412 0.379468 0.023829 0.369521 0.020579 0.360463 0.020953
0 0.273381 0.040951 0.267629 0.045579 0.264740 0.052648 0.265743 0.055934 0.270960 0.060758 0.276466 0.063150 0.289625 0.064653 0.298631 0.062864 0.304321 0.059990 0.306860 0.057109 0.307603 0.053318 0.306321 0.049296 0.301382 0.045208 0.286208 0.040303 0.278617 0.039435
0 0.779200 0.063521 0.778746 0.064879 0.773510 0.066395 0.771703 0.068655 0.769773 0.074424 0.770994 0.080201 0.772957 0.082187 0.778577 0.084239 0.784143 0.084875 0.793036 0.083425 0.796867 0.081396 0.799520 0.078176 0.800882 0.074103 0.798309 0.069229 0.793815 0.066953 0.793877 0.065199
1 0.433568 0.193818 0.768101 0.225072 0.696149 0.256627 0.646642 0.270859 0.582675 0.275413 0.521336 0.259679 0.471629 0.227829
0 0.339261 0.403300 0.334304 0.405553 0.332942 0.409625 0.333288 0.425873 0.331969 0.434531 0.333539 0.436120 0.331000 0.439001 0.330073 0.448056 0.318557 0.480919 0.314211 0.486060 0.313303 0.488775 0.310257 0.491598 0.304766 0.503303 0.305097 0.505454 0.307567 0.507498 0.310603 0.507846 0.313692 0.509608 0.319321 0.508489 0.319765 0.510302 0.321676 0.510873 0.323919 0.513596 0.328369 0.511285 0.335175 0.511358 0.337541 0.510572 0.354573 0.514632 0.357558 0.513564 0.363371 0.507181 0.369883 0.492422 0.377678 0.481685 0.380846 0.475352 0.384285 0.472926 0.389198 0.466089 0.406018 0.447222 0.411542 0.443272 0.413524 0.438918 0.411002 0.435459 0.407965 0.435112 0.405269 0.433747 0.397923 0.425860 0.391911 0.423411 0.380271 0.422081 0.368134 0.417523 0.366170 0.415537 0.363640 0.415248 0.361057 0.413543 0.357907 0.413535 0.350840 0.406385 0.344653 0.406031 0.342298 0.403647
1 0.154954 0.756437 0.151917 0.756090 0.148086 0.758119 0.139061 0.766249 0.130099 0.772624 0.125246 0.777707 0.118596 0.781880 0.110977 0.790523 0.107765 0.792270 0.100713 0.799216 0.095416 0.802486 0.091689 0.807346 0.082272 0.815078 0.078038 0.819880 0.074591 0.825476 0.072775 0.830906 0.073934 0.838438 0.079596 0.845075 0.085774 0.848600 0.094203 0.851677 0.106122 0.853744 0.117484 0.854338 0.136559 0.852289 0.153786 0.847916 0.165218 0.843585 0.174347 0.838285 0.180429 0.835809 0.184208 0.832365 0.184341 0.825686 0.179378 0.810672 0.176237 0.807494 0.176080 0.803248 0.173114 0.797976 0.171449 0.790387 0.161103 0.769472 0.159769 0.764035
0 0.921850 0.296874 0.921632 0.294382 0.918377 0.291544 0.909887 0.290221 0.899755 0.292234 0.882041 0.290210 0.873140 0.294830 0.871953 0.296809 0.872904 0.298679 0.879370 0.299771 0.889534 0.305513 0.895154 0.307565 0.905678 0.305948 0.911647 0.303812 0.920549 0.299191
0 0.789410 0.303232 0.787439 0.304416 0.785911 0.307412 0.786407 0.310640 0.790438 0.317443 0.792741 0.318411 0.802864 0.319568 0.806468 0.318218 0.812280 0.311835 0.813250 0.307366 0.811121 0.304303 0.800720 0.302410 0.793408 0.302279
0 0.622093 0.310185 0.618891 0.308762 0.608036 0.308226 0.603925 0.309518 0.598628 0.312788 0.589684 0.312823 0.584458 0.311169 0.578890 0.310533 0.567434 0.303938 0.564511 0.303252 0.560060 0.305562 0.558244 0.310992 0.564550 0.328273 0.572071 0.334066 0.579662 0.334933 0.601278 0.330004 0.609220 0.326684 0.612658 0.324258 0.616219 0.318322 0.621578 0.313297
0 0.436447 0.294959 0.432388 0.297666 0.430458 0.303436 0.433992 0.307011 0.437700 0.308492 0.439716 0.311893 0.453371 0.316625 0.461024 0.315738 0.462490 0.314496 0.463966 0.310084 0.463923 0.305498 0.462135 0.301418 0.459387 0.298637 0.453994 0.295907 0.451246 0.293127 0.445566 0.292830
0 0.239788 0.274951 0.230346 0.271758 0.215381 0.272514 0.209639 0.273972 0.204848 0.277300 0.203145 0.282391 0.204200 0.287092 0.206948 0.289873 0.212341 0.292603 0.227131 0.293941 0.230509 0.293270 0.239916 0.288707 0.243075 0.285545 0.243818 0.281754
0 0.628329 0.332391 0.624786 0.331986 0.613912 0.337790 0.605081 0.337486 0.599732 0.339341 0.597637 0.344035 0.598020 0.347602 0.600934 0.351459 0.605820 0.354131 0.614197 0.355793 0.617688 0.354783 0.626040 0.345519 0.632856 0.342422 0.634610 0.338746
0 0.906233 0.078039 0.902724 0.085390 0.905131 0.089188 0.911474 0.093789 0.920471 0.095170 0.927898 0.094961 0.937130 0.092493 0.939906 0.085763 0.940142 0.081914
0 0.145603 0.242341 0.140382 0.257953 0.142407 0.258184 0.150915 0.253167 0.152050 0.249773 0.149983 0.244956 0.147121 0.242515
0 0.917429 0.423216 0.915055 0.427173 0.913849 0.435491 0.906273 0.448720 0.905809 0.453247 0.915965 0.462160 0.928216 0.466379 0.934786 0.470301 0.940746 0.471334 0.942212 0.470092 0.946700 0.455102 0.947050 0.450913 0.945881 0.446552 0.938866 0.440817 0.926199 0.425275 0.923110 0.423513
0 0.055703 0.552005 0.051655 0.551542 0.045458 0.554357 0.040955 0.555252 0.036188 0.569506 0.038213 0.569738 0.041817 0.568388 0.049706 0.563652 0.054105 0.559926 0.057160 0.553933
0 0.893309 0.130824 0.889767 0.130420 0.884190 0.132953 0.867923 0.136027 0.858359 0.136344 0.850995 0.134798 0.849642 0.135700 0.847321 0.141072 0.847145 0.143166 0.849161 0.146568 0.852921 0.149464 0.857641 0.151061 0.863828 0.151415 0.871315 0.149452 0.879877 0.145850 0.886641 0.141338 0.892907 0.133597
0 0.897238 0.114360 0.893346 0.118144 0.890684 0.124534 0.891294 0.127423 0.893257 0.129409 0.895560 0.130377 0.907315 0.131368 0.914968 0.130481 0.918798 0.128452 0.921007 0.123419 0.914726 0.117064 0.906017 0.113250 0.901349 0.113068
0 0.973291 0.095921 0.969861 0.095176 0.965472 0.095732 0.954546 0.100121 0.942598 0.107564 0.940338 0.111182 0.941289 0.113052 0.947580 0.116238 0.956183 0.117221 0.961192 0.116384 0.966655 0.114189 0.973480 0.107922 0.975192 0.099661
0 0.964680 0.135810 0.960125 0.135289 0.951625 0.137136 0.949941 0.135887 0.942969 0.134738 0.939758 0.136485 0.936371 0.140326 0.934380 0.147850 0.934598 0.150342 0.939754 0.156921 0.944867 0.158915 0.955609 0.159790 0.966866 0.157553 0.970191 0.155466 0.972173 0.151112 0.972192 0.144772 0.969339 0.139161
0 0.707545 0.827692 0.705459 0.829216 0.704324 0.832609 0.706392 0.837426 0.710379 0.839644 0.716173 0.839601 0.719219 0.836778 0.719910 0.831572 0.715364 0.827881 0.711935 0.827137
0 0.636336 0.844219 0.632907 0.843475 0.629644 0.843807 0.625306 0.845778 0.623036 0.852565 0.626063 0.856082 0.632757 0.856495 0.638953 0.853679 0.640149 0.848531
0 0.732568 0.856189 0.737873 0.855805 0.743291 0.858408 0.746141 0.858734 0.748169 0.855988 0.754900 0.855767 0.755878 0.858356 0.752903 0.861737 0.749645 0.864836 0.744614 0.865501 0.738915 0.864850 0.734374 0.861850 0.731010 0.859732
0 0.019533 0.730658 0.025640 0.735229 0.034665 0.737229 0.046622 0.735414 0.046677 0.739571 0.043356 0.743342 0.038619 0.745154 0.032542 0.745429 0.025812 0.743966 0.020673 0.740196 0.017187 0.732740
0 0.152172 0.745901 0.149703 0.743857 0.145541 0.743734 0.137155 0.745242 0.130348 0.745169 0.125618 0.746742 0.119928 0.749616 0.116820 0.754193 0.114002 0.756338 0.107919 0.758814 0.105275 0.758864 0.091199 0.763245 0.089506 0.765166 0.089104 0.767939 0.092079 0.770041 0.111652 0.771220 0.131513 0.769967 0.137203 0.767093 0.141209 0.762971 0.144151 0.757317 0.151151 0.748956
0 0.171054 0.752287 0.163969 0.751477 0.160592 0.752149 0.156027 0.754798 0.156070 0.759384 0.160782 0.764150 0.168775 0.762245 0.173566 0.758917 0.174195 0.755465
0 0.225331 0.754967 0.216727 0.753983 0.199562 0.756602 0.194274 0.756703 0.192520 0.760378 0.193854 0.765816 0.196715 0.768257 0.202221 0.770648 0.208294 0.771342 0.213303 0.770505 0.220853 0.766787 0.224631 0.763343 0.226220 0.758592
0 0.216340 0.770852 0.214420 0.773451 0.212140 0.783409 0.212410 0.787316 0.213868 0.789244 0.218474 0.791180 0.226686 0.791766 0.234845 0.790937 0.237829 0.789868 0.240038 0.784836 0.239943 0.778835 0.234394 0.771858 0.225398 0.770478
0 0.273828 0.771784 0.268531 0.775055 0.267500 0.781279 0.269969 0.783323 0.272386 0.783952 0.279192 0.784025 0.283364 0.780978 0.284385 0.777924 0.282711 0.773504 0.279003 0.772023
0 0.344339 0.801336 0.341790 0.807387 0.342618 0.812767 0.343848 0.815374 0.346710 0.817815 0.357112 0.819708 0.362007 0.819211 0.369258 0.821097 0.384782 0.821814 0.397207 0.823938 0.406885 0.823283 0.412339 0.824258 0.418246 0.823876 0.425341 0.821516 0.427314 0.820332 0.429460 0.817054 0.430780 0.808396 0.428486 0.804258 0.425283 0.802834 0.414035 0.801901 0.408416 0.799850 0.404760 0.799784 0.402570 0.798477 0.399193 0.799148 0.396496 0.797783 0.387552 0.797818 0.385249 0.796850 0.360956 0.794074 0.353922 0.794679 0.347612 0.797834
0 0.437280 0.817243 0.435141 0.817350 0.429957 0.820282 0.427801 0.826730 0.430942 0.829908 0.436396 0.830883 0.442251 0.829086 0.445358 0.824508 0.445254 0.821677 0.441720 0.818102
0 0.505009 0.836258 0.501343 0.839363 0.500548 0.841738 0.501438 0.845364 0.506097 0.848715 0.513524 0.848506 0.516962 0.846080 0.518324 0.842008 0.517713 0.839119 0.512714 0.836786
0 0.575238 0.827371 0.570910 0.826172 0.562699 0.825586 0.550264 0.826631 0.541477 0.830912 0.534145 0.837121 0.530025 0.841583 0.527642 0.848710 0.527571 0.853635 0.530537 0.858907 0.535590 0.862656 0.538399 0.863682 0.554202 0.865135 0.562072 0.866739 0.567588 0.865960 0.571419 0.863932 0.573339 0.861332 0.575339 0.850638 0.581232 0.836160 0.580291 0.831120
0 0.025478 0.788504 0.023392 0.790027 0.022370 0.793081 0.025223 0.798693 0.030729 0.801084 0.036750 0.800362 0.040468 0.798673 0.042047 0.797092 0.042624 0.792225 0.034422 0.788469
0 0.045687 0.841200 0.041463 0.842831 0.037727 0.850861 0.039515 0.854941 0.045475 0.855974 0.053530 0.852314 0.056585 0.846321 0.055355 0.843714
0 0.171098 0.852713 0.166264 0.851456 0.162494 0.851730 0.158890 0.853080 0.156577 0.855282 0.155608 0.859752 0.158470 0.862193 0.163025 0.862713 0.167414 0.862158 0.169892 0.861032 0.172380 0.856735
0 0.192637 0.835443 0.188414 0.837074 0.185987 0.839616 0.183778 0.844649 0.183769 0.847819 0.186622 0.853430 0.199047 0.855555 0.204283 0.854039 0.211440 0.849924 0.216912 0.844559 0.218161 0.840826 0.216817 0.838558 0.213501 0.837475
0 0.176894 0.794532 0.176770 0.798042 0.178786 0.801443 0.181255 0.803487 0.187380 0.805597 0.192948 0.806233 0.199929 0.804212 0.204214 0.800826 0.204503 0.798392 0.202540 0.796406 0.193037 0.794968 0.187025 0.792519 0.181344 0.792222
0 0.232171 0.858636 0.232668 0.861864 0.241140 0.869526 0.245747 0.871462 0.255311 0.871146 0.260661 0.869291 0.263706 0.866468 0.265068 0.862395 0.260069 0.860062 0.254161 0.860444 0.248087 0.859750 0.240165 0.856730 0.235610 0.856210
0 0.285854 0.814384 0.280339 0.815163 0.277397 0.820817 0.277780 0.824384 0.279517 0.827049 0.283845 0.828248 0.289700 0.826451 0.293995 0.819895 0.293611 0.816327
0 0.325751 0.809782 0.319172 0.809030 0.309494 0.809686 0.304371 0.810862 0.297949 0.814357 0.292126 0.823910 0.291436 0.829116 0.294289 0.834727 0.302822 0.840635 0.314463 0.841966 0.324986 0.840350 0.331296 0.837195 0.336768 0.831830 0.339431 0.825440 0.338551 0.818644 0.333953 0.813538
0 0.418932 0.897244 0.416496 0.902956 0.432185 0.904749 0.435520 0.899492 0.434176 0.897225 0.426698 0.896018
0 0.607689 0.791616 0.603858 0.793644 0.602382 0.798056 0.604728 0.803610 0.612694 0.811215 0.618654 0.812248 0.622930 0.812032 0.627887 0.809780 0.632740 0.804697 0.633482 0.800906 0.630900 0.799201 0.618142 0.794925 0.611965 0.791400
0 0.560305 0.789633 0.572062 0.790976 0.581836 0.791600 0.589278 0.791457 0.587007 0.797148 0.577535 0.800033 0.570727 0.800496 0.561466 0.799438 0.557908 0.796800 0.556451 0.793410 0.556656 0.791696
0 0.535468 0.808027 0.533661 0.810287 0.532404 0.817190 0.534130 0.823025 0.536093 0.825012 0.543510 0.827973 0.547786 0.827757 0.551617 0.825729 0.552360 0.821937 0.550964 0.818254 0.540023 0.808548
0 0.506391 0.767707 0.504244 0.770985 0.509347 0.776149 0.519470 0.777306 0.525046 0.774772 0.526068 0.771717 0.524104 0.769731 0.518258 0.768358
0 0.495904 0.756643 0.492351 0.759408 0.485622 0.771676 0.479388 0.787172 0.475487 0.794125 0.474910 0.798992 0.478661 0.805059 0.490676 0.813126 0.493485 0.814152 0.507629 0.825282 0.510438 0.826308 0.521067 0.827523 0.525404 0.825552 0.526094 0.820345 0.518644 0.809628 0.507906 0.788317 0.504897 0.778459 0.505019 0.774950 0.503397 0.771945 0.501296 0.759373 0.499447 0.757047
0 0.467788 0.752725 0.457265 0.754341 0.454786 0.755467 0.452237 0.761518 0.452620 0.765086 0.456712 0.770134 0.460080 0.772633 0.467951 0.774237 0.472515 0.771587 0.477027 0.767522 0.479917 0.760453 0.478914 0.757167 0.475660 0.754329
0 0.450776 0.780026 0.445313 0.782221 0.443270 0.788329 0.452849 0.802109 0.459316 0.803200 0.462073 0.802811 0.469901 0.799829 0.474021 0.795367 0.474763 0.791576 0.473079 0.790327 0.466386 0.789914 0.463184 0.788491 0.456964 0.780381
0 0.388093 0.747493 0.385648 0.756375 0.381467 0.762592 0.381065 0.765365 0.385044 0.770752 0.383952 0.778732 0.385626 0.783151 0.390513 0.785824 0.402546 0.787551 0.409229 0.791134 0.412484 0.793972 0.416026 0.794377 0.427406 0.788631 0.440688 0.786625 0.443857 0.780292 0.443719 0.769706 0.439017 0.761769 0.429873 0.752972 0.422291 0.748935 0.391811 0.745804
0 0.366799 0.757744 0.365447 0.758647 0.363910 0.764813 0.366143 0.770706 0.370462 0.775076 0.375348 0.777748 0.380295 0.778666 0.381492 0.773517 0.373701 0.763818
0 0.370667 0.743035 0.366950 0.744724 0.365030 0.747324 0.364174 0.751454 0.365735 0.756213 0.371459 0.761096 0.376912 0.762071 0.380176 0.761739 0.382768 0.760274 0.386102 0.755017 0.384830 0.747825 0.378373 0.743563 0.374943 0.742819
0 0.341721 0.754174 0.341485 0.758022 0.344739 0.760861 0.349346 0.762797 0.357113 0.761570 0.364042 0.758134 0.364557 0.755022 0.362480 0.753375 0.344654 0.751690
0 0.337024 0.763503 0.332470 0.762982 0.325087 0.767776 0.321596 0.768787 0.316194 0.769226 0.308943 0.767341 0.307084 0.768185 0.305103 0.772539 0.305486 0.776107 0.309186 0.780758 0.314185 0.783091 0.319639 0.784067 0.323129 0.783056 0.337101 0.775844 0.339920 0.773700 0.341395 0.769288 0.340951 0.767475
0 0.348111 0.742924 0.343783 0.741724 0.337308 0.743803 0.331792 0.744582 0.328756 0.744235 0.323520 0.745751 0.321529 0.753275 0.321860 0.755427 0.324216 0.757811 0.327758 0.758216 0.331755 0.757263 0.337166 0.753653 0.341276 0.752361 0.347761 0.747112
0 0.281795 0.721251 0.279483 0.723453 0.278286 0.728602 0.282586 0.739311 0.281546 0.748706 0.278316 0.756793 0.275043 0.760295 0.263436 0.766721 0.262869 0.768418 0.264439 0.770006 0.277040 0.770037 0.281211 0.766990 0.291125 0.762486 0.300150 0.754356 0.303833 0.744911 0.303110 0.742362 0.300135 0.740260 0.294908 0.738605 0.289691 0.733781 0.285206 0.728335 0.284430 0.724371
0 0.254385 0.726223 0.245886 0.728070 0.241260 0.732475 0.238825 0.738186 0.240324 0.744700 0.239739 0.752737 0.235407 0.771974 0.236244 0.774184 0.240170 0.778156 0.247535 0.779702 0.253049 0.778923 0.258688 0.774634 0.261804 0.766886 0.264940 0.752798 0.271835 0.741606 0.273485 0.735100 0.272876 0.732212 0.267317 0.728405 0.264002 0.727322
0 0.195456 0.742655 0.200372 0.737636 0.211362 0.737031 0.220902 0.735229 0.225097 0.733746 0.223234 0.739318 0.218185 0.744738 0.212898 0.747647 0.208322 0.749813 0.204081 0.750050 0.200187 0.749707 0.197270 0.747824 0.194278 0.744797
0 0.132864 0.731362 0.126171 0.730950 0.120821 0.732805 0.118560 0.736422 0.120349 0.740502 0.126081 0.742215 0.129345 0.741883 0.133063 0.740194 0.134643 0.738612 0.135499 0.734482
0 0.139002 0.709865 0.137309 0.711786 0.136112 0.716934 0.138440 0.728828 0.141519 0.733761 0.146912 0.736491 0.157086 0.739063 0.163491 0.741909 0.171929 0.741817 0.175254 0.739730 0.175996 0.735939 0.172411 0.730949 0.170221 0.729641 0.165666 0.729121 0.157743 0.726101 0.156007 0.723436 0.156584 0.718569 0.148732 0.710625 0.142379 0.709194
0 0.118337 0.716665 0.113110 0.715010 0.104506 0.714027 0.095614 0.715477 0.089191 0.718972 0.085412 0.722416 0.083142 0.729203 0.085375 0.735096 0.089301 0.739068 0.092111 0.740094 0.099816 0.740622 0.105558 0.739165 0.112601 0.735389 0.119653 0.728443 0.121469 0.723013 0.120413 0.718312
0 0.041723 0.714019 0.047597 0.715011 0.054495 0.715799 0.059560 0.714937 0.065725 0.712921 0.069284 0.711566 0.074052 0.715156 0.074376 0.717754 0.073545 0.723100 0.071923 0.725797 0.068731 0.726073 0.058613 0.724917 0.052270 0.725312 0.045244 0.725630 0.041277 0.726776 0.038650 0.723914 0.037947 0.720314 0.038642 0.717511
0 0.000000 0.687951 0.000000 0.767027 0.000000 0.767664 0.000000 0.767629 0.000000 0.765218 0.005307 0.760829 0.010430 0.759653 0.017700 0.755198 0.020074 0.751241 0.014989 0.739737 0.014605 0.736170 0.015740 0.732776 0.021492 0.728148 0.024992 0.723967 0.031136 0.719736 0.033118 0.715382 0.029654 0.706882 0.017484 0.694569 0.011978 0.692178 0.008941 0.691831 0.003549 0.689100
0 0.737813 0.787167 0.751176 0.788310 0.765138 0.794514 0.781502 0.798689 0.803150 0.797322 0.825985 0.790714 0.838009 0.789012 0.820934 0.840069 0.819572 0.844142 0.808348 0.845163 0.801176 0.844344 0.792344 0.843335 0.784193 0.842019 0.770469 0.838530 0.753621 0.832377 0.742227 0.828770 0.725821 0.819598 0.722279 0.813048 0.718732 0.809954 0.723852 0.799782 0.726708 0.787818
0 0.710697 0.769562 0.708857 0.764066 0.707173 0.762817 0.702618 0.762296 0.689615 0.765038 0.683088 0.765702 0.677521 0.765066 0.674527 0.769304 0.675251 0.771853 0.677327 0.773500 0.685311 0.774765 0.708157 0.772443
0 0.690687 0.725697 0.689273 0.728354 0.690502 0.730961 0.687797 0.732766 0.686303 0.743519 0.681886 0.753584 0.676867 0.757592 0.666788 0.761020 0.655016 0.766370 0.651795 0.771287 0.646043 0.775915 0.644009 0.778854 0.641390 0.789830 0.642620 0.792437 0.642383 0.796285 0.648150 0.805753 0.658821 0.811553 0.669327 0.816278 0.677477 0.818618 0.679553 0.820265 0.682868 0.821349 0.690067 0.821819 0.699352 0.820766 0.707180 0.817785 0.712871 0.814911 0.718570 0.808868 0.721677 0.804290 0.726217 0.790715 0.727617 0.773962 0.726727 0.770337 0.722862 0.764610 0.723160 0.759006 0.721816 0.756738 0.721556 0.749662 0.714105 0.738944 0.700747 0.728609 0.696698 0.728146 0.694622 0.726499
0 0.579189 0.746429 0.576596 0.747894 0.576474 0.751404 0.581918 0.755549 0.592929 0.760331 0.596629 0.764982 0.598128 0.771496 0.593929 0.784053 0.597017 0.785816 0.601913 0.785318 0.605858 0.782950 0.612579 0.773852 0.616097 0.763331 0.615662 0.758349 0.610724 0.754261 0.584363 0.746668
0 0.560052 0.750232 0.545024 0.752743 0.530414 0.766576 0.527647 0.770136 0.525377 0.776924 0.525586 0.782585 0.531413 0.790298 0.541744 0.797117 0.549501 0.799060 0.552207 0.797255 0.550977 0.794648 0.544695 0.788293 0.544269 0.780140 0.550328 0.766738 0.553714 0.762897 0.559011 0.759626 0.563699 0.753467 0.561569 0.750405
0 0.523388 0.726310 0.515116 0.727479 0.507907 0.730178 0.499563 0.736272 0.497696 0.740287 0.497389 0.749060 0.499063 0.753480 0.507649 0.760804 0.511244 0.762624 0.518102 0.764112 0.523504 0.763673 0.537300 0.758555 0.544012 0.752627 0.546395 0.745500 0.546745 0.741312 0.545298 0.736213 0.540308 0.730710
0 0.439043 0.714557 0.437070 0.715741 0.430122 0.725517 0.429267 0.729648 0.430052 0.730442 0.437251 0.730912 0.440741 0.729902 0.451318 0.729701 0.453910 0.728236 0.451842 0.723419 0.446616 0.721765 0.442245 0.715980
0 0.398855 0.730115 0.406968 0.731292 0.416340 0.735337 0.421958 0.736229 0.431385 0.734580 0.439939 0.733323 0.445078 0.735648 0.444549 0.740545 0.442881 0.743332 0.439622 0.746430 0.436453 0.747061 0.427665 0.746801 0.411637 0.744969 0.398537 0.743225 0.392285 0.742014 0.391377 0.741413 0.389885 0.737028 0.390764 0.734398 0.393664 0.731259
0 0.374871 0.718808 0.401382 0.717356 0.403806 0.719395 0.402878 0.722171 0.386175 0.725703 0.382112 0.725721 0.375417 0.725756
0 0.329172 0.694615 0.340081 0.697363 0.353015 0.696914 0.355671 0.702358 0.346934 0.706504 0.339471 0.707797 0.334988 0.706855 0.324473 0.698151 0.325026 0.696499
0 0.324944 0.681785 0.317178 0.683012 0.309464 0.685654 0.306313 0.685646 0.300004 0.688801 0.294872 0.693148 0.285952 0.704108 0.283796 0.710557 0.283044 0.717518 0.287282 0.729982 0.291488 0.734691 0.297438 0.738895 0.311094 0.743626 0.322228 0.744899 0.331286 0.744525 0.347666 0.741111 0.351838 0.738064 0.365696 0.731192 0.372871 0.720736 0.374757 0.710381 0.372979 0.703131 0.368721 0.697007 0.362212 0.691330 0.349961 0.687111 0.341367 0.682958
0 0.277363 0.717221 0.270731 0.715054 0.261508 0.714352 0.254475 0.714958 0.246988 0.716921 0.237991 0.715540 0.233767 0.717172 0.229420 0.722313 0.226696 0.730458 0.226163 0.739910 0.228396 0.745803 0.231092 0.747168 0.233683 0.745703 0.239174 0.733998 0.245999 0.727731 0.260468 0.723747 0.268007 0.723199 0.274256 0.721799 0.276848 0.720333
0 0.259190 0.699288 0.252104 0.698478 0.236519 0.699516 0.235663 0.703646 0.240252 0.711923 0.242049 0.712833 0.245705 0.712898 0.257085 0.707152 0.261091 0.703029
0 0.222584 0.694048 0.205883 0.692139 0.202279 0.693489 0.200638 0.696825 0.203045 0.700624 0.207198 0.703917 0.215296 0.704842 0.222390 0.702482 0.224372 0.698128
0 0.162983 0.704149 0.162354 0.707601 0.172240 0.712607 0.186865 0.712869 0.194238 0.711245 0.196552 0.709043 0.197006 0.707685 0.195827 0.706493 0.185540 0.704261 0.172887 0.702815 0.169510 0.703486 0.165461 0.703023
0 0.168204 0.688538 0.164661 0.688133 0.152618 0.689575 0.146308 0.692730 0.144554 0.696406 0.145112 0.697879 0.153201 0.701974 0.160513 0.702105 0.164851 0.700135 0.168970 0.695672 0.170219 0.691939
0 0.223993 0.674124 0.216689 0.670823 0.210502 0.670469 0.206392 0.671761 0.202727 0.674865 0.201199 0.677862 0.195386 0.684245 0.190936 0.686555 0.183954 0.688576 0.179390 0.691226 0.177583 0.693485 0.177408 0.695580 0.179423 0.698981 0.184423 0.701314 0.191849 0.701106 0.199294 0.694557 0.218615 0.685490 0.224315 0.679447 0.225223 0.676732
0 0.177492 0.667048 0.175562 0.672818 0.180780 0.677643 0.189663 0.679362 0.200248 0.675992 0.202343 0.671298 0.200215 0.668236 0.197571 0.668286 0.196218 0.669189 0.194874 0.666921 0.191786 0.665159 0.187623 0.665035 0.184814 0.664009 0.180311 0.664904
0 0.136252 0.669383 0.126356 0.667547 0.119942 0.667871 0.117526 0.667243 0.114035 0.668253 0.112010 0.668022 0.103450 0.671624 0.095324 0.680209 0.091744 0.692485 0.095216 0.697814 0.102179 0.702134 0.104988 0.703159 0.115111 0.704316 0.123776 0.703545 0.135827 0.698932 0.143324 0.693799 0.146772 0.688203 0.147751 0.680563 0.143215 0.673702
0 0.116839 0.652013 0.112563 0.652229 0.100346 0.655766 0.083687 0.658442 0.079969 0.660132 0.079009 0.661431 0.079724 0.667151 0.084208 0.672596 0.089548 0.673911 0.101311 0.671732 0.105370 0.669025 0.115790 0.664578 0.119115 0.662491 0.121262 0.659213 0.121158 0.656382
0 0.092557 0.683769 0.089922 0.680649 0.078518 0.675469 0.069800 0.674826 0.065917 0.675439 0.054949 0.675242 0.040934 0.677869 0.035358 0.680403 0.033603 0.684078 0.035949 0.689632 0.043636 0.696500 0.047231 0.698320 0.058923 0.701066 0.067082 0.700237 0.076708 0.698166 0.084535 0.695184 0.088594 0.692477
0 0.024851 0.675679 0.020803 0.675216 0.016300 0.676111 0.011395 0.679779 0.010932 0.684306 0.012947 0.687708 0.020033 0.688518 0.026455 0.685023 0.029397 0.679369 0.027155 0.676647
0 0.828547 0.750261 0.825336 0.752008 0.824088 0.755741 0.826198 0.765144 0.830010 0.769455 0.834390 0.772070 0.840856 0.773161 0.844120 0.772829 0.848206 0.760612 0.841295 0.757708 0.832090 0.750666
0 0.757707 0.756259 0.755692 0.752858 0.752768 0.752171 0.744941 0.755153 0.743030 0.754582 0.739889 0.751404 0.733816 0.750710 0.730944 0.751439 0.728798 0.754717 0.729128 0.756869 0.733334 0.761578 0.736815 0.763738 0.739738 0.764424 0.754486 0.761177 0.756686 0.759314
0 0.747144 0.732854 0.740111 0.733460 0.732675 0.736838 0.730145 0.736549 0.726148 0.737502 0.721697 0.739812 0.720335 0.743884 0.721059 0.746433 0.727061 0.752052 0.734715 0.751165 0.743432 0.751809 0.746024 0.750344 0.751723 0.744300 0.753085 0.740228 0.752196 0.736602
0 0.781161 0.719124 0.771753 0.723686 0.767355 0.727412 0.768472 0.730358 0.782491 0.744998 0.784682 0.746305 0.790755 0.746999 0.800214 0.743852 0.802021 0.741592 0.802423 0.738819 0.799003 0.734905 0.790471 0.728996
0 0.841877 0.674266 0.835349 0.674930 0.831632 0.676619 0.829320 0.678821 0.827451 0.682836 0.828113 0.687140 0.831699 0.692130 0.830337 0.696203 0.824132 0.702189 0.823669 0.706716 0.827873 0.711425 0.831468 0.713245 0.845195 0.713052 0.854881 0.709226 0.858382 0.705046 0.860992 0.697240 0.861403 0.691297 0.859842 0.686538 0.856029 0.682226 0.855306 0.679677 0.850533 0.676665
0 0.807841 0.694337 0.800642 0.693867 0.789891 0.696161 0.782333 0.703049 0.781146 0.705028 0.783204 0.713015 0.785560 0.715398 0.791406 0.716771 0.803779 0.717480 0.811555 0.713084 0.814445 0.706015 0.813007 0.697746
0 0.748728 0.710837 0.747757 0.715306 0.750671 0.719163 0.755104 0.723193 0.762520 0.726155 0.767582 0.726733 0.778229 0.721607 0.781615 0.717766 0.782131 0.714654 0.780673 0.712726 0.768186 0.712356 0.754076 0.708981 0.751433 0.709032
0 0.670124 0.697625 0.672873 0.700406 0.679390 0.702913 0.682191 0.707109 0.687077 0.709781 0.695113 0.712461 0.701579 0.713553 0.708376 0.716796 0.716866 0.718118 0.724004 0.720344 0.735366 0.720937 0.739930 0.718288 0.747436 0.709984 0.749479 0.703875 0.745832 0.700640 0.739934 0.697852 0.724244 0.696059 0.718346 0.693270 0.704288 0.691311 0.695509 0.692422 0.686565 0.692457 0.675814 0.694752 0.673615 0.696615
0 0.633530 0.726917 0.626723 0.726844 0.622892 0.728873 0.621138 0.732548 0.622646 0.735892 0.625622 0.737993 0.632315 0.738406 0.636146 0.736377 0.637787 0.733041 0.637569 0.730550 0.635833 0.727885
0 0.652161 0.723056 0.648443 0.724745 0.645790 0.727966 0.645388 0.730739 0.647063 0.735158 0.657271 0.745486 0.662356 0.756990 0.664546 0.758298 0.670847 0.758313 0.678788 0.754992 0.680656 0.750977 0.678641 0.747576 0.669270 0.739458 0.667543 0.733623 0.668058 0.730511 0.663409 0.723989 0.661725 0.722740 0.657676 0.722277
0 0.680445 0.707614 0.669075 0.710190 0.664232 0.712103 0.661691 0.714984 0.661342 0.719172 0.662737 0.722855 0.666271 0.726430 0.670764 0.728706 0.683242 0.732246 0.685720 0.731120 0.687257 0.724953 0.694258 0.716592 0.695052 0.714216 0.692696 0.711833
0 0.639493 0.707514 0.633978 0.708294 0.616629 0.716177 0.612457 0.719224 0.598992 0.726494 0.597185 0.728754 0.598528 0.731021 0.605325 0.734264 0.612411 0.735074 0.617761 0.733219 0.627466 0.723053 0.630678 0.721306 0.635417 0.716562 0.639597 0.710345
0 0.652954 0.682978 0.650371 0.681274 0.631811 0.680210 0.628939 0.680939 0.626792 0.684217 0.628415 0.687221 0.632402 0.689439 0.642690 0.691671 0.648938 0.690271 0.651984 0.687448
0 0.642504 0.659234 0.633621 0.657514 0.629345 0.657730 0.625235 0.659022 0.623078 0.665470 0.627056 0.670858 0.630826 0.670584 0.642598 0.665234 0.643847 0.661501
0 0.573114 0.649894 0.566867 0.651294 0.563419 0.656890 0.563357 0.658645 0.569308 0.662849 0.575277 0.660712 0.577878 0.656076 0.576596 0.652054
0 0.536882 0.709530 0.535703 0.708338 0.522544 0.706834 0.514499 0.707324 0.482222 0.703283 0.471925 0.704220 0.453085 0.702420 0.449594 0.703430 0.449794 0.712262 0.457339 0.728980 0.461937 0.734086 0.465139 0.735509 0.470200 0.736087 0.488481 0.736415 0.499398 0.735196 0.520815 0.721435 0.529385 0.714663 0.535694 0.711508
0 0.546079 0.661603 0.544333 0.662109 0.542692 0.665445 0.542210 0.676313 0.539940 0.683100 0.533735 0.689086 0.529398 0.691057 0.528996 0.693829 0.517502 0.699915 0.511089 0.700240 0.508715 0.704196 0.510564 0.706522 0.515625 0.707100 0.522153 0.706437 0.530321 0.702437 0.542949 0.692958 0.547976 0.685780 0.550814 0.677296 0.551164 0.673108 0.549612 0.665178 0.548382 0.662571
0 0.523246 0.640319 0.521501 0.640825 0.519074 0.643366 0.511210 0.659028 0.511881 0.660162 0.514691 0.661188 0.527963 0.662352 0.532073 0.661060 0.534499 0.658518 0.534868 0.647990 0.533534 0.642552 0.531457 0.640905
0 0.498996 0.642129 0.493140 0.643926 0.490983 0.650374 0.494351 0.652873 0.499919 0.653509 0.504762 0.651596 0.506569 0.649336 0.506971 0.646563 0.504842 0.643501
0 0.496750 0.659842 0.498032 0.663864 0.508816 0.669325 0.520571 0.670316 0.525580 0.669479 0.527045 0.668237 0.527840 0.665861 0.526663 0.664670 0.512780 0.660617 0.500127 0.659171
0 0.527490 0.670050 0.514436 0.671377 0.510771 0.674481 0.508945 0.683081 0.510227 0.687104 0.513647 0.691018 0.515558 0.691589 0.522251 0.692002 0.527941 0.689128 0.531327 0.685287 0.533370 0.679178 0.532987 0.675611 0.531364 0.672607
0 0.507366 0.684663 0.505506 0.685507 0.501893 0.690027 0.496047 0.688655 0.492556 0.689665 0.489737 0.691809 0.488672 0.690278 0.486762 0.689708 0.482931 0.691736 0.483995 0.693267 0.484483 0.699665 0.488750 0.702620 0.497239 0.703942 0.504666 0.703734 0.508156 0.702723 0.510923 0.699164 0.512356 0.690166 0.509948 0.686367
0 0.460260 0.691964 0.458619 0.695300 0.463444 0.699728 0.467152 0.701208 0.473845 0.701621 0.483305 0.698474 0.484160 0.694343 0.480793 0.691844 0.471569 0.691143 0.468987 0.689438 0.462232 0.690780
0 0.373593 0.660365 0.401330 0.662647 0.461563 0.641089 0.467100 0.640386 0.490109 0.656793 0.495017 0.677797 0.468377 0.688086 0.444137 0.703095 0.432523 0.719988 0.419824 0.720316 0.402091 0.717846 0.388061 0.712240 0.375317 0.702785 0.369802 0.695488 0.364105 0.678837
0 0.402945 0.651236 0.399298 0.648000 0.394743 0.647480 0.391252 0.648490 0.379219 0.646763 0.376007 0.648510 0.374532 0.652922 0.375256 0.655471 0.384130 0.660361 0.388179 0.660824 0.399156 0.657850 0.401356 0.655987
0 0.374725 0.644487 0.365275 0.644464 0.359026 0.645864 0.356103 0.645178 0.351426 0.648167 0.350457 0.652637 0.361904 0.662402 0.364713 0.663427 0.367811 0.662020 0.372612 0.655521 0.375841 0.647434
0 0.351506 0.640072 0.343162 0.646166 0.339147 0.653458 0.336868 0.663416 0.337748 0.670212 0.340984 0.679390 0.345416 0.683420 0.352492 0.687400 0.356707 0.688939 0.360869 0.689062 0.362955 0.687539 0.362458 0.684311 0.357467 0.678808 0.350950 0.676301 0.349100 0.673975 0.347373 0.668140 0.347628 0.657951 0.353355 0.642398
0 0.264075 0.639227 0.342240 0.647008 0.337322 0.651439 0.289662 0.696312 0.285858 0.697413 0.262703 0.646752 0.261982 0.642061
0 0.261163 0.639966 0.260100 0.638435 0.256897 0.637012 0.240361 0.636179 0.238284 0.634532 0.233729 0.634012 0.226077 0.634899 0.216347 0.634139 0.211626 0.632543 0.208249 0.633214 0.203755 0.630939 0.190256 0.630453 0.183729 0.631117 0.178999 0.632690 0.176573 0.635232 0.174128 0.644113 0.175296 0.648475 0.180017 0.650072 0.219328 0.653507 0.235296 0.656037 0.240192 0.655539 0.249075 0.657259 0.252338 0.656927 0.257749 0.653317 0.260927 0.643815
0 0.165103 0.652243 0.159754 0.654098 0.158165 0.658850 0.161585 0.662764 0.167545 0.663798 0.171995 0.661487 0.173925 0.655718 0.170278 0.652482
0 0.025200 0.633788 0.019903 0.637059 0.017973 0.642828 0.020215 0.645551 0.023417 0.646974 0.026960 0.647379 0.033776 0.644282 0.035138 0.640209 0.030932 0.635501 0.027390 0.635096
0 0.587430 0.621228 0.582928 0.622123 0.578363 0.624772 0.574367 0.625725 0.573232 0.629119 0.576364 0.635467 0.579784 0.639381 0.588893 0.640422 0.596494 0.638120 0.599540 0.635296 0.600902 0.631224 0.599053 0.628898 0.590178 0.624008 0.589455 0.621459
0 0.548641 0.631946 0.545377 0.632278 0.542785 0.633743 0.541859 0.642799 0.543245 0.649652 0.543165 0.657747 0.547101 0.658549 0.575210 0.645201 0.576964 0.641525 0.575900 0.639994 0.565220 0.637364 0.563143 0.635718 0.553693 0.635695
0 0.434956 0.630934 0.434833 0.634444 0.441796 0.638763 0.450400 0.639746 0.458951 0.639314 0.462050 0.637906 0.462173 0.634397 0.451998 0.631825 0.447504 0.629549 0.439799 0.629021
0 0.450284 0.602383 0.450275 0.605554 0.452124 0.607879 0.461618 0.612487 0.470222 0.613471 0.480353 0.611457 0.482945 0.609992 0.483740 0.607616 0.483015 0.605067 0.474876 0.599556 0.468915 0.598523 0.466943 0.599707 0.460809 0.600767 0.453496 0.600636
0 0.470893 0.614604 0.467682 0.616352 0.466765 0.622237 0.474782 0.631257 0.477408 0.637547 0.479206 0.638458 0.487417 0.639044 0.496649 0.636575 0.498125 0.632163 0.494644 0.630003 0.490316 0.628804 0.488745 0.627215 0.488021 0.624666 0.489506 0.617084 0.487656 0.614758 0.481304 0.613328
0 0.499358 0.614334 0.498843 0.617446 0.507821 0.625167 0.518170 0.625645 0.523241 0.623053 0.520719 0.619594 0.514480 0.617824 0.507517 0.613505 0.502962 0.612984
0 0.563600 0.613924 0.560905 0.612559 0.542727 0.615062 0.535126 0.617365 0.523520 0.623790 0.519286 0.628591 0.517811 0.633003 0.519826 0.636405 0.526746 0.636139 0.532663 0.632587 0.539252 0.630168 0.542298 0.627345 0.549000 0.624588 0.555186 0.624942 0.565266 0.621514 0.567300 0.618575
0 0.569753 0.606523 0.564570 0.609454 0.562928 0.612790 0.568364 0.620106 0.572352 0.622323 0.576793 0.623183 0.579612 0.621039 0.579290 0.615717 0.573802 0.606986
0 0.617129 0.603128 0.610436 0.602716 0.607740 0.601351 0.598848 0.602801 0.586796 0.607413 0.582511 0.610800 0.582109 0.613573 0.586550 0.614433 0.597127 0.614232 0.601464 0.612261 0.608218 0.610919 0.617625 0.606356
0 0.587391 0.596206 0.586649 0.599997 0.593455 0.600070 0.599302 0.601443 0.607234 0.601293 0.616623 0.603070 0.618596 0.601886 0.620071 0.597474 0.615691 0.594860 0.601519 0.593240 0.596624 0.593738
0 0.476170 0.579972 0.466814 0.585950 0.466072 0.589741 0.470566 0.592016 0.474222 0.592082 0.480854 0.594249 0.488559 0.594777 0.490427 0.590763 0.488492 0.579266 0.481406 0.578456
0 0.427758 0.572325 0.426623 0.575719 0.434930 0.582306 0.443638 0.586120 0.447058 0.590035 0.462223 0.598110 0.466272 0.598573 0.467510 0.598010 0.468872 0.593937 0.460855 0.584917 0.456248 0.582981 0.446423 0.576220 0.439007 0.573259 0.428998 0.571762
0 0.413262 0.585820 0.413531 0.589727 0.417179 0.592962 0.431071 0.593845 0.439622 0.593413 0.442493 0.592684 0.445539 0.589861 0.442905 0.586741 0.438184 0.585145 0.432513 0.581678 0.429755 0.582067 0.425427 0.580868 0.423455 0.582052 0.419798 0.581986
0 0.424320 0.574751 0.423255 0.573220 0.416449 0.573147 0.410986 0.575342 0.408787 0.577204 0.406649 0.577313 0.402932 0.579002 0.392128 0.579881 0.378733 0.582226 0.383051 0.586596 0.388165 0.588590 0.396769 0.589573 0.405495 0.587047 0.411682 0.587401 0.415068 0.583560 0.423071 0.578485
0 0.396990 0.571628 0.396153 0.569418 0.389407 0.567590 0.373378 0.566816 0.367418 0.565782 0.359538 0.567348 0.356544 0.571586 0.357154 0.574475 0.362486 0.578960 0.369571 0.579770 0.380644 0.582797 0.381770 0.582573 0.383917 0.579295 0.387119 0.580718 0.391570 0.578408 0.395236 0.575303
0 0.348489 0.575247 0.345382 0.579824 0.345197 0.585089 0.349010 0.589400 0.353958 0.590318 0.356209 0.589871 0.361279 0.587279 0.363488 0.582246 0.360574 0.578389 0.352651 0.575370
0 0.458467 0.612480 0.449140 0.608947 0.441827 0.608816 0.438616 0.610563 0.435674 0.616217 0.432401 0.619719 0.419791 0.622859 0.418036 0.626534 0.427024 0.631085 0.433716 0.631497 0.441493 0.627100 0.447628 0.626040 0.448928 0.623722 0.456590 0.619665 0.459698 0.615087
0 0.389974 0.624032 0.394075 0.625910 0.396090 0.629311 0.396752 0.633615 0.395371 0.644028 0.392832 0.646909 0.389341 0.647919 0.376688 0.646473 0.374167 0.643014 0.380226 0.629612 0.385864 0.625324
0 0.375721 0.592805 0.373748 0.593989 0.372221 0.596986 0.375021 0.601182 0.379567 0.604872 0.380796 0.607479 0.383554 0.607090 0.386582 0.610607 0.387078 0.613835 0.388989 0.614406 0.391345 0.616789 0.395768 0.623989 0.399538 0.623715 0.403369 0.621687 0.405577 0.616654 0.404035 0.605554 0.394830 0.598512 0.386741 0.594417 0.381514 0.592762
0 0.386772 0.622609 0.386047 0.620059 0.382845 0.618636 0.374913 0.618787 0.353657 0.616358 0.348875 0.616516 0.346169 0.618321 0.347286 0.621267 0.350261 0.623369 0.363585 0.625949 0.372922 0.626311 0.383332 0.625034
0 0.344859 0.623809 0.341709 0.623801 0.340016 0.625722 0.330102 0.630227 0.326829 0.633728 0.326758 0.638653 0.332090 0.643138 0.338669 0.643890 0.344297 0.642772 0.349368 0.640180 0.352135 0.636620 0.355346 0.634873 0.354571 0.630909 0.350252 0.626539 0.347102 0.626532
0 0.343434 0.591934 0.335772 0.595991 0.328606 0.603277 0.326511 0.607970 0.326780 0.611877 0.330602 0.613018 0.348770 0.613685 0.350568 0.614595 0.360576 0.616091 0.363282 0.614287 0.364417 0.610893 0.364042 0.604155 0.362813 0.601548 0.354176 0.592809 0.349569 0.590873
0 0.314024 0.607600 0.308334 0.610474 0.306632 0.615564 0.309886 0.618403 0.316465 0.619154 0.322155 0.616281 0.323238 0.611472 0.319704 0.607897
0 0.291878 0.601546 0.288108 0.601820 0.283544 0.604469 0.277452 0.610115 0.269903 0.613833 0.258698 0.617486 0.255268 0.616742 0.253235 0.619680 0.264237 0.627632 0.268905 0.627814 0.271105 0.625951 0.275329 0.624319 0.277022 0.622399 0.284963 0.619078 0.295095 0.617065 0.298751 0.617130 0.301457 0.615325 0.302984 0.612329 0.301868 0.609382
0 0.321396 0.568274 0.317678 0.569964 0.312730 0.569046 0.307215 0.569825 0.305635 0.571406 0.304430 0.579725 0.301881 0.585776 0.295902 0.591083 0.289427 0.593162 0.289810 0.596729 0.293737 0.600701 0.296825 0.602464 0.300368 0.602868 0.305481 0.604862 0.314312 0.605167 0.324217 0.603832 0.329174 0.601580 0.330980 0.599320 0.331269 0.596886 0.327281 0.594669 0.325266 0.591267 0.327257 0.583743 0.330757 0.579562 0.332005 0.575829 0.330270 0.573164
0 0.266057 0.601766 0.265219 0.599556 0.253745 0.599302 0.249417 0.598103 0.229163 0.598959 0.224041 0.600136 0.221274 0.603695 0.221212 0.605450 0.223175 0.607436 0.246858 0.607324 0.254118 0.606039 0.260419 0.606055 0.264756 0.604084
0 0.211090 0.604293 0.207023 0.610171 0.206054 0.614641 0.209701 0.617876 0.214420 0.619473 0.219691 0.625713 0.222893 0.627136 0.237291 0.628076 0.242981 0.625203 0.246254 0.621701 0.244631 0.618697 0.242720 0.618126 0.235067 0.619013 0.231018 0.618551 0.227537 0.616391 0.220933 0.604713 0.214468 0.603622
0 0.112235 0.629641 0.109539 0.628276 0.103073 0.627184 0.091764 0.628006 0.081528 0.627189 0.075952 0.629723 0.074817 0.633116 0.078175 0.638785 0.082669 0.641061 0.086212 0.641466 0.097417 0.637813 0.103438 0.637092 0.111834 0.632414
0 0.187621 0.627333 0.185493 0.624271 0.182683 0.623245 0.163172 0.620311 0.156758 0.620635 0.123048 0.625591 0.115220 0.628572 0.113693 0.631569 0.116162 0.633613 0.122348 0.633968 0.127968 0.636019 0.141519 0.637920 0.151981 0.638059 0.160760 0.636948 0.170726 0.633859 0.176861 0.632798 0.185308 0.629535
0 0.176100 0.547089 0.174293 0.549349 0.173777 0.552461 0.175556 0.559712 0.175537 0.566052 0.177160 0.569056 0.180816 0.569122 0.186672 0.567324 0.199064 0.561694 0.203577 0.557629 0.204258 0.555592 0.200611 0.552357 0.197800 0.551331 0.183464 0.548635 0.179250 0.547097
0 0.212119 0.560367 0.205932 0.560012 0.198559 0.561636 0.189264 0.565859 0.186724 0.568740 0.186199 0.575022 0.188546 0.580576 0.190902 0.582959 0.198711 0.586318 0.202088 0.585647 0.209173 0.586457 0.214296 0.585280 0.219759 0.583086 0.223197 0.580660 0.226418 0.575743 0.227615 0.570594 0.225713 0.566853 0.219649 0.562989
0 0.211931 0.586067 0.206695 0.587583 0.201842 0.592666 0.199294 0.598717 0.200131 0.600927 0.209974 0.601347 0.214434 0.595867 0.215238 0.590321
0 0.176935 0.607437 0.173838 0.608845 0.170337 0.613025 0.168975 0.617098 0.169534 0.618571 0.185109 0.620704 0.186462 0.619801 0.187484 0.616747 0.186873 0.613858 0.180591 0.607503
0 0.165132 0.584595 0.165010 0.588104 0.170568 0.591911 0.177819 0.593796 0.193508 0.595589 0.196379 0.594860 0.196895 0.591748 0.194818 0.590101 0.192794 0.589870 0.188082 0.585103 0.175657 0.582979 0.168231 0.583187
0 0.168391 0.566997 0.167667 0.564448 0.165198 0.562404 0.149456 0.559195 0.144561 0.559693 0.137466 0.562053 0.134036 0.561309 0.131279 0.561699 0.125816 0.563893 0.123896 0.566493 0.124620 0.569042 0.133720 0.573253 0.147891 0.574873 0.159149 0.572636 0.165344 0.569820
0 0.073782 0.563937 0.072770 0.563821 0.068527 0.571793 0.060463 0.578623 0.059215 0.582356 0.060114 0.582811 0.065122 0.581974 0.068220 0.580567 0.073981 0.572768 0.077760 0.569324 0.074227 0.565749
0 0.077021 0.552679 0.068399 0.558036 0.054295 0.571928 0.051467 0.577242 0.050034 0.586240 0.051831 0.587150 0.053970 0.587042 0.060227 0.582472 0.074505 0.566486 0.079542 0.556139 0.079490 0.554723
0 0.066134 0.582090 0.061125 0.582927 0.052617 0.587945 0.045565 0.594890 0.043583 0.599244 0.044927 0.601512 0.053800 0.606402 0.061671 0.608006 0.066462 0.604678 0.071717 0.596822 0.073481 0.589977 0.072766 0.584257 0.070183 0.582553
0 0.114751 0.615834 0.112901 0.613509 0.109978 0.612822 0.096645 0.613413 0.086120 0.615029 0.078704 0.612067 0.071618 0.611257 0.069253 0.612044 0.067560 0.613965 0.068511 0.615835 0.072778 0.618789 0.076207 0.619533 0.077891 0.620783 0.081940 0.621246 0.082724 0.622040 0.090936 0.622626 0.108215 0.619668 0.113171 0.617415
0 0.080011 0.568877 0.077235 0.575607 0.079250 0.579008 0.085987 0.584006 0.088787 0.588202 0.094127 0.589517 0.097504 0.588846 0.100602 0.587438 0.101798 0.582290 0.100351 0.577191 0.097830 0.573732 0.088729 0.569521
0 0.113759 0.551240 0.111961 0.550330 0.107179 0.550488 0.099125 0.554148 0.091471 0.555035 0.086628 0.556948 0.084202 0.559490 0.082726 0.563902 0.084576 0.566227 0.088563 0.568445 0.090588 0.568676 0.097630 0.564900 0.105893 0.566902 0.110004 0.565610 0.112430 0.563068 0.114473 0.556959
