0 0.199083 0.680837 0.194898 0.682391 0.186111 0.683263 0.177118 0.686466 0.171356 0.686419 0.161825 0.690163 0.137456 0.696616 0.134680 0.698878 0.134686 0.705779 0.138506 0.712562 0.153158 0.732890 0.157554 0.735905 0.160125 0.735975 0.163605 0.734068 0.164971 0.731100 0.187622 0.705121 0.193584 0.695935 0.199218 0.691860 0.201576 0.687361 0.200493 0.681544
0 0.797930 0.594244 0.795199 0.600180 0.797160 0.614147 0.799442 0.616102 0.807069 0.615867 0.815395 0.609084 0.820657 0.606446 0.822273 0.604820 0.822767 0.600604 0.803153 0.594833
0 0.809806 0.616833 0.805870 0.619730 0.805044 0.622156 0.807869 0.630470 0.812722 0.632496 0.821342 0.630730 0.824572 0.627479 0.823156 0.619871 0.820875 0.617916 0.816189 0.616786
0 0.769227 0.622061 0.762266 0.625876 0.760901 0.628844 0.767957 0.639278 0.768585 0.646085 0.766310 0.651032 0.757779 0.660147 0.757035 0.663020 0.761431 0.666035 0.771591 0.669097 0.775488 0.669427 0.787921 0.667543 0.800933 0.661891 0.806068 0.655131 0.807183 0.650821 0.803658 0.649054 0.796396 0.640951 0.792692 0.624487 0.789539 0.621284 0.781745 0.620624
0 0.838397 0.650233 0.834500 0.649903 0.829154 0.652093 0.823475 0.652493 0.811292 0.655720 0.806196 0.659253 0.803836 0.663752 0.812419 0.665212 0.818098 0.664812 0.830282 0.661585 0.839768 0.654166
0 0.982413 0.610006 0.979721 0.612715 0.978522 0.616578 0.980599 0.620864 0.991213 0.622937 0.993706 0.629462 0.996692 0.631770 1.000000 0.632548 1.000000 0.630145 1.000000 0.626989 1.000000 0.617827 1.000000 0.616202 1.000000 0.610831 1.000000 0.613634 1.000000 0.615189 1.000000 0.613893 0.993604 0.608311 0.988380 0.607722
0 0.958369 0.655983 0.958497 0.660105 0.962644 0.661777 0.974912 0.658998 0.984404 0.658480 0.989711 0.659517 1.000000 0.659234 1.000000 0.656973 1.000000 0.648093 0.995250 0.641192 0.989943 0.640155 0.976265 0.642228 0.970919 0.644418 0.964664 0.648587
0 0.996774 0.676852 0.991672 0.673484 0.982968 0.674803 0.973437 0.678548 0.959138 0.680714 0.955824 0.683517 0.956074 0.684859 0.967142 0.685943 0.982769 0.684036 0.997108 0.678642
0 0.883578 0.645688 0.881135 0.649739 0.882301 0.656004 0.899927 0.664837 0.906228 0.664343 0.912900 0.662412 0.912772 0.658290 0.907171 0.652236 0.891826 0.645358 0.885981 0.644864
0 0.868888 0.628587 0.853389 0.634617 0.851774 0.636242 0.852153 0.641706 0.858754 0.653130 0.860952 0.654638 0.870938 0.649904 0.875783 0.645028 0.874073 0.632403 0.872329 0.629907
0 0.865312 0.616245 0.865106 0.618577 0.873528 0.626044 0.903056 0.640436 0.908902 0.640931 0.927470 0.637657 0.931572 0.635655 0.932937 0.632687 0.930655 0.630732 0.906069 0.625715 0.891763 0.620980 0.882104 0.620603 0.873561 0.615915 0.869580 0.615138
0 0.855858 0.613536 0.847525 0.613418 0.842801 0.615514 0.839571 0.618765 0.835142 0.625878 0.836142 0.631248 0.839045 0.633109 0.843397 0.632450 0.849903 0.629623 0.856614 0.624465 0.860132 0.619331 0.858761 0.615397
0 0.978518 0.565042 0.972095 0.568316 0.968287 0.575335 0.962366 0.581294 0.957725 0.583837 0.960506 0.588478 0.966973 0.588878 0.974973 0.587206 0.981766 0.582495 0.983626 0.575311 0.981505 0.567350
0 0.960386 0.546622 0.964039 0.552511 0.971795 0.556398 0.975774 0.557175 0.981370 0.556327 0.988331 0.552512 0.995042 0.547354 0.995786 0.544480 0.993709 0.540193 0.990267 0.538874 0.986454 0.538992 0.977378 0.541747 0.974019 0.540876 0.965232 0.541747 0.962290 0.543113
0 0.900735 0.500903 0.903683 0.506438 0.908701 0.509359 0.918443 0.510184 0.925905 0.509053 0.934275 0.505944 0.941608 0.500692 0.946371 0.495369 0.946160 0.490800 0.941186 0.491553 0.931987 0.497088 0.913874 0.499372 0.906369 0.496828 0.901850 0.496593
0 0.943390 0.499962 0.937673 0.503589 0.931461 0.511432 0.930308 0.518969 0.932550 0.524151 0.936409 0.527708 0.945491 0.531854 0.950631 0.531995 0.963977 0.528133 0.969155 0.525047 0.971597 0.520996 0.970470 0.511504 0.967688 0.506864 0.963913 0.503755 0.954831 0.499609 0.947992 0.500645
0 0.900483 0.544195 0.898125 0.548694 0.899580 0.553075 0.902733 0.556278 0.914013 0.561931 0.917089 0.571588 0.919909 0.573002 0.927370 0.571871 0.935035 0.568409 0.938805 0.564617 0.941619 0.559129 0.941324 0.554112 0.939664 0.552063 0.927101 0.549825 0.914783 0.542028 0.910886 0.541698
0 0.784992 0.541907 0.790471 0.550740 0.798060 0.553732 0.812148 0.546996 0.817616 0.542026 0.816078 0.537197 0.810521 0.534818 0.804925 0.535666 0.800823 0.537668 0.790004 0.537927 0.787600 0.538751
0 0.776200 0.491243 0.769899 0.491737 0.763848 0.493575 0.758586 0.496212 0.755356 0.499463 0.756317 0.508060 0.758144 0.511004 0.763495 0.515715 0.768347 0.517741 0.778916 0.516139 0.786826 0.507118 0.785531 0.496731 0.783083 0.493881
0 0.750979 0.601404 0.796032 0.588959 0.788003 0.596172 0.785444 0.599182 0.756011 0.603264
0 0.757047 0.536018 0.747022 0.543979 0.739734 0.552906 0.737003 0.558841 0.730914 0.563905 0.729548 0.566873 0.730176 0.573680 0.733413 0.577331 0.734784 0.581265 0.737521 0.582230 0.740835 0.579428 0.746930 0.581265 0.751987 0.580959 0.759243 0.582160 0.774087 0.586353 0.780471 0.586306 0.786483 0.587696 0.792245 0.587743 0.797674 0.586000 0.800366 0.583292 0.799533 0.578817 0.787342 0.575142 0.781042 0.575636 0.773287 0.571750 0.768685 0.571067 0.760390 0.567722 0.755289 0.564353 0.754456 0.559878 0.756027 0.554579 0.762648 0.542072 0.761565 0.536254
0 0.717851 0.558982 0.714249 0.563669 0.713217 0.568427 0.714133 0.573350 0.716210 0.577637 0.719280 0.580393 0.720029 0.584420 0.725586 0.586800 0.730643 0.586493 0.734413 0.582701 0.732830 0.574198 0.727016 0.563576 0.722370 0.559218
0 0.665363 0.596384 0.659363 0.608797 0.661567 0.617206 0.666048 0.620668 0.670816 0.622247 0.677906 0.622553 0.688929 0.619962 0.695890 0.616147 0.698499 0.612991 0.699986 0.607244 0.696538 0.599023 0.687085 0.596314 0.676265 0.596573 0.671497 0.594995
0 0.695521 0.572949 0.690546 0.573703 0.681727 0.584702 0.677169 0.587693 0.668715 0.590355 0.667100 0.591980 0.669548 0.594830 0.676887 0.596479 0.692058 0.595561 0.698481 0.592287 0.702788 0.587953 0.703448 0.584632 0.701744 0.578908
0 0.414251 0.473380 0.410816 0.478963 0.411732 0.483885 0.419320 0.486877 0.424916 0.486029 0.429845 0.481601 0.429384 0.475689 0.422250 0.471708
0 0.558436 0.530219 0.559103 0.533799 0.561551 0.536650 0.569306 0.540536 0.571877 0.540607 0.585055 0.535849 0.591144 0.530785 0.591970 0.528359 0.589273 0.524167 0.585830 0.522848 0.579447 0.522894 0.562577 0.524990 0.559180 0.527346
0 0.506767 0.602928 0.506362 0.614494 0.516283 0.630016 0.528935 0.639602 0.539633 0.642123 0.547344 0.642335 0.558368 0.639744 0.579833 0.631430 0.585429 0.630583 0.590819 0.632067 0.595004 0.630512 0.601388 0.630465 0.604126 0.631431 0.627545 0.630183 0.642383 0.627475 0.648101 0.623848 0.656465 0.613838 0.661959 0.591838 0.659922 0.584325 0.654236 0.577824 0.645693 0.573136 0.613224 0.560110 0.605462 0.549322 0.600276 0.545507 0.587426 0.545153 0.562019 0.549463 0.552738 0.554550 0.548968 0.558342 0.546199 0.567505 0.542347 0.570849 0.534681 0.574311 0.525778 0.584863 0.511818 0.595721
0 0.479141 0.629661 0.474795 0.637222 0.477705 0.645984 0.482973 0.650248 0.494664 0.651237 0.502041 0.649659 0.509707 0.646197 0.514553 0.641321 0.515584 0.636564 0.512054 0.627896 0.504920 0.623915 0.485397 0.625492
0 0.483891 0.610536 0.479212 0.616306 0.481705 0.622831 0.486391 0.623961 0.494473 0.622737 0.496792 0.621465 0.499318 0.617861 0.495331 0.610183 0.491890 0.608864
0 0.475847 0.608534 0.473027 0.607120 0.466560 0.606720 0.443812 0.618449 0.442364 0.620969 0.442947 0.624102 0.445395 0.626952 0.450785 0.628436 0.457708 0.627847 0.467694 0.623113 0.477802 0.615600 0.477591 0.611030
0 0.484417 0.596192 0.493915 0.602575 0.498518 0.603258 0.505273 0.601774 0.521676 0.586865 0.542963 0.563854 0.542751 0.559284 0.540636 0.558224 0.521280 0.560697 0.515562 0.564324 0.512741 0.562911 0.504948 0.562251 0.484265 0.564465 0.478297 0.566749 0.474323 0.572873 0.474618 0.577890 0.478566 0.588796
0 0.410204 0.537494 0.405980 0.542275 0.404326 0.547127 0.406197 0.553746 0.419343 0.559116 0.422541 0.565994 0.427810 0.570257 0.440577 0.570164 0.446089 0.568868 0.454332 0.561638 0.452877 0.557256 0.449519 0.556385 0.434181 0.556408 0.427503 0.551438 0.422523 0.545290 0.422395 0.541168 0.419325 0.538413 0.415178 0.536740
0 0.407002 0.619885 0.407919 0.624808 0.416052 0.634159 0.419628 0.646501 0.423031 0.651047 0.428921 0.655216 0.438043 0.656135 0.450476 0.654251 0.453752 0.654675 0.473647 0.651660 0.475884 0.649941 0.465053 0.636397 0.457835 0.631969 0.450913 0.632558 0.445439 0.630626 0.442287 0.627423 0.429974 0.626528 0.426904 0.623772 0.424333 0.623701 0.418693 0.620874 0.415502 0.620898 0.411271 0.618778
0 0.222448 0.681420 0.384099 0.601208 0.402994 0.620400 0.413987 0.636146 0.414780 0.644732 0.396231 0.662056 0.358400 0.684035 0.319093 0.698117 0.291070 0.703523 0.264612 0.699990
0 0.346678 0.623811 0.358194 0.615588 0.375585 0.612304 0.376255 0.613500 0.363802 0.621539 0.355901 0.625005 0.347647 0.626577
0 0.259255 0.671384 0.263797 0.661953 0.275226 0.650825 0.294237 0.641793 0.309582 0.637204 0.322567 0.641711 0.322860 0.643286 0.261212 0.674649
0 0.230178 0.681942 0.239972 0.671715 0.246738 0.669392 0.254792 0.669143 0.258437 0.671830 0.259958 0.675161 0.259257 0.676238 0.231841 0.683632
0 0.225593 0.651821 0.235518 0.649189 0.245024 0.638758 0.262211 0.638777 0.264707 0.641021 0.255365 0.649555 0.255775 0.657362 0.257235 0.662386 0.253589 0.665189 0.246434 0.665900 0.238061 0.665669 0.232526 0.663884 0.226746 0.658014
0 0.226799 0.661453 0.211012 0.669367 0.211307 0.674383 0.214459 0.677587 0.219933 0.679519 0.223126 0.679495 0.230252 0.676575 0.235387 0.669815 0.234471 0.664892
0 0.225776 0.583843 0.221802 0.589967 0.220527 0.600283 0.222904 0.616489 0.227056 0.625062 0.233068 0.626452 0.232491 0.630221 0.235850 0.631092 0.239081 0.627842 0.250772 0.628831 0.275724 0.625511 0.289440 0.620212 0.295196 0.613358 0.293286 0.609966 0.279730 0.609259 0.269700 0.610319 0.248305 0.605278 0.239345 0.598353 0.235858 0.593359 0.232077 0.583349 0.230583 0.582194
0 0.130688 0.684298 0.128406 0.682343 0.125214 0.682366 0.119042 0.686983 0.118215 0.689409 0.114363 0.692753 0.101845 0.694190 0.098986 0.696003 0.092231 0.697487 0.089994 0.699206 0.091448 0.703587 0.096051 0.704270 0.101646 0.703423 0.107985 0.699701 0.116440 0.697040 0.118054 0.695415 0.123816 0.695462 0.130445 0.689856
0 0.128985 0.633940 0.126248 0.632974 0.122768 0.634882 0.121825 0.646988 0.122786 0.655585 0.119434 0.661615 0.101365 0.667574 0.080476 0.672119 0.079400 0.673203 0.081226 0.676147 0.092173 0.680010 0.117748 0.676595 0.126041 0.679940 0.132464 0.676666 0.136899 0.676454 0.143488 0.674076 0.146180 0.671367 0.147379 0.667504 0.145258 0.659543 0.140149 0.649274
0 0.105813 0.681164 0.103531 0.679209 0.100256 0.678785 0.092173 0.680010 0.085046 0.682930 0.073233 0.684720 0.067432 0.687900 0.066856 0.691668 0.069842 0.693977 0.073035 0.693953 0.084770 0.698617 0.093019 0.698288 0.097743 0.696192 0.104742 0.689149 0.106729 0.686087
0 0.073223 0.626283 0.069865 0.625412 0.063564 0.625906 0.053578 0.630640 0.039951 0.643288 0.042283 0.655819 0.044771 0.655442 0.049949 0.652357 0.066602 0.638790 0.073517 0.631300
0 0.961032 0.433329 0.956846 0.434883 0.955314 0.436956 0.949513 0.440136 0.943591 0.446094 0.942104 0.451842 0.946128 0.456293 0.954461 0.456411 0.958108 0.455399 0.964364 0.451230 0.967011 0.444847 0.965845 0.438581
0 0.958238 0.414886 0.954712 0.413119 0.951604 0.413590 0.940707 0.420303 0.934657 0.422140 0.928978 0.422540 0.920363 0.431208 0.919704 0.434529 0.922940 0.438180 0.932560 0.441784 0.942508 0.440277 0.959827 0.430290 0.962019 0.424897
0 0.946118 0.397856 0.928915 0.398162 0.925556 0.397291 0.906405 0.397431 0.903046 0.396560 0.891856 0.398255 0.884645 0.400728 0.857622 0.406663 0.850123 0.411021 0.845233 0.412222 0.841919 0.415024 0.835330 0.417403 0.829157 0.422020 0.824266 0.423221 0.819171 0.426754 0.799872 0.446703 0.790391 0.461024 0.785679 0.476923 0.785314 0.485260 0.786897 0.493763 0.792716 0.511288 0.804214 0.528411 0.813379 0.533005 0.821263 0.541013 0.826653 0.542497 0.838183 0.549493 0.849336 0.551024 0.852944 0.553238 0.870358 0.557502 0.887895 0.558986 0.896515 0.557220 0.896054 0.551308 0.893105 0.545773 0.891106 0.535032 0.891767 0.531711 0.889639 0.516849 0.890659 0.498288 0.894538 0.477914 0.905211 0.452830 0.912620 0.441124 0.915723 0.433752 0.938708 0.409562 0.944676 0.407278 0.949111 0.407066 0.951841 0.401131
0 0.761075 0.451201 0.756723 0.451860 0.751460 0.454498 0.747153 0.458832 0.748153 0.464202 0.744012 0.469431 0.742152 0.476615 0.743524 0.480549 0.743114 0.485212 0.745273 0.489947 0.747639 0.492349 0.755228 0.495341 0.764387 0.493033 0.773213 0.488935 0.775367 0.486768 0.777309 0.480031 0.780167 0.478218 0.781155 0.469786 0.778617 0.459587 0.771689 0.453274
0 0.739564 0.455841 0.733513 0.457678 0.729911 0.462365 0.731866 0.469431 0.734936 0.472187 0.738833 0.472517 0.745339 0.469690 0.748775 0.464108 0.747070 0.458385 0.744166 0.456524
0 0.673808 0.490652 0.667674 0.492041 0.657855 0.497670 0.655163 0.500379 0.653675 0.506126 0.654636 0.514723 0.657085 0.517573 0.666083 0.521271 0.672717 0.522567 0.680716 0.520895 0.685357 0.518351 0.689665 0.514017 0.691812 0.504949 0.690191 0.499673 0.683800 0.492819
0 0.594638 0.498046 0.587222 0.502850 0.579146 0.510976 0.579274 0.515098 0.580934 0.517147 0.593708 0.523955 0.601341 0.530621 0.601847 0.540207 0.603924 0.544494 0.617851 0.543764 0.628626 0.539831 0.635875 0.534131 0.642253 0.527183 0.643656 0.520988 0.642657 0.515618 0.636850 0.511896 0.624455 0.510553 0.619974 0.507091 0.616616 0.506219 0.615578 0.504076 0.612014 0.505536 0.605791 0.499577 0.600234 0.497198
0 0.546105 0.508620 0.537856 0.508950 0.527915 0.517358 0.525434 0.524636 0.517358 0.532762 0.502853 0.537260 0.504435 0.545763 0.506967 0.549061 0.517876 0.556151 0.525215 0.557800 0.532304 0.558106 0.535868 0.556646 0.544738 0.556222 0.548923 0.554668 0.550994 0.552053 0.550360 0.538345 0.561789 0.524190 0.562449 0.520868 0.559667 0.516228
0 0.459231 0.522703 0.452232 0.529746 0.450866 0.532713 0.451327 0.538625 0.455853 0.545762 0.464729 0.552240 0.475137 0.556645 0.476881 0.559141 0.492507 0.557234 0.499097 0.554855 0.502616 0.549720 0.500328 0.540864 0.492283 0.538862 0.466858 0.522468
0 0.444829 0.503718 0.441471 0.502847 0.437907 0.504307 0.434093 0.504425 0.424357 0.510501 0.420216 0.515730 0.414134 0.527695 0.416005 0.534314 0.419697 0.536976 0.428112 0.537541 0.439841 0.535304 0.446264 0.532030 0.449994 0.531465 0.456911 0.523975 0.458731 0.520018 0.458686 0.516344 0.456609 0.512057
0 0.294334 0.529742 0.289238 0.533275 0.287957 0.536690 0.290282 0.542319 0.296301 0.550610 0.305011 0.556193 0.308908 0.556523 0.314420 0.555227 0.323990 0.548256 0.325272 0.544840 0.323112 0.540106 0.317472 0.537279 0.314236 0.533629 0.309551 0.532498 0.305858 0.529836 0.302128 0.530401 0.298602 0.528635
0 0.227982 0.547617 0.224002 0.546840 0.220356 0.547853 0.216459 0.547523 0.213016 0.546204 0.205351 0.549666 0.190801 0.550490 0.184629 0.555106 0.177168 0.556237 0.174104 0.560382 0.171617 0.560759 0.168970 0.567142 0.168892 0.573596 0.172924 0.584949 0.178570 0.594677 0.184832 0.597409 0.189267 0.597197 0.191876 0.594041 0.190788 0.581322 0.193929 0.570723 0.201094 0.564575 0.205363 0.563469 0.214644 0.558381 0.222727 0.557157 0.230392 0.553694 0.231675 0.550279
0 0.070680 0.564549 0.066700 0.563771 0.048216 0.567492 0.039223 0.570695 0.027538 0.576607 0.034869 0.615989 0.042580 0.616201 0.061809 0.609607 0.073698 0.601363 0.078916 0.595051 0.082223 0.585347 0.081346 0.577197 0.076488 0.568270
0 0.952496 0.390908 0.954617 0.398869 0.961757 0.409751 0.973121 0.415852 0.978966 0.416347 0.985183 0.415405 0.994131 0.408527 0.998554 0.394513 0.998048 0.384927 0.996554 0.383772 0.992286 0.384879 0.985947 0.388601 0.980435 0.389896 0.971647 0.390767 0.967500 0.389095
0 0.843311 0.395027 0.833196 0.395640 0.826152 0.399008 0.815255 0.405720 0.816710 0.410101 0.824383 0.413540 0.830311 0.414482 0.835907 0.413635 0.842951 0.410267 0.846719 0.406475 0.847918 0.402612 0.847002 0.397689
0 0.806385 0.406144 0.800956 0.407887 0.793791 0.414034 0.792053 0.418439 0.785221 0.426376 0.783938 0.429791 0.786553 0.433536 0.789373 0.434950 0.799282 0.436669 0.806826 0.435987 0.809146 0.434715 0.814530 0.429298 0.816890 0.424799 0.817999 0.413587 0.813974 0.409135
0 0.791458 0.401503 0.786233 0.400915 0.774133 0.404589 0.767749 0.404635 0.762858 0.405837 0.762114 0.408710 0.763819 0.414434 0.768921 0.417802 0.775638 0.419545 0.781234 0.418697 0.787118 0.415965 0.792419 0.410100 0.793078 0.406780
0 0.818795 0.376655 0.807886 0.369565 0.801253 0.368269 0.791638 0.371567 0.787080 0.374558 0.779454 0.374793 0.776761 0.377502 0.766192 0.379103 0.762667 0.377337 0.758770 0.377007 0.732408 0.379620 0.721678 0.387228 0.720895 0.393329 0.725338 0.400018 0.732305 0.403104 0.736907 0.403787 0.745610 0.402468 0.759160 0.396274 0.765461 0.395779 0.769070 0.397993 0.773005 0.395096 0.775825 0.396510 0.789959 0.393448 0.797752 0.394108 0.806456 0.392789 0.816814 0.386618 0.819256 0.382567
0 0.749181 0.407909 0.744290 0.409110 0.736296 0.417684 0.728964 0.422936 0.724291 0.435608 0.728361 0.443734 0.740391 0.453415 0.745782 0.454899 0.773997 0.438200 0.778676 0.432429 0.779875 0.428566 0.778253 0.423290 0.774478 0.420181 0.762288 0.416506
0 0.699089 0.437586 0.695904 0.444510 0.702377 0.451812 0.709177 0.454003 0.717964 0.453132 0.726707 0.448586 0.726162 0.442226 0.722843 0.438128 0.718612 0.436008 0.707293 0.433582 0.702403 0.434783
0 0.707312 0.454285 0.698980 0.454167 0.685225 0.462693 0.678552 0.464625 0.667572 0.470890 0.660817 0.472373 0.640512 0.480052 0.635288 0.479463 0.618835 0.483796 0.614527 0.488130 0.621962 0.504029 0.630005 0.506031 0.646208 0.500355 0.651804 0.499507 0.669994 0.490769 0.680563 0.489168 0.689307 0.484622 0.713798 0.475390 0.716778 0.470797 0.716028 0.466769
0 0.552036 0.464928 0.546446 0.472677 0.545331 0.476987 0.545875 0.483347 0.549695 0.490130 0.564289 0.492981 0.572372 0.491756 0.579704 0.486504 0.582064 0.482005 0.581769 0.476988 0.572148 0.473384 0.556555 0.465164
0 0.448959 0.440053 0.434544 0.451900 0.428872 0.459201 0.427756 0.463512 0.428884 0.473004 0.431249 0.475406 0.431755 0.484993 0.435657 0.492224 0.448893 0.504943 0.455321 0.508571 0.462999 0.518911 0.471582 0.520372 0.485054 0.520631 0.489701 0.524989 0.493227 0.526755 0.497745 0.526991 0.508314 0.525389 0.514737 0.522116 0.522031 0.520090 0.546304 0.499387 0.547170 0.493734 0.544171 0.477623 0.544953 0.471523 0.541499 0.456401 0.529885 0.448958 0.516451 0.445472 0.502889 0.437863 0.496172 0.436120 0.482450 0.434518 0.456876 0.437933
0 0.428372 0.456516 0.425635 0.455550 0.409470 0.458000 0.399317 0.461839 0.381621 0.466360 0.378762 0.468174 0.379056 0.473191 0.384447 0.474675 0.396881 0.472791 0.410847 0.468834 0.424852 0.461651
0 0.452339 0.416994 0.458145 0.420715 0.477424 0.424696 0.492224 0.425215 0.501550 0.423802 0.504947 0.421446 0.501627 0.417348 0.492051 0.417419 0.472772 0.413437 0.456646 0.412660 0.454242 0.413484
0 0.418573 0.438215 0.413842 0.433410 0.395229 0.433009 0.390672 0.436000 0.388851 0.439957 0.386032 0.438544 0.384166 0.438826 0.382096 0.441441 0.377578 0.441205 0.375340 0.442924 0.355445 0.445939 0.350100 0.448129 0.344876 0.447540 0.334845 0.448600 0.330743 0.450602 0.325359 0.456019 0.323538 0.459976 0.323916 0.465441 0.326531 0.469186 0.331549 0.472106 0.342785 0.474085 0.349458 0.472154 0.356623 0.466007 0.363585 0.462191 0.374321 0.461485 0.380122 0.458305 0.387582 0.457175 0.394921 0.458824 0.402381 0.457693 0.417668 0.447094 0.419406 0.442690
0 0.211415 0.516997 0.214664 0.534451 0.217984 0.538549 0.221881 0.538879 0.248698 0.535276 0.266562 0.531649 0.283431 0.529553 0.288033 0.530236 0.297027 0.527033 0.315761 0.524655 0.320235 0.521216 0.316364 0.503857 0.311301 0.497261 0.275863 0.502631 0.260653 0.506776 0.255596 0.507082 0.253897 0.508260 0.246271 0.508495 0.243533 0.507529 0.235618 0.509649 0.215556 0.511768 0.212614 0.513134
0 0.139283 0.514122 0.140866 0.522625 0.149217 0.543446 0.152454 0.547097 0.154658 0.555506 0.159888 0.562996 0.164573 0.564127 0.177662 0.552021 0.192488 0.535510 0.202428 0.527102 0.205493 0.522956 0.205115 0.517492 0.201051 0.516267 0.185008 0.515937 0.173900 0.518080 0.165774 0.515630 0.148776 0.513604
0 0.904029 0.336592 0.905651 0.341868 0.920335 0.352067 0.926264 0.353009 0.930616 0.352350 0.933474 0.350536 0.935378 0.347027 0.934628 0.342999 0.932885 0.340503 0.927867 0.337582 0.915137 0.334449
0 0.812447 0.277305 0.808928 0.282439 0.811049 0.290401 0.815696 0.294758 0.836847 0.305358 0.862516 0.316193 0.865586 0.318949 0.871143 0.321328 0.875085 0.325332 0.891922 0.333365 0.901997 0.335980 0.915592 0.333459 0.918323 0.327524 0.916618 0.321800 0.911017 0.315747 0.907031 0.308068 0.899602 0.299071 0.889359 0.295561 0.880566 0.289531 0.871900 0.287623 0.858422 0.280462 0.846648 0.279025 0.840347 0.279520 0.821318 0.276881
0 0.814317 0.328558 0.809426 0.329759 0.801927 0.334116 0.796171 0.340970 0.793940 0.349591 0.798465 0.356728 0.803111 0.361085 0.807258 0.362758 0.819071 0.360968 0.826198 0.358048 0.833281 0.351453 0.835556 0.346506 0.834512 0.337462 0.828827 0.330961
0 0.811388 0.299092 0.806415 0.299846 0.802024 0.303732 0.798633 0.312988 0.782692 0.333810 0.783192 0.336495 0.786800 0.338709 0.791524 0.336613 0.798985 0.335482 0.812323 0.324719 0.822470 0.313978 0.821926 0.307619 0.818522 0.303073
0 0.719598 0.331406 0.712803 0.336116 0.707502 0.341981 0.705765 0.346385 0.707220 0.350766 0.718167 0.354630 0.724846 0.359600 0.729698 0.361625 0.732812 0.368056 0.730953 0.375239 0.734106 0.378443 0.740959 0.379199 0.755078 0.374345 0.760795 0.370718 0.768251 0.362686 0.771059 0.350297 0.769604 0.345916 0.766700 0.344055 0.763508 0.344079 0.755381 0.341629 0.751567 0.341746 0.745389 0.339462 0.731576 0.330511 0.727596 0.329733
0 0.703798 0.325517 0.692979 0.325776 0.685602 0.327353 0.678640 0.331169 0.662520 0.337293 0.658009 0.343958 0.658059 0.354534 0.665243 0.369090 0.675537 0.383176 0.682420 0.385814 0.686151 0.385249 0.688054 0.381739 0.682363 0.368337 0.681197 0.362072 0.682267 0.354087 0.690632 0.344077 0.698754 0.339625 0.707163 0.333290 0.708362 0.329427 0.706535 0.326483
0 0.651413 0.339436 0.644158 0.338234 0.628903 0.338705 0.618917 0.343439 0.611750 0.349587 0.606912 0.361363 0.607789 0.369513 0.611608 0.376297 0.618909 0.381172 0.628113 0.382539 0.633708 0.381691 0.636484 0.379430 0.642733 0.368360 0.654618 0.353215 0.655233 0.346219
0 0.494771 0.353046 0.490714 0.358722 0.490810 0.372972 0.494053 0.383525 0.495847 0.396597 0.501537 0.409999 0.508177 0.418196 0.513991 0.428819 0.526066 0.442174 0.531789 0.445448 0.534403 0.449194 0.543364 0.456119 0.559208 0.465682 0.590268 0.478001 0.618085 0.479768 0.621648 0.478308 0.625090 0.479627 0.632301 0.477154 0.638063 0.477202 0.643326 0.474564 0.657292 0.470607 0.660068 0.468346 0.666117 0.466509 0.672457 0.462787 0.683309 0.452400 0.685712 0.451576 0.689481 0.447784 0.695898 0.437609 0.702269 0.423760 0.700975 0.413372 0.698815 0.408638 0.691264 0.402420 0.681811 0.399711 0.677375 0.399923 0.667050 0.395965 0.660583 0.395565 0.643540 0.389864 0.637612 0.388922 0.607878 0.376862 0.597970 0.375142 0.586856 0.370384 0.557251 0.362446 0.536683 0.354978 0.530754 0.354036 0.513295 0.346098 0.508155 0.345957 0.501027 0.348877
0 0.458813 0.379661 0.457698 0.383971 0.460441 0.391838 0.467080 0.400035 0.471395 0.402603 0.475996 0.403286 0.485239 0.401425 0.493231 0.392852 0.493270 0.389625 0.491527 0.387128 0.476022 0.386256 0.469927 0.384419 0.462710 0.379991
0 0.382669 0.386136 0.375291 0.387714 0.369125 0.399232 0.358812 0.409077 0.350069 0.413623 0.346960 0.414094 0.343646 0.416897 0.344563 0.421819 0.352613 0.430723 0.363727 0.435481 0.372930 0.436848 0.384205 0.435599 0.392742 0.433386 0.395601 0.431572 0.392314 0.417345 0.392808 0.413129 0.396532 0.405663 0.403986 0.397631 0.401826 0.392897 0.398135 0.390235
0 0.152010 0.421085 0.145216 0.425795 0.143767 0.428315 0.143895 0.432437 0.163969 0.444120 0.170891 0.443532 0.176525 0.439457 0.175609 0.434534 0.170757 0.432509 0.156695 0.422215
0 0.105861 0.410131 0.094172 0.409141 0.076308 0.412768 0.072289 0.415218 0.059028 0.419528 0.046016 0.425180 0.035697 0.428124 0.026332 0.432764 0.023846 0.433141 0.020153 0.430479 0.019948 0.432811 0.014565 0.438228 0.012244 0.439500 0.007187 0.439806 0.002796 0.443693 0.012210 0.494263 0.014947 0.495229 0.014742 0.497560 0.012960 0.498291 0.020874 0.540805 0.033314 0.545823 0.044217 0.546011 0.054703 0.543962 0.067631 0.537862 0.073098 0.532893 0.079605 0.530066 0.126446 0.482936 0.145080 0.459406 0.148304 0.449255 0.147676 0.442448 0.144645 0.436465 0.138088 0.428716 0.129045 0.421343 0.116188 0.414088
0 0.239638 0.462565 0.239683 0.466239 0.245534 0.473635 0.251009 0.475567 0.258180 0.476321 0.266968 0.475449 0.280396 0.472035 0.285492 0.468502 0.289549 0.462825 0.288011 0.457997 0.285895 0.456937 0.248875 0.453803 0.243446 0.455546
0 0.297665 0.406838 0.292569 0.410371 0.289756 0.415859 0.290345 0.425893 0.292960 0.429638 0.306356 0.436351 0.310252 0.436681 0.322065 0.434891 0.325007 0.433525 0.330308 0.427660 0.329924 0.415295 0.324572 0.410584 0.321130 0.409265 0.321624 0.405049 0.313830 0.404389
0 0.298051 0.374569 0.292378 0.381871 0.286962 0.397416 0.283982 0.402009 0.283654 0.407120 0.285770 0.408180 0.293480 0.408393 0.301313 0.405825 0.323694 0.402434 0.329040 0.400244 0.326213 0.391929 0.321445 0.390351 0.307588 0.377726 0.303275 0.375158
0 0.275080 0.367927 0.269068 0.366537 0.257422 0.369222 0.249550 0.375016 0.235014 0.389642 0.231122 0.396214 0.229969 0.403751 0.232545 0.410723 0.238435 0.414892 0.243659 0.415481 0.258330 0.411878 0.263260 0.407450 0.268970 0.396921 0.280155 0.388324 0.282969 0.382836 0.281925 0.373792 0.279394 0.370494
0 0.262977 0.416235 0.258208 0.414657 0.239102 0.418472 0.234711 0.422358 0.228660 0.424196 0.222404 0.428365 0.212790 0.431662 0.210098 0.434370 0.206117 0.433593 0.203426 0.436302 0.197003 0.439575 0.192407 0.445794 0.184248 0.453472 0.177749 0.463199 0.177671 0.469653 0.179043 0.473587 0.182196 0.476790 0.189246 0.480323 0.197746 0.481336 0.216846 0.470620 0.219910 0.466474 0.226621 0.461316 0.229646 0.460398 0.237722 0.452272 0.239088 0.449304 0.242818 0.448739 0.254246 0.434583 0.259259 0.430603 0.262528 0.424126 0.263932 0.417931
0 0.366973 0.356764 0.355032 0.354432 0.330747 0.361333 0.325734 0.365313 0.324991 0.368187 0.326362 0.372120 0.332957 0.376643 0.338431 0.378574 0.346224 0.379234 0.352980 0.377751 0.361640 0.372757 0.367024 0.367340 0.369299 0.362394
0 0.515725 0.328244 0.508931 0.332955 0.507732 0.336818 0.508648 0.341741 0.511718 0.344496 0.521294 0.344426 0.528005 0.339268 0.527461 0.332908 0.520244 0.328480
0 0.402898 0.340278 0.403315 0.342515 0.399751 0.343976 0.397143 0.347132 0.399104 0.361099 0.403795 0.369131 0.412877 0.373277 0.416857 0.374054 0.426100 0.372194 0.428420 0.370922 0.429618 0.367059 0.427702 0.356766 0.425876 0.353822 0.417993 0.345813 0.409077 0.342563 0.405886 0.342586 0.404142 0.340089
0 0.525128 0.320378 0.524884 0.325936 0.529575 0.333968 0.537081 0.336512 0.543548 0.336913 0.560252 0.333922 0.565059 0.332273 0.569450 0.328387 0.569859 0.323723 0.568117 0.321227 0.556131 0.315220 0.550036 0.313383 0.536191 0.314560 0.528980 0.317033
0 0.915724 0.248313 0.914025 0.249490 0.909686 0.263952 0.906083 0.268639 0.902525 0.277001 0.895360 0.283148 0.880938 0.288094 0.884174 0.291745 0.891930 0.295632 0.902005 0.298246 0.913902 0.296904 0.918004 0.294902 0.923388 0.289485 0.927651 0.281477 0.928882 0.267486 0.925677 0.253707 0.922441 0.250056
0 0.929485 0.246688 0.926960 0.250291 0.927671 0.257546 0.930953 0.264871 0.936387 0.270030 0.940617 0.272150 0.948578 0.273704 0.957449 0.273281 0.964038 0.270902 0.967807 0.267110 0.969005 0.263247 0.967422 0.254744 0.961654 0.247796 0.956180 0.245864 0.937484 0.245016
0 0.879107 0.233614 0.874633 0.237053 0.875883 0.243766 0.891566 0.259335 0.895091 0.261102 0.901847 0.259618 0.909179 0.254366 0.913237 0.248689 0.912154 0.242872 0.904688 0.237101 0.894361 0.233143 0.891253 0.233614 0.885946 0.232578
0 0.827287 0.229962 0.823768 0.235097 0.822280 0.240844 0.824235 0.247910 0.829959 0.251184 0.833900 0.255188 0.834157 0.263432 0.831342 0.268920 0.832342 0.274290 0.834002 0.276340 0.839392 0.277824 0.854358 0.279237 0.858711 0.278578 0.861652 0.277212 0.865171 0.272077 0.870300 0.258416 0.865307 0.238466 0.858834 0.231164 0.849131 0.227112 0.842663 0.226712
0 0.970625 0.965645 0.968016 0.968801 0.968849 0.973276 0.972875 0.977728 0.977976 0.981096 0.981251 0.981520 0.989334 0.980296 0.992231 0.975255 0.989776 0.965504 0.982892 0.962866
0 0.775091 0.969503 0.771277 0.969620 0.759797 0.973200 0.749850 0.974708 0.743262 0.977086 0.742518 0.979960 0.744511 0.983799 0.753599 0.994846 0.759655 0.999910 0.762309 1.000000 0.777686 0.997179 0.779839 0.995012 0.782564 0.982175 0.779821 0.974308
0 0.595517 0.973243 0.587024 0.979132 0.582345 0.984902 0.575146 1.000000 0.574902 1.000000 0.580587 1.000000 0.588426 1.000000 0.599373 1.000000 0.609411 1.000000 0.626754 1.000000 0.637329 1.000000 0.654160 1.000000 0.664191 1.000000 0.672024 1.000000 0.682548 1.000000 0.686938 1.000000 0.695675 1.000000 0.704995 1.000000 0.710046 1.000000 0.726455 1.000000 0.731217 0.998237 0.733076 0.991053 0.731826 0.984341 0.726847 0.978193 0.712785 0.967900 0.704491 0.964555 0.694498 0.962387 0.670412 0.960055 0.665022 0.958571 0.650472 0.959395 0.642556 0.961515 0.629417 0.963045 0.623533 0.965777 0.617938 0.966625 0.613214 0.968721 0.605048 0.969499
0 0.760182 0.006835 0.754996 0.003020 0.742191 0.006340 0.721674 0.009449 0.715706 0.011733 0.710027 0.012134 0.701823 0.016138 0.689638 0.019364 0.687402 0.021084 0.687735 0.022874 0.700721 0.034250 0.705739 0.037171 0.712373 0.038467 0.718672 0.037973 0.749714 0.029588 0.758374 0.024595 0.760149 0.016963
0 0.573884 0.001932 0.570654 0.005182 0.568090 0.012012 0.569340 0.018725 0.572781 0.020044 0.581736 0.020068 0.584555 0.021482 0.591106 0.022330 0.600354 0.027370 0.603380 0.026452 0.604906 0.017478 0.603823 0.011660 0.601291 0.008363 0.592664 0.003228 0.578237 0.001272
0 0.518878 0.005204 0.514071 0.006853 0.508065 0.012364 0.502938 0.026025 0.496271 0.034858 0.497726 0.039239 0.507968 0.042749 0.517915 0.041242 0.529767 0.036225 0.536227 0.029724 0.531281 0.013448 0.524352 0.007136
0 0.374062 0.030827 0.368261 0.034007 0.365903 0.038506 0.365037 0.044158 0.366742 0.049882 0.370599 0.053439 0.376073 0.055370 0.388758 0.054829 0.392155 0.052474 0.392815 0.049153 0.389572 0.038600 0.383182 0.031746 0.379036 0.030074
0 0.253409 0.052329 0.247147 0.049597 0.242090 0.049903 0.230034 0.057251 0.225227 0.058900 0.221913 0.061702 0.214202 0.061490 0.213086 0.065801 0.216368 0.073126 0.224829 0.077366 0.238295 0.070724 0.247954 0.071101 0.253921 0.068817 0.257152 0.065566 0.258267 0.061256 0.256646 0.055980
0 0.171053 0.066648 0.170309 0.069521 0.172764 0.079273 0.181225 0.083512 0.189268 0.085515 0.199549 0.085797 0.215547 0.082453 0.216624 0.081370 0.216496 0.077248 0.192531 0.072136 0.178098 0.063280 0.173746 0.063939
0 0.052689 0.097005 0.045311 0.098583 0.039433 0.108217 0.031562 0.114011 0.025602 0.123197 0.007500 0.139284 0.005058 0.143335 0.005891 0.147810 0.009461 0.153251 0.017632 0.159375 0.033599 0.166159 0.049270 0.167926 0.054160 0.166725 0.055930 0.152192 0.062012 0.140227 0.072409 0.130829 0.078287 0.121196 0.083132 0.116321 0.088311 0.113235 0.085614 0.109042 0.076653 0.102117 0.062431 0.097830
0 1.000000 0.244381 1.000000 0.247396 0.996977 0.252107 0.990137 0.253143 0.986824 0.255946 0.982926 0.255616 0.976755 0.260232 0.969351 0.278840 0.973792 0.285529 0.973131 0.288850 0.976124 0.298060 0.981309 0.301876 0.990930 0.305479 0.999096 0.304702 1.000000 0.305927 1.000000 0.300322 1.000000 0.294975 1.000000 0.289111 1.000000 0.285695 1.000000 0.284424 1.000000 0.266970 1.000000 0.266004 1.000000 0.252885 1.000000 0.245865
1 0.139020 0.508102 0.291956 0.338083 0.321383 0.368586 0.332820 0.401042 0.329418 0.434969 0.305227 0.467380 0.281028 0.488140 0.247445 0.504884 0.234221 0.509216 0.209022 0.513034 0.195516 0.515858 0.188938 0.515304
0 0.425574 0.386538 0.422631 0.387904 0.416876 0.394758 0.410287 0.397137 0.405274 0.401117 0.403582 0.409196 0.408812 0.416686 0.415240 0.420314 0.423200 0.421869 0.437045 0.420691 0.447820 0.416758 0.456768 0.409880 0.459582 0.404392 0.460735 0.396855 0.459735 0.391485 0.457121 0.387740 0.453679 0.386421 0.437097 0.386632 0.431170 0.385690
0 0.899318 0.352491 0.896414 0.350630 0.891191 0.350041 0.882654 0.352255 0.880499 0.354422 0.877397 0.361794 0.866789 0.366622 0.863681 0.367093 0.856092 0.364102 0.851740 0.364761 0.844945 0.369472 0.844786 0.375478 0.854822 0.381319 0.872609 0.384146 0.886203 0.381626 0.892748 0.375573 0.899080 0.364951 0.900485 0.358756
0 0.929717 0.368131 0.934326 0.375715 0.941830 0.378260 0.955509 0.376187 0.968231 0.372419 0.973532 0.366554 0.972783 0.362526 0.968386 0.359511 0.962291 0.357674 0.950683 0.357132 0.937172 0.360099 0.930916 0.364268
1 0.781799 0.261532 1.000000 0.359256 0.968660 0.383954 0.921837 0.393381 0.878861 0.394454 0.834967 0.384788 0.804564 0.360644 0.782138 0.332964 0.775039 0.300628
0 0.129047 0.517513 0.124612 0.517725 0.117196 0.522530 0.104018 0.527287 0.097179 0.528324 0.087808 0.526062 0.083623 0.527617 0.083501 0.530396 0.087237 0.536732 0.092756 0.542338 0.102171 0.548274 0.113573 0.551148 0.122732 0.548840 0.128283 0.544317 0.132668 0.533530 0.130624 0.519115
0 0.547965 0.501436 0.548259 0.506453 0.553527 0.510717 0.559706 0.513001 0.566795 0.513308 0.576659 0.511353 0.583370 0.506195 0.586389 0.498375 0.584480 0.494983 0.570301 0.494371 0.553060 0.497903
1 0.221900 0.559583 0.216887 0.563563 0.213452 0.569145 0.202311 0.581417 0.199010 0.598022 0.203419 0.614839 0.206989 0.620280 0.216198 0.628548 0.233946 0.634602 0.246675 0.637735 0.253765 0.638041 0.284146 0.632978 0.289491 0.630787 0.295087 0.629940 0.297862 0.627678 0.303829 0.625394 0.309919 0.620330 0.320975 0.607611 0.326641 0.593408 0.325014 0.581231 0.321938 0.571574 0.312850 0.560527 0.293814 0.550987 0.272669 0.547289 0.256876 0.548301 0.254139 0.547335 0.249082 0.547642 0.246846 0.549361 0.239013 0.551928 0.225713 0.559465
0 0.469914 0.556056 0.462287 0.556291 0.458396 0.562862 0.456159 0.564582 0.452345 0.564699 0.448493 0.568044 0.444064 0.575157 0.439674 0.579043 0.437397 0.583990 0.430976 0.587263 0.414778 0.599841 0.405497 0.604928 0.403510 0.607990 0.406041 0.611288 0.412842 0.613478 0.421469 0.618613 0.434486 0.619862 0.441242 0.618378 0.452843 0.612019 0.466349 0.602150 0.476245 0.590067 0.473329 0.574404 0.475478 0.565336 0.473523 0.558270
0 0.659623 0.527772 0.652700 0.528361 0.645406 0.530386 0.642548 0.532200 0.636169 0.539148 0.627055 0.545130 0.622748 0.549464 0.618197 0.559357 0.622222 0.563808 0.627446 0.564397 0.638104 0.570145 0.654691 0.576835 0.659043 0.576175 0.676901 0.565647 0.681708 0.563998 0.686016 0.559665 0.692720 0.547605 0.692676 0.543931 0.677249 0.536605 0.674095 0.533402 0.669160 0.530929
1 0.729388 0.468247 0.695283 0.498561 0.694855 0.548050 0.723855 0.609986 0.752868 0.607325 0.818974 0.583868 0.771193 0.527810
0 0.818775 0.541390 0.816705 0.544004 0.802162 0.551730 0.800258 0.555239 0.803168 0.564001 0.811712 0.568689 0.817639 0.569631 0.823857 0.568689 0.830280 0.565415 0.834587 0.561081 0.836779 0.555688 0.836484 0.550671 0.825576 0.543581 0.820974 0.542898
0 0.163579 0.098610 0.153548 0.099670 0.140697 0.099316 0.117527 0.101906 0.095234 0.112646 0.089100 0.114036 0.083216 0.116768 0.070338 0.133444 0.068685 0.138296 0.080682 0.158105 0.089771 0.169152 0.094001 0.171272 0.102000 0.169600 0.111531 0.165855 0.116588 0.165549 0.122139 0.161026 0.164198 0.143150 0.173357 0.140842 0.178453 0.137309 0.184421 0.135025 0.186614 0.129631 0.182255 0.123389 0.180223 0.122777 0.178435 0.116605 0.167270 0.101272
0 0.301717 0.068017 0.294250 0.062246 0.286661 0.059255 0.282764 0.058925 0.269709 0.060903 0.258395 0.065378 0.252928 0.070348 0.233244 0.077931 0.228725 0.077696 0.219528 0.083231 0.211695 0.085798 0.192139 0.097504 0.184146 0.106077 0.182038 0.111918 0.183370 0.119079 0.186940 0.124520 0.194945 0.129749 0.202823 0.130856 0.214718 0.129514 0.223007 0.125957 0.237217 0.116442 0.250228 0.110789 0.253958 0.110224 0.259509 0.105702 0.263239 0.105137 0.268251 0.101156 0.276623 0.098047 0.280558 0.095150 0.294108 0.088956 0.302267 0.081278 0.304005 0.076873
0 0.327778 0.053485 0.320157 0.060621 0.315644 0.067287 0.315067 0.071056 0.316650 0.079559 0.318393 0.082055 0.324655 0.084788 0.360145 0.089994 0.364414 0.088887 0.357683 0.073342 0.347596 0.056924 0.343654 0.052920 0.337642 0.051530
0 0.390957 0.056336 0.385450 0.064533 0.386950 0.072588 0.401377 0.074544 0.410543 0.079137 0.414567 0.083589 0.419708 0.083730 0.427828 0.079279 0.431970 0.074050 0.432835 0.068397 0.430797 0.060883 0.425362 0.055725 0.412678 0.056266 0.395764 0.054688
0 0.525901 0.070401 0.516280 0.066797 0.512011 0.067904 0.507948 0.066679 0.489502 0.067173 0.464882 0.072284 0.451743 0.073815 0.436078 0.078949 0.429239 0.079985 0.420829 0.086321 0.428193 0.115575 0.433167 0.114821 0.436025 0.113008 0.442287 0.115740 0.457747 0.112938 0.469105 0.112137 0.478802 0.109287 0.497537 0.106909 0.502966 0.105166 0.514856 0.096923 0.528822 0.092966 0.532053 0.089716 0.528682 0.075042
0 0.540914 0.030855 0.536477 0.031067 0.524505 0.038863 0.516423 0.040087 0.509378 0.043455 0.508179 0.047318 0.509678 0.055374 0.513954 0.061168 0.520921 0.064254 0.529503 0.065714 0.534477 0.064961 0.537624 0.061263 0.541636 0.051912 0.553443 0.043221 0.551822 0.037945 0.548668 0.034741
0 0.553077 0.051559 0.549142 0.054456 0.546245 0.059496 0.545585 0.062817 0.547206 0.068094 0.550442 0.071745 0.557659 0.076173 0.564293 0.077468 0.568023 0.076903 0.572747 0.074807 0.575356 0.071651 0.574894 0.065739 0.570409 0.055375 0.564435 0.050758
0 0.934245 0.471438 0.935783 0.476267 0.947191 0.486042 0.953542 0.496123 0.968393 0.507217 0.973091 0.522150 0.977821 0.526955 0.982217 0.529970 1.000000 0.532067 1.000000 0.540618 1.000000 0.539558 1.000000 0.531409 1.000000 0.525568 1.000000 0.516005 1.000000 0.511930 1.000000 0.507738 1.000000 0.462538 1.000000 0.463739 1.000000 0.460983 1.000000 0.462019 1.000000 0.461713 1.000000 0.464798 1.000000 0.465316 1.000000 0.467224 1.000000 0.465010 0.996917 0.464703 0.984309 0.458791 0.963126 0.458319 0.954339 0.459191 0.937763 0.466304
0 0.054885 0.654830 0.049994 0.656031 0.045065 0.660459 0.043200 0.660742 0.049114 0.692516 0.055620 0.689690 0.065190 0.682718 0.068337 0.679020 0.073683 0.676830 0.076374 0.674121 0.077573 0.670258 0.073548 0.665807
0 0.606278 0.000000 0.598946 0.000000 0.593607 0.000000 0.595523 0.001414 0.619372 0.016206 0.631568 0.026782 0.642311 0.032977 0.650560 0.032648 0.667052 0.025087 0.676205 0.015878 0.680672 0.005538 0.680372 0.000000 0.674604 0.000000 0.661830 0.000000 0.638775 0.000000 0.618919 0.000000
0 0.833096 0.003610 0.828911 0.005165 0.822533 0.012113 0.803516 0.023277 0.777198 0.029565 0.755931 0.028646 0.754483 0.031166 0.755400 0.036089 0.766763 0.042190 0.782312 0.046736 0.793298 0.047372 0.806809 0.044405 0.813770 0.040589 0.830128 0.022006 0.834512 0.011218
0 0.844621 0.003705 0.842550 0.006319 0.842267 0.015105 0.846087 0.021888 0.851272 0.025704 0.859650 0.029496 0.866821 0.030250 0.875443 0.028484 0.883025 0.024574 0.886172 0.020877 0.886582 0.016213 0.883218 0.008440 0.879359 0.004883 0.869739 0.001279 0.860536 0.000000 0.849261 0.001161
0 0.980566 0.163944 0.967265 0.171481 0.961138 0.179772 0.962054 0.184695 0.976692 0.191220 0.981962 0.195483 0.985614 0.201372 0.988319 0.212465 0.996280 0.214020 1.000000 0.212065 1.000000 0.207967 1.000000 0.201632 1.000000 0.173438 1.000000 0.173202 1.000000 0.170281 1.000000 0.170234 0.988731 0.163167
0 0.128485 0.164206 0.122889 0.165054 0.115844 0.168422 0.112076 0.172214 0.109679 0.179940 0.112004 0.185569 0.119099 0.192777 0.124573 0.194709 0.127765 0.194685 0.131329 0.193225 0.133316 0.190163 0.136906 0.171673 0.134497 0.165596
0 0.317796 0.109755 0.317924 0.113877 0.321245 0.117975 0.329417 0.124099 0.337293 0.125206 0.350151 0.132461 0.354047 0.132791 0.365577 0.139787 0.375653 0.142402 0.385357 0.146453 0.393606 0.146124 0.403765 0.149186 0.413175 0.148220 0.436672 0.140519 0.439819 0.136821 0.438319 0.128766 0.429071 0.123725 0.413233 0.121063 0.388846 0.106812 0.380885 0.105257 0.369938 0.101394 0.366746 0.101418 0.360317 0.097790 0.354305 0.096401 0.350492 0.096518 0.347011 0.098426 0.338140 0.098850 0.333295 0.103725 0.328693 0.103042
0 0.597045 0.081709 0.591700 0.083899 0.584988 0.089057 0.585283 0.094074 0.608562 0.119537 0.610677 0.120596 0.614490 0.120479 0.628245 0.111953 0.630976 0.106017 0.624708 0.096384 0.616202 0.088469 0.604051 0.081568
0 0.631867 0.083335 0.633867 0.094076 0.653158 0.111859 0.665144 0.117866 0.670906 0.117913 0.691256 0.113909 0.693949 0.111201 0.710646 0.101308 0.713255 0.098152 0.712050 0.095114 0.709229 0.093701 0.683739 0.097563 0.676233 0.095019 0.665414 0.095278 0.661806 0.093063 0.648288 0.089130 0.636675 0.081686 0.632861 0.081804
0 0.772779 0.095115 0.765191 0.092124 0.759968 0.091535 0.734394 0.094949 0.717735 0.101615 0.713921 0.101732 0.713633 0.103617 0.709781 0.106961 0.708715 0.121847 0.711881 0.138853 0.713708 0.141797 0.717938 0.143917 0.722911 0.143164 0.726226 0.140361 0.731348 0.119799 0.737354 0.114287 0.754467 0.106633 0.773657 0.103265 0.775189 0.101192
0 0.967758 0.026461 0.958843 0.023210 0.952375 0.022809 0.944543 0.025377 0.936588 0.030723 0.930910 0.031123 0.915610 0.027920 0.907445 0.028697 0.893395 0.032206 0.881006 0.037764 0.870731 0.044383 0.842483 0.071210 0.815422 0.080372 0.803071 0.082703 0.787284 0.090617 0.785753 0.092689 0.782727 0.093608 0.774240 0.106398 0.773292 0.111603 0.776829 0.127172 0.783636 0.136264 0.813330 0.151551 0.824277 0.155414 0.838000 0.157016 0.845833 0.154449 0.851845 0.155839 0.865067 0.154756 0.868425 0.155627 0.871989 0.154167 0.883181 0.152471 0.886661 0.150564 0.903653 0.145688 0.922215 0.135514 0.927144 0.131086 0.930708 0.129625 0.937873 0.123478 0.943674 0.120298 0.962102 0.099100 0.968723 0.086594 0.973025 0.075359 0.973391 0.067020 0.975416 0.060732 0.974744 0.050250 0.977801 0.039204 0.975141 0.031784
0 0.008728 0.214561 0.002222 0.217388 0.000000 0.221886 0.000324 0.227798 0.016256 0.289345 0.021069 0.294598 0.028036 0.297683 0.033260 0.298272 0.040638 0.296694 0.043374 0.297660 0.047476 0.295658 0.051540 0.296883 0.054854 0.294080 0.055220 0.285742 0.052970 0.273659 0.048983 0.265980 0.047811 0.252814 0.040242 0.225892 0.033519 0.217247 0.027090 0.213620 0.018675 0.213054
0 0.177675 0.194945 0.176810 0.200598 0.177932 0.203189 0.182700 0.204767 0.192853 0.200928 0.195506 0.201447 0.205370 0.199492 0.216978 0.200034 0.228547 0.203803 0.237758 0.212070 0.244564 0.221162 0.247300 0.222128 0.252274 0.221375 0.253890 0.219749 0.254672 0.213649 0.247276 0.194523 0.241796 0.185690 0.236611 0.181874 0.225914 0.179354 0.217127 0.180225 0.203948 0.184983 0.193296 0.186137 0.189899 0.188492 0.185547 0.189151 0.182067 0.191059
0 0.414359 0.175189 0.417057 0.179382 0.429453 0.180725 0.442798 0.176862 0.447271 0.173424 0.448015 0.170550 0.445111 0.168689 0.438645 0.168289 0.422480 0.170738 0.416513 0.173023
0 0.403983 0.160656 0.404732 0.164684 0.412154 0.166781 0.415763 0.168995 0.426127 0.169725 0.441670 0.167370 0.452284 0.169443 0.458335 0.167606 0.471268 0.168407 0.489132 0.164780 0.497381 0.164451 0.504592 0.161978 0.516943 0.159646 0.524115 0.160400 0.549439 0.155643 0.560047 0.150815 0.572398 0.148483 0.579647 0.142783 0.578109 0.137955 0.574334 0.134846 0.565336 0.131147 0.556048 0.129334 0.538928 0.130087 0.534698 0.127967 0.529808 0.129168 0.527155 0.128650 0.524212 0.130016 0.516502 0.129804 0.505311 0.131499 0.501748 0.132960 0.488358 0.133148 0.471738 0.136586 0.451099 0.142474 0.446997 0.144476 0.438210 0.145347 0.430793 0.150152 0.425820 0.150906
0 0.507752 0.172083 0.499713 0.176982 0.498932 0.183082 0.504950 0.191373 0.516813 0.200159 0.520645 0.220745 0.523177 0.224043 0.525997 0.225456 0.537810 0.223666 0.545142 0.218414 0.546052 0.216435 0.545053 0.211065 0.531651 0.197451 0.525288 0.173567 0.520019 0.169304
0 0.646824 0.167116 0.648401 0.168718 0.653541 0.168859 0.664321 0.171827 0.679288 0.173241 0.690812 0.173335 0.697651 0.172299 0.700881 0.169049 0.698472 0.162972 0.696190 0.161017 0.691588 0.160334 0.676251 0.160357 0.653618 0.162406 0.649972 0.163418
0 0.729296 0.143117 0.725399 0.142787 0.719598 0.145967 0.707920 0.158780 0.705605 0.166953 0.704624 0.182286 0.701932 0.184995 0.698913 0.192815 0.694523 0.196701 0.693157 0.199669 0.693618 0.205581 0.696605 0.207889 0.701662 0.207583 0.710444 0.199810 0.723493 0.190931 0.733646 0.187092 0.742261 0.178424 0.742505 0.172866 0.732283 0.145425
0 0.738892 0.119116 0.738321 0.129786 0.732981 0.138877 0.733814 0.143353 0.747537 0.144954 0.762914 0.141704 0.769252 0.137983 0.773515 0.129975 0.772432 0.124157 0.770856 0.122555 0.762895 0.121001 0.756511 0.121048 0.743699 0.117467
0 0.263064 0.001170 0.253283 0.003573 0.248726 0.006564 0.245745 0.011157 0.245335 0.015820 0.247872 0.026019 0.252269 0.029034 0.260351 0.027810 0.267563 0.025337 0.272492 0.020909 0.274350 0.013725 0.272229 0.005764
0 0.035745 0.016286 0.031355 0.020173 0.029989 0.023140 0.030617 0.029947 0.033232 0.033692 0.038333 0.037061 0.044429 0.038898 0.053921 0.038380 0.058562 0.035837 0.062164 0.031149 0.063113 0.025944 0.061491 0.020668 0.056223 0.016405 0.051455 0.014826 0.045859 0.015674 0.041879 0.014897
0 0.286535 0.010498 0.287618 0.016316 0.291188 0.021757 0.305538 0.030166 0.316152 0.032239 0.342559 0.033300 0.369210 0.028801 0.371447 0.027082 0.375178 0.026517 0.376459 0.023102 0.383548 0.023408 0.402072 0.016460 0.423326 0.003577 0.429248 0.000000 0.433428 0.000000 0.434543 0.000000 0.433044 0.000000 0.428064 0.000000 0.418193 0.000000 0.404388 0.000000 0.378884 0.000000 0.377142 0.000000 0.322430 0.000000 0.322763 0.000000 0.313860 0.000000 0.310758 0.000000 0.305251 0.000000 0.301316 0.000000 0.293856 0.000000 0.293567 0.000000 0.291080 0.000000 0.293073 0.000000 0.289926 0.001242
0 0.373332 0.188308 0.372133 0.192171 0.373216 0.197988 0.376618 0.202535 0.394744 0.214053 0.405237 0.218905 0.411082 0.219400 0.418209 0.216479 0.429933 0.207341 0.434983 0.200133 0.434067 0.195211 0.431536 0.191913 0.428093 0.190594 0.419473 0.192360 0.413089 0.192407 0.405751 0.190758 0.394932 0.191017 0.382408 0.185552 0.376190 0.186494
0 0.501879 0.188617 0.496694 0.184801 0.493419 0.184377 0.485336 0.185602 0.479165 0.190218 0.472037 0.193139 0.468101 0.196036 0.454840 0.200346 0.451443 0.202701 0.443072 0.205810 0.437604 0.210780 0.439143 0.215608 0.443002 0.219165 0.450756 0.223052 0.459422 0.224960 0.474965 0.222605 0.477740 0.220344 0.480848 0.219873 0.489675 0.215774 0.498001 0.208991 0.504001 0.196578 0.503873 0.192457
0 0.568064 0.169846 0.565250 0.175334 0.566333 0.181152 0.573884 0.187371 0.590221 0.192718 0.600996 0.188784 0.603687 0.186076 0.604803 0.181766 0.603387 0.174158 0.598036 0.169447 0.593888 0.167774 0.586095 0.167115 0.576602 0.167633
0 0.622085 0.130372 0.619015 0.127616 0.609478 0.124459 0.599986 0.124977 0.581712 0.133268 0.579725 0.136330 0.580308 0.139462 0.583378 0.142218 0.589306 0.143161 0.608042 0.140782 0.620598 0.136119 0.622502 0.132609
0 0.376427 0.174034 0.377177 0.178062 0.380414 0.181713 0.391483 0.182797 0.401431 0.181290 0.412827 0.177262 0.415724 0.172222 0.415308 0.169984 0.410994 0.167417 0.400297 0.164896 0.390267 0.165956 0.383222 0.169324 0.378870 0.169983
0 0.495631 0.014248 0.490695 0.011775 0.463551 0.020489 0.452444 0.022632 0.420858 0.024657 0.418454 0.025482 0.419581 0.034974 0.426139 0.042723 0.440700 0.055702 0.450488 0.060201 0.456787 0.059706 0.476843 0.050686 0.487323 0.041735 0.490470 0.038038 0.496548 0.019171
0 0.343721 0.173468 0.345796 0.177755 0.359026 0.183573 0.363294 0.182466 0.374274 0.176201 0.376344 0.173587 0.376838 0.169371 0.367923 0.166120 0.356937 0.165484 0.348937 0.167156
0 0.157954 0.205756 0.155511 0.209807 0.156472 0.218404 0.162323 0.225800 0.173726 0.228674 0.183673 0.227167 0.190096 0.223893 0.192789 0.221184 0.194525 0.216780 0.192365 0.212046 0.178432 0.205874 0.168234 0.206039 0.162222 0.204649
0 0.070162 0.214916 0.066560 0.219603 0.065445 0.223914 0.066362 0.228836 0.075410 0.243110 0.090300 0.250978 0.097593 0.248952 0.113220 0.247045 0.116162 0.245679 0.116444 0.236893 0.120540 0.227990 0.116471 0.219864 0.116253 0.208393 0.108915 0.206744 0.091006 0.206697 0.082469 0.208910
0 0.497877 0.115600 0.502190 0.118168 0.518066 0.117603 0.528642 0.122903 0.536436 0.123562 0.542652 0.122621 0.547915 0.119983 0.550441 0.116379 0.560632 0.109313 0.562080 0.106793 0.570202 0.102341 0.570445 0.096783 0.568869 0.095181 0.564971 0.094851 0.551916 0.096829 0.537776 0.092990 0.524015 0.094615 0.517676 0.098336 0.512247 0.100079 0.510260 0.103141 0.501063 0.108676 0.497460 0.113363
0 0.332403 0.126408 0.328756 0.127420 0.320391 0.137430 0.315135 0.146970 0.312616 0.157474 0.313782 0.163740 0.319339 0.166119 0.333144 0.168168 0.338035 0.166967 0.341016 0.162374 0.348080 0.135076 0.347580 0.132391 0.344510 0.129635
0 0.249181 0.146379 0.246945 0.148098 0.245207 0.152503 0.247328 0.160464 0.252225 0.166164 0.264627 0.174409 0.275159 0.176034 0.282452 0.174009 0.286509 0.168332 0.286920 0.163668 0.284715 0.155260 0.280607 0.150360 0.274179 0.146733 0.260789 0.146921 0.256559 0.144801
0 0.233344 0.143717 0.223890 0.141008 0.213776 0.141620 0.199643 0.144682 0.190112 0.148427 0.176978 0.156859 0.160654 0.165314 0.153365 0.174241 0.149807 0.182602 0.150231 0.191741 0.152679 0.194591 0.164248 0.198360 0.174900 0.197206 0.182976 0.189081 0.187861 0.180978 0.194572 0.175820 0.205179 0.170992 0.209615 0.170780 0.216742 0.167859 0.224825 0.166635 0.230708 0.163903 0.234932 0.159121 0.237209 0.154175 0.236997 0.149606
0 0.026945 0.188794 0.027406 0.194706 0.036366 0.201631 0.047685 0.204057 0.057260 0.203987 0.064016 0.202503 0.070977 0.198688 0.072298 0.192046 0.070676 0.186770 0.068062 0.183024 0.060306 0.179138 0.040617 0.179820 0.032950 0.183283
0 0.827294 0.051424 0.820366 0.045112 0.814270 0.043274 0.799516 0.046430 0.796118 0.048786 0.789452 0.057618 0.790368 0.062541 0.795925 0.064920 0.807783 0.066804 0.815243 0.065674 0.821044 0.062494 0.827050 0.056983
0 0.693873 0.073020 0.694001 0.077142 0.699770 0.084090 0.709473 0.088142 0.715774 0.087647 0.721575 0.084468 0.726632 0.084162 0.728330 0.082984 0.737118 0.082113 0.749597 0.083903 0.760255 0.089651 0.773773 0.093584 0.779368 0.092736 0.789438 0.088450 0.794200 0.083127 0.792618 0.074624 0.787183 0.069465 0.774409 0.062658 0.758860 0.058112 0.747419 0.058465 0.743976 0.057146 0.731665 0.056250 0.720473 0.057946 0.705969 0.062444 0.698386 0.066354
0 0.690118 0.045980 0.681992 0.043530 0.675402 0.045909 0.668524 0.050172 0.663301 0.049583 0.663179 0.052363 0.655225 0.057709 0.646405 0.068708 0.647238 0.073184 0.651801 0.077094 0.657980 0.079379 0.668094 0.078766 0.682183 0.072030 0.688355 0.067414 0.695477 0.057592 0.695181 0.052575
1 0.068519 0.623987 0.140560 0.558687 0.160794 0.568827 0.208252 0.643998 0.219887 0.660107 0.184202 0.677165 0.149353 0.687106 0.091979 0.715227 0.058038 0.740455 0.041039 0.649133
0 0.621717 0.042539 0.616499 0.048852 0.615717 0.054952 0.617088 0.058886 0.626587 0.065269 0.635791 0.066635 0.641470 0.066235 0.647393 0.060276 0.646226 0.054011 0.642156 0.045885 0.636721 0.040726 0.633363 0.039855
0 0.300754 0.104054 0.283339 0.099791 0.272770 0.101392 0.267591 0.104477 0.257278 0.114323 0.256079 0.118185 0.258489 0.124262 0.265956 0.130033 0.271968 0.131423 0.281377 0.130457 0.290908 0.126713 0.304952 0.116302 0.306938 0.113240 0.306022 0.108318
0 0.089652 0.082662 0.085967 0.086902 0.085390 0.090670 0.086389 0.096041 0.090665 0.101835 0.098791 0.104285 0.111143 0.101953 0.115617 0.098515 0.119052 0.092932 0.118053 0.087562 0.115687 0.085160 0.107144 0.080472 0.100677 0.080072
0 0.295808 0.043144 0.288809 0.050186 0.290392 0.058689 0.303165 0.065497 0.309632 0.065897 0.315766 0.064508 0.327073 0.053132 0.325535 0.048303 0.322382 0.045100 0.316741 0.042273 0.306749 0.040106
0 0.756952 0.150890 0.747806 0.167001 0.746235 0.172300 0.748312 0.176587 0.759175 0.180003 0.773686 0.182406 0.777212 0.184172 0.815854 0.192582 0.828044 0.196257 0.839280 0.198235 0.842844 0.196775 0.849343 0.187048 0.855010 0.172845 0.842814 0.162269 0.833026 0.157770 0.792890 0.148206 0.767521 0.149289 0.763541 0.148511 0.759811 0.149077
0 0.940610 0.124444 0.935515 0.127977 0.932990 0.131580 0.935322 0.144111 0.941296 0.148728 0.955595 0.146561 0.962139 0.140508 0.963338 0.136645 0.962505 0.132170 0.959184 0.128072 0.951968 0.123643 0.948692 0.123219
0 0.051343 0.261482 0.052259 0.266404 0.055412 0.269608 0.056700 0.273094 0.063379 0.278064 0.072384 0.288663 0.076697 0.291231 0.106493 0.327669 0.112806 0.340977 0.119196 0.347831 0.123260 0.349056 0.133579 0.346112 0.154795 0.336456 0.162794 0.334784 0.168800 0.329272 0.175389 0.326893 0.179286 0.327223 0.181189 0.323714 0.186785 0.322866 0.198636 0.317849 0.224787 0.310666 0.238254 0.304024 0.264738 0.298631 0.271326 0.296252 0.277005 0.295852 0.280403 0.293497 0.287241 0.292461 0.289895 0.292979 0.312732 0.288599 0.325417 0.288057 0.340338 0.285796 0.348708 0.282687 0.350074 0.279720 0.349933 0.261795 0.348267 0.252845 0.350044 0.245213 0.349127 0.240291 0.350614 0.234543 0.350769 0.221636 0.347987 0.216996 0.344712 0.216572 0.332444 0.219351 0.329047 0.221706 0.319971 0.224462 0.311183 0.225333 0.298871 0.224438 0.288302 0.226039 0.248102 0.236731 0.221451 0.241230 0.213618 0.243797 0.174366 0.249284 0.172334 0.248671 0.168066 0.249778 0.165329 0.248812 0.152606 0.252581 0.129186 0.253829 0.125538 0.254841 0.121475 0.253616 0.098389 0.256654 0.095029 0.255783 0.091921 0.256254 0.087070 0.254228 0.080852 0.255170 0.066674 0.254557 0.054407 0.257336
0 0.058295 0.295399 0.051335 0.299215 0.047605 0.299780 0.044373 0.303030 0.041560 0.308518 0.034561 0.315561 0.020029 0.337089 0.011581 0.346651 0.004005 0.357462 0.001069 0.365729 0.000000 0.369522 0.000000 0.377977 0.000000 0.379249 0.000000 0.402520 0.004586 0.405229 0.013541 0.405253 0.019886 0.408433 0.024071 0.406879 0.027757 0.402639 0.035122 0.387259 0.039801 0.381488 0.047166 0.366108 0.052300 0.359348 0.056063 0.348654 0.063184 0.338833 0.068107 0.327503 0.074401 0.320108 0.077503 0.312735 0.076709 0.305033 0.075050 0.302984
0 0.071876 0.323711 0.068896 0.328304 0.069562 0.331884 0.073875 0.334452 0.094276 0.341024 0.099583 0.342060 0.103231 0.341048 0.103724 0.336832 0.099988 0.330495 0.098488 0.322440 0.095706 0.317800 0.092887 0.316387 0.085964 0.316975
0 0.406428 0.252775 0.402530 0.252446 0.393910 0.254212 0.386948 0.258028 0.381565 0.263445 0.378712 0.272160 0.380583 0.278778 0.385147 0.282688 0.394973 0.283960 0.401727 0.282477 0.409227 0.278119 0.414528 0.272255 0.415643 0.267944 0.413977 0.258994 0.411279 0.254801
0 0.372003 0.232683 0.368650 0.238713 0.369983 0.245873 0.375501 0.251479 0.383879 0.255272 0.402697 0.253341 0.409247 0.254189 0.419028 0.251786 0.421888 0.249973 0.421138 0.245945 0.410069 0.244861 0.403268 0.242671 0.386264 0.233743 0.383399 0.228656 0.381284 0.227596 0.376932 0.228255
0 0.443019 0.239869 0.440616 0.240693 0.437635 0.245286 0.442205 0.256097 0.438814 0.265354 0.430077 0.276801 0.429667 0.281465 0.433442 0.284574 0.449075 0.289567 0.458650 0.289497 0.467726 0.286742 0.472200 0.283303 0.481026 0.279205 0.483180 0.277038 0.482347 0.272562 0.478739 0.270348 0.470522 0.260550 0.468734 0.254379 0.471131 0.246653 0.470836 0.241636 0.466607 0.239516 0.457485 0.238597
0 0.520286 0.235984 0.512703 0.239894 0.508312 0.243780 0.506704 0.252307 0.508037 0.259467 0.511523 0.264461 0.517868 0.267641 0.531796 0.266911 0.535982 0.265356 0.544058 0.257230 0.545257 0.253368 0.543757 0.245312 0.539565 0.239965 0.532431 0.235985 0.528451 0.235207
0 0.619730 0.186406 0.615712 0.188856 0.613770 0.195592 0.601885 0.210737 0.594470 0.215541 0.594681 0.220111 0.614128 0.224987 0.617774 0.223974 0.622248 0.220535 0.625767 0.215401 0.628164 0.207675 0.626659 0.192719 0.624045 0.188973
0 0.566825 0.221571 0.560948 0.231204 0.561576 0.238011 0.566888 0.245949 0.578630 0.257514 0.580835 0.265923 0.578315 0.276428 0.578898 0.279560 0.581264 0.281963 0.588974 0.282175 0.594986 0.283565 0.601203 0.282623 0.616702 0.276593 0.632245 0.274238 0.645794 0.268044 0.649730 0.265147 0.652878 0.261449 0.655845 0.243054 0.654558 0.239568 0.642771 0.224328 0.639413 0.223457 0.623248 0.225906 0.612345 0.225717 0.603264 0.221571 0.581164 0.216177 0.573165 0.217849
0 0.400580 0.296915 0.400919 0.305607 0.404445 0.307373 0.415969 0.307468 0.421609 0.310294 0.424890 0.317620 0.427794 0.319480 0.434178 0.319433 0.444042 0.317479 0.454150 0.309965 0.454393 0.304407 0.451324 0.301651 0.449292 0.301038 0.432877 0.302145 0.424834 0.300143 0.418488 0.296963 0.413425 0.290367 0.406669 0.291851
0 0.266404 0.307582 0.261892 0.314247 0.258873 0.322067 0.259084 0.326636 0.264185 0.330005 0.278157 0.332949 0.283214 0.332643 0.287695 0.336106 0.294163 0.336506 0.303244 0.340652 0.310333 0.340958 0.338073 0.349179 0.342425 0.348520 0.352500 0.351135 0.357224 0.349039 0.365916 0.333917 0.365538 0.328453 0.363878 0.326404 0.317397 0.313660 0.312879 0.313424 0.278671 0.304803 0.270878 0.304143
0 0.229806 0.313587 0.221602 0.317591 0.214768 0.325528 0.215235 0.338342 0.217901 0.352663 0.221888 0.360341 0.225829 0.364345 0.233418 0.367337 0.243616 0.367172 0.252608 0.363969 0.257454 0.359094 0.258653 0.355231 0.257737 0.350308 0.253961 0.347199 0.249892 0.339073 0.251129 0.331983 0.253571 0.327932 0.253360 0.323362 0.248752 0.315778 0.243111 0.312951 0.236645 0.312551
0 0.174812 0.330662 0.166940 0.336456 0.159781 0.349505 0.161985 0.357914 0.170279 0.361258 0.176125 0.361753 0.185534 0.360788 0.188847 0.357985 0.190450 0.342557 0.189323 0.333065 0.183599 0.329791
0 0.828299 0.575378 0.831996 0.584941 0.837227 0.592431 0.848013 0.602301 0.861409 0.609014 0.884131 0.614314 0.905236 0.621240 0.914190 0.621263 0.920369 0.623548 0.927208 0.622512 0.933925 0.624255 0.940225 0.623761 0.955813 0.625080 0.960787 0.624326 0.967126 0.620605 0.972882 0.613751 0.979388 0.610925 0.981458 0.608310 0.983938 0.601032 0.981657 0.599077 0.968556 0.597381 0.959724 0.594578 0.957154 0.594507 0.953052 0.596509 0.946956 0.594672 0.942604 0.595331 0.929792 0.591751 0.922082 0.591538 0.901308 0.586403 0.890861 0.585225 0.871498 0.580797 0.867063 0.581009 0.858852 0.578111 0.848117 0.578818 0.834971 0.573447 0.830535 0.573659
0 0.900805 0.672987 0.911547 0.679182 0.925520 0.682127 0.942883 0.675815 0.951915 0.669385 0.950127 0.663213 0.944031 0.661376 0.935949 0.662601 0.928199 0.665615 0.916925 0.666864 0.912118 0.668512 0.900510 0.667970
1 0.100336 0.714140 0.100807 0.768628 0.131967 0.827748 0.190107 0.828224 0.281162 0.788895 0.289197 0.715126 0.198446 0.673737
0 0.228506 0.763347 0.222988 0.757741 0.207484 0.756869 0.202055 0.758612 0.195754 0.759106 0.189248 0.761932 0.184274 0.762686 0.176070 0.766690 0.171013 0.766996 0.166828 0.768550 0.164174 0.768032 0.157501 0.769964 0.134959 0.779361 0.129825 0.786121 0.131491 0.795071 0.134562 0.797827 0.145092 0.799452 0.160635 0.797098 0.177088 0.792764 0.187453 0.793494 0.218250 0.790669 0.224050 0.787489 0.228813 0.782166 0.230878 0.772650
0 0.101879 0.824866 0.092803 0.827622 0.089405 0.829977 0.088578 0.832403 0.083809 0.830825 0.080829 0.835418 0.081124 0.840435 0.079387 0.844839 0.081009 0.850115 0.087975 0.853201 0.099332 0.852400 0.102275 0.851034 0.109813 0.843450 0.111178 0.840482 0.110216 0.831885 0.107519 0.827693
0 0.357070 0.688190 0.352468 0.687506 0.327022 0.695043 0.316498 0.700319 0.311569 0.704747 0.308005 0.706207 0.305934 0.708821 0.302288 0.709834 0.297192 0.713367 0.295205 0.716429 0.296205 0.721799 0.304831 0.726934 0.310061 0.734425 0.313587 0.736191 0.333276 0.735509 0.342435 0.733201 0.360127 0.721777 0.370023 0.709695 0.369645 0.704230 0.362088 0.691110
0 0.513647 0.694836 0.515102 0.699217 0.519043 0.703221 0.522236 0.703197 0.527087 0.705223 0.536163 0.702468 0.543745 0.698558 0.549296 0.694036 0.550495 0.690173 0.541579 0.686922 0.528024 0.686215 0.522428 0.687063 0.516544 0.689795
0 0.595837 0.634987 0.596587 0.639015 0.601196 0.646599 0.613726 0.658966 0.622641 0.662216 0.634992 0.659885 0.641293 0.659390 0.644029 0.660356 0.646972 0.658990 0.666328 0.656517 0.669020 0.653809 0.673539 0.654044 0.678718 0.650959 0.685173 0.637557 0.685788 0.630561 0.689308 0.625427 0.686237 0.622671 0.676995 0.624531 0.675296 0.625709 0.667957 0.624060 0.660375 0.627970 0.636500 0.630207 0.609311 0.635247 0.603215 0.633409
1 0.388356 0.667662 0.774683 0.609128 0.761729 0.625635 0.732240 0.650672 0.714767 0.665357 0.690917 0.679508 0.669106 0.693345 0.649677 0.701305 0.607389 0.713731 0.600116 0.715836 0.560847 0.718275 0.520379 0.717987 0.462196 0.701923 0.425109 0.686522 0.413371 0.681882 0.395069 0.672263
0 0.547872 0.724161 0.536521 0.731863 0.535694 0.734289 0.537315 0.739565 0.546397 0.743711 0.551704 0.744747 0.560492 0.743876 0.564344 0.740531 0.563300 0.731486 0.559191 0.726587 0.555583 0.724373
1 0.797306 0.818062 0.804762 0.793138 0.819224 0.771211 0.859398 0.731460 0.892003 0.707368 0.925191 0.690730 0.895316 0.673202 0.841930 0.667942 0.807425 0.673170 0.783278 0.682056 0.754223 0.699223 0.733328 0.725608 0.730369 0.748691 0.732374 0.768118 0.741647 0.787608 0.761374 0.802611 0.771890 0.811467
0 0.991972 0.870841 0.980697 0.872089 0.955001 0.878283 0.952226 0.880544 0.951938 0.882429 0.954265 0.888058 0.965340 0.896043 0.977280 0.898375 0.991330 0.894866 0.995804 0.891427 0.997702 0.881016 0.996453 0.874304
0 0.804562 0.000000 0.796396 0.000000 0.792294 0.000000 0.785140 0.010416 0.787384 0.015598 0.799530 0.015598 0.802555 0.014680 0.805246 0.011971 0.810042 0.000000 0.808959 0.000000
0 0.420019 0.992011 0.418448 0.997311 0.419531 1.000000 0.423351 1.000000 0.430901 1.000000 0.441393 1.000000 0.447860 1.000000 0.460833 1.000000 0.466678 1.000000 0.477248 1.000000 0.487772 1.000000 0.492452 1.000000 0.493112 1.000000 0.490369 0.995617 0.482652 0.988504 0.472243 0.984099 0.465943 0.984593 0.461219 0.986689 0.446003 0.983933 0.435184 0.984192 0.427268 0.986312
0 0.038925 0.002460 0.039258 0.004250 0.041994 0.005216 0.053237 0.014096 0.061447 0.016994 0.067414 0.014709 0.073632 0.013767 0.080137 0.010941 0.092419 0.000337 0.098858 0.000000
0 0.039191 0.395385 0.040107 0.400308 0.044049 0.404312 0.046049 0.415052 0.048664 0.418797 0.051939 0.419221 0.066072 0.416160 0.074897 0.412062 0.079743 0.407186 0.081398 0.402334 0.081103 0.397317 0.077616 0.392324 0.073469 0.390651 0.064682 0.391522 0.054984 0.394372 0.049760 0.393783
0 0.000000 0.403863 0.001713 0.437875 0.007931 0.436933 0.014353 0.433659 0.019570 0.427347 0.021597 0.421058 0.020097 0.413002 0.017482 0.409257 0.012380 0.405889
0 0.114098 0.395999 0.115348 0.402712 0.119668 0.412181 0.122987 0.416279 0.125808 0.417692 0.133064 0.418894 0.143716 0.417740 0.151676 0.419295 0.162534 0.415809 0.165226 0.413100 0.166092 0.407447 0.162106 0.399769 0.160273 0.389923 0.156786 0.384930 0.153261 0.383163 0.146794 0.382762 0.133654 0.384293 0.130712 0.385659 0.127566 0.389357 0.117413 0.393196
0 0.163568 0.366417 0.162785 0.372517 0.168316 0.391925 0.176367 0.400829 0.184993 0.405964 0.193326 0.406082 0.196267 0.404716 0.210568 0.402549 0.221425 0.399064 0.227764 0.395342 0.229668 0.391833 0.227925 0.389336 0.219592 0.389218 0.217478 0.388158 0.201685 0.389170 0.197992 0.386509 0.194012 0.385731 0.193762 0.384389 0.190116 0.385402 0.183770 0.382222 0.180200 0.376781 0.176675 0.375014 0.175925 0.370986 0.173810 0.369926 0.172522 0.366440 0.167587 0.363967
0 0.413661 0.322542 0.408188 0.320610 0.404457 0.321176 0.399816 0.323719 0.371729 0.344540 0.371403 0.349651 0.375838 0.349439 0.393201 0.343127 0.404553 0.335426 0.412218 0.331963 0.415366 0.328265
0 0.505868 0.292466 0.501638 0.290346 0.490864 0.294279 0.457220 0.312721 0.447028 0.319787 0.440894 0.321177 0.417692 0.333895 0.416827 0.339548 0.427325 0.351301 0.434125 0.353492 0.443368 0.351632 0.465244 0.338654 0.474692 0.334462 0.486043 0.326760 0.490311 0.325653 0.500047 0.319576 0.504316 0.318469 0.509245 0.314041 0.516206 0.310226 0.518277 0.307611 0.516201 0.303324
0 0.723287 0.237897 0.717191 0.236060 0.703013 0.235447 0.690579 0.237331 0.666294 0.244232 0.661985 0.248566 0.659755 0.257186 0.652217 0.264770 0.637302 0.273932 0.630174 0.276853 0.625079 0.280386 0.614849 0.290678 0.612573 0.295625 0.611669 0.304505 0.614746 0.314162 0.617610 0.319249 0.631511 0.335549 0.650830 0.336303 0.656426 0.335455 0.673872 0.329591 0.696543 0.324315 0.705580 0.324787 0.730000 0.328909 0.742601 0.327920 0.752298 0.325070 0.759632 0.319818 0.764765 0.313058 0.771304 0.300104 0.773368 0.290588 0.772490 0.282439 0.767427 0.275843 0.749013 0.266209 0.747353 0.264160 0.747308 0.260486 0.740874 0.249957 0.733945 0.243644
0 0.757410 0.246071 0.754096 0.248874 0.752815 0.252289 0.753692 0.260439 0.756140 0.263289 0.758960 0.264702 0.769491 0.266328 0.775792 0.265833 0.782586 0.261123 0.786021 0.255541 0.784438 0.247038 0.771793 0.244352 0.766031 0.244305
0 0.816743 0.214534 0.812392 0.215193 0.798553 0.223272 0.787529 0.225863 0.783055 0.229301 0.782144 0.231280 0.784266 0.239241 0.791194 0.245554 0.803840 0.248239 0.808814 0.247486 0.811589 0.245225 0.816473 0.237122 0.825877 0.229255 0.827159 0.225840 0.825621 0.221011 0.821678 0.217007
0 0.133746 0.020764 0.129726 0.023213 0.127201 0.026817 0.121369 0.040125 0.119137 0.048746 0.119438 0.060664 0.124540 0.064032 0.140333 0.063020 0.152152 0.068131 0.160939 0.067260 0.169304 0.057250 0.173489 0.055695 0.177259 0.051903 0.176380 0.043754 0.178490 0.037912 0.180726 0.036193 0.180309 0.033955 0.170356 0.028561 0.161858 0.027548 0.147673 0.020034 0.142450 0.019445
0 0.084444 0.006607 0.083079 0.009575 0.084496 0.017183 0.087110 0.020928 0.093539 0.024555 0.104152 0.026628 0.112941 0.025757 0.122721 0.023355 0.128356 0.019280 0.132868 0.012614 0.132323 0.006255 0.130664 0.004205 0.125561 0.000837 0.115569 0.000000 0.102013 0.000000 0.091777 0.001355
0 0.003734 0.053807 0.000010 0.061273 0.001138 0.070765 0.004375 0.074416 0.013457 0.078562 0.021334 0.079669 0.037499 0.077220 0.046780 0.072133 0.051543 0.066810 0.052657 0.062499 0.051119 0.057671 0.047095 0.053219 0.038801 0.049874 0.018156 0.048861 0.008830 0.050274
1 0.285574 0.186829 0.692116 0.116121 0.628872 0.177649 0.580628 0.210934 0.509549 0.237197 0.428682 0.238056 0.351078 0.215639
0 0.308956 0.470928 0.304649 0.475262 0.305648 0.480632 0.316320 0.500182 0.320268 0.511088 0.323087 0.512501 0.321973 0.516811 0.326625 0.528070 0.334084 0.571574 0.332308 0.579206 0.332975 0.582786 0.331237 0.587190 0.332288 0.603136 0.334031 0.605633 0.338178 0.607305 0.341909 0.606740 0.346594 0.607871 0.352395 0.604691 0.354055 0.606740 0.356624 0.606811 0.360939 0.609379 0.364624 0.605139 0.372539 0.603019 0.374777 0.601300 0.397036 0.600688 0.399812 0.598427 0.402498 0.588817 0.400698 0.568844 0.402923 0.553322 0.402583 0.544630 0.405025 0.540579 0.406384 0.530710 0.413904 0.502422 0.417795 0.495851 0.417334 0.489939 0.412232 0.486570 0.408501 0.487136 0.404521 0.486358 0.391042 0.479198 0.382543 0.478185 0.368244 0.480351 0.351329 0.478773 0.347804 0.477006 0.344695 0.477477 0.340632 0.476252 0.336984 0.477265 0.324295 0.470905 0.316917 0.472483 0.312687 0.470363
0 0.915267 0.153132 0.913440 0.150187 0.907883 0.147808 0.897230 0.148962 0.886789 0.154686 0.865028 0.157983 0.857657 0.166462 0.857535 0.169241 0.859817 0.171196 0.867983 0.170419 0.883365 0.174070 0.891159 0.174730 0.902306 0.169360 0.907856 0.164838 0.915228 0.156359
0 0.766160 0.203792 0.764629 0.205865 0.764757 0.209987 0.767371 0.213732 0.776332 0.220657 0.779607 0.221081 0.792041 0.219197 0.795355 0.216394 0.798041 0.206784 0.796337 0.201061 0.791939 0.198046 0.778717 0.199129 0.770180 0.201343
0 0.577104 0.266488 0.572503 0.265805 0.559613 0.268678 0.555677 0.271575 0.551620 0.277251 0.541300 0.280195 0.534212 0.279889 0.527373 0.280925 0.509959 0.276661 0.506145 0.276779 0.502460 0.281019 0.503793 0.288179 0.522007 0.307046 0.534365 0.311616 0.543690 0.310203 0.565566 0.297225 0.572649 0.290630 0.575091 0.286579 0.575457 0.278241 0.578476 0.270421
0 0.352836 0.308290 0.349855 0.312883 0.351271 0.320491 0.357616 0.323671 0.362840 0.324260 0.367321 0.327723 0.386100 0.329019 0.394387 0.325462 0.395298 0.323484 0.394215 0.317666 0.391266 0.312131 0.386620 0.307773 0.381685 0.305300 0.373724 0.303745 0.368789 0.301272 0.362034 0.302755
0 0.112812 0.347878 0.099878 0.347077 0.083053 0.352848 0.077336 0.356475 0.073900 0.362057 0.075150 0.368770 0.079341 0.374117 0.084276 0.376590 0.092237 0.378145 0.110183 0.374965 0.113664 0.373057 0.121657 0.364484 0.123310 0.359632 0.121773 0.354803
0 0.598351 0.291338 0.593999 0.291997 0.585096 0.302549 0.574693 0.305045 0.569681 0.309026 0.570225 0.315385 0.572924 0.319578 0.578731 0.323300 0.586069 0.324949 0.596805 0.324242 0.600202 0.321887 0.604003 0.307967 0.609926 0.302008 0.609631 0.296991
0 0.989569 0.033739 0.982608 0.037555 0.977474 0.044315 0.976782 0.057764 0.978364 0.066267 0.980107 0.068764 0.990970 0.116814 0.995699 0.121619 1.000000 0.122867 0.992056 0.033363
0 0.075109 0.742875 0.070136 0.743628 0.064751 0.749045 0.060111 0.751589 0.063609 0.770385 0.066097 0.770008 0.069410 0.767206 0.075538 0.758915 0.078269 0.752979 0.078012 0.744735
0 0.931151 0.908125 0.926716 0.908337 0.923153 0.909797 0.919383 0.913590 0.921049 0.922540 0.926772 0.925814 0.934772 0.924142 0.940156 0.918725 0.938285 0.912106
0 0.146221 0.970806 0.156171 0.974355 0.167871 0.973848 0.180547 0.967772 0.183239 0.972785 0.181783 0.978426 0.177452 0.982156 0.170600 0.984459 0.161893 0.984872 0.153569 0.981978 0.144825 0.974086
0 0.309213 0.946220 0.305067 0.944548 0.300176 0.945749 0.291434 0.950294 0.283518 0.952414 0.279044 0.955853 0.274281 0.961176 0.273582 0.967724 0.271679 0.971233 0.266211 0.976203 0.263186 0.977122 0.249681 0.986990 0.248937 0.989864 0.250225 0.993350 0.254994 0.994928 0.278369 0.990006 0.300540 0.982045 0.305303 0.976722 0.307328 0.970433 0.307155 0.962637 0.309963 0.950248
0 0.335082 0.947822 0.326378 0.949141 0.322898 0.951049 0.319295 0.955736 0.322243 0.961271 0.330704 0.965511 0.338741 0.960612 0.342177 0.955030 0.340722 0.950649
0 0.399530 0.933456 0.388961 0.935058 0.370770 0.943796 0.364720 0.945633 0.365014 0.950650 0.369994 0.956797 0.374846 0.958823 0.382723 0.959930 0.390183 0.958800 0.395446 0.956162 0.401824 0.949214 0.404016 0.943820 0.402849 0.937555
0 0.399176 0.955597 0.398600 0.959365 0.402258 0.972155 0.405040 0.976795 0.407944 0.978656 0.414494 0.979504 0.424359 0.977550 0.433268 0.973899 0.436043 0.971638 0.435415 0.964831 0.431512 0.957600 0.420686 0.950957 0.409412 0.952205
0 0.466233 0.938074 0.462175 0.943751 0.464918 0.951618 0.469065 0.953290 0.472257 0.953267 0.480173 0.951147 0.483070 0.946107 0.482320 0.942079 0.477590 0.937274 0.472367 0.936685
0 0.566438 0.950961 0.567316 0.959110 0.571673 0.965352 0.574744 0.968108 0.579596 0.970134 0.592819 0.969051 0.598165 0.966860 0.607740 0.966790 0.626142 0.962621 0.641851 0.961161 0.652626 0.957228 0.659548 0.956639 0.666137 0.954261 0.672848 0.949103 0.674380 0.947030 0.674790 0.942366 0.670843 0.931461 0.665575 0.927197 0.660972 0.926514 0.647378 0.929034 0.639583 0.928375 0.635315 0.929481 0.631957 0.928610 0.628476 0.930517 0.624495 0.929740 0.614176 0.932684 0.610901 0.932260 0.581059 0.936782 0.573309 0.939796 0.568008 0.945661
0 0.683950 0.940058 0.681546 0.940883 0.677405 0.946111 0.678988 0.954614 0.684628 0.957441 0.691551 0.956852 0.697184 0.952778 0.697883 0.946230 0.695973 0.942838 0.689628 0.939658
0 0.774279 0.941097 0.772002 0.946043 0.772585 0.949176 0.775906 0.953274 0.783411 0.955818 0.791866 0.953157 0.794307 0.949106 0.793308 0.943735 0.790776 0.940438 0.783521 0.939236
0 0.849860 0.907558 0.844097 0.907511 0.834233 0.909466 0.820517 0.914765 0.813063 0.922796 0.808512 0.932689 0.806569 0.939425 0.808318 0.948823 0.811350 0.954806 0.818112 0.960224 0.826323 0.963121 0.830219 0.963451 0.849409 0.960083 0.859523 0.959471 0.865407 0.956739 0.868554 0.953041 0.869131 0.949272 0.864683 0.935682 0.862345 0.916250 0.858071 0.910455
0 0.368538 0.997051 0.370613 1.000000 0.375094 1.000000 0.379241 1.000000 0.387656 1.000000 0.394495 1.000000 0.401290 1.000000 0.404104 0.995803 0.402899 0.992765 0.399374 0.990998 0.387478 0.992340 0.378979 0.991327 0.372223 0.992811
0 0.507065 0.985725 0.501181 0.988457 0.501355 0.996253 0.504052 1.000000 0.507745 1.000000 0.513507 1.000000 0.519140 0.999080 0.519961 0.989753 0.517263 0.985560
0 0.550286 0.967212 0.542203 0.968437 0.531428 0.972370 0.526249 0.975456 0.521033 0.981768 0.520339 0.995217 0.522833 1.000000 0.529678 1.000000 0.543278 1.000000 0.557578 1.000000 0.568724 1.000000 0.574025 0.998587 0.576960 0.990319 0.576000 0.981722 0.570687 0.973784 0.562143 0.969097
0 0.864777 0.853762 0.861629 0.857459 0.862712 0.863277 0.868936 0.869237 0.882953 0.875855 0.890497 0.875173 0.895305 0.873524 0.899612 0.869190 0.902009 0.861465 0.900471 0.856636 0.896408 0.855411 0.878955 0.854374 0.869584 0.852113
0 0.808739 0.866734 0.823181 0.864546 0.834876 0.862130 0.843390 0.859542 0.844361 0.867167 0.835234 0.873731 0.827655 0.876499 0.816279 0.878222 0.810498 0.876186 0.806670 0.872555 0.805824 0.870415
0 0.791650 0.897052 0.790989 0.900373 0.793899 0.909135 0.799584 0.915636 0.803108 0.917402 0.813556 0.918580 0.818363 0.916932 0.821511 0.913234 0.819973 0.908405 0.816030 0.904401 0.797245 0.896204
0 0.732543 0.857692 0.732133 0.862355 0.741298 0.866949 0.753733 0.865065 0.758578 0.860189 0.757829 0.856161 0.754303 0.854395 0.746676 0.854630
0 0.713424 0.847704 0.711065 0.852203 0.711039 0.869233 0.713627 0.890007 0.713512 0.899688 0.715921 0.905765 0.724093 0.911889 0.743085 0.917754 0.746981 0.918084 0.770369 0.926964 0.774266 0.927294 0.787323 0.925316 0.791091 0.921524 0.788598 0.915000 0.773210 0.904447 0.747323 0.882141 0.737612 0.871188 0.735536 0.866901 0.731761 0.863792 0.721384 0.849259 0.717776 0.847045
0 0.678440 0.852085 0.667295 0.857455 0.665141 0.859622 0.666018 0.867771 0.668717 0.871964 0.676639 0.876745 0.682113 0.878677 0.692227 0.878065 0.695829 0.873378 0.698476 0.866995 0.697349 0.857503 0.694112 0.853852 0.688556 0.851472
0 0.676029 0.890642 0.671100 0.895070 0.672600 0.903126 0.692385 0.916693 0.700551 0.915916 0.703493 0.914550 0.710659 0.908403 0.712602 0.901666 0.711063 0.896838 0.708326 0.895872 0.700327 0.897544 0.695726 0.896861 0.683407 0.889064
0 0.582990 0.871608 0.585778 0.883150 0.584874 0.892030 0.586162 0.895516 0.594167 0.900745 0.597949 0.910755 0.602679 0.915560 0.610018 0.917209 0.625022 0.915396 0.635014 0.917563 0.640571 0.919942 0.644923 0.919283 0.654448 0.908637 0.668536 0.901901 0.668197 0.893209 0.661346 0.880443 0.650892 0.872364 0.634760 0.864685 0.623441 0.862259 0.586220 0.868358
0 0.564851 0.890922 0.563857 0.892453 0.565978 0.900414 0.572285 0.906821 0.580041 0.910708 0.587380 0.912357 0.593679 0.911862 0.591809 0.905243 0.576670 0.896034
0 0.560025 0.871867 0.556795 0.875117 0.556217 0.878886 0.557839 0.884162 0.562652 0.889415 0.572356 0.893466 0.579278 0.892878 0.582842 0.891417 0.584912 0.888803 0.585445 0.881360 0.579427 0.873069 0.569268 0.870006 0.564832 0.870218
0 0.533598 0.894737 0.535758 0.899471 0.541315 0.901851 0.547866 0.902699 0.556069 0.898695 0.561909 0.892288 0.560537 0.888355 0.557095 0.887036 0.535419 0.890780
0 0.534065 0.907550 0.528470 0.908398 0.522964 0.916595 0.519567 0.918950 0.513600 0.921235 0.504024 0.921305 0.502409 0.922930 0.502870 0.928842 0.505568 0.933035 0.512785 0.937463 0.520040 0.938665 0.526963 0.938076 0.530360 0.935721 0.541955 0.922460 0.543859 0.918951 0.542776 0.913133 0.541115 0.911084
0 0.533875 0.879050 0.528113 0.879003 0.521940 0.883619 0.516056 0.886351 0.512325 0.886917 0.507230 0.890450 0.509684 0.900201 0.511428 0.902698 0.515658 0.904818 0.520010 0.904158 0.524028 0.901709 0.528002 0.895585 0.531938 0.892688 0.536117 0.884232
0 0.443501 0.874337 0.442219 0.877753 0.444091 0.884371 0.455832 0.895936 0.460568 0.907643 0.461945 0.918478 0.460375 0.923777 0.451017 0.935318 0.451433 0.937556 0.454254 0.938969 0.468842 0.934918 0.471739 0.929878 0.480354 0.921210 0.485649 0.908444 0.483937 0.895819 0.481489 0.892969 0.476721 0.891391 0.469632 0.891085 0.460550 0.886939 0.451923 0.881804 0.448519 0.877258
0 0.414952 0.889246 0.406293 0.894239 0.403729 0.901070 0.404524 0.908772 0.410375 0.916168 0.414779 0.926084 0.421930 0.950769 0.424295 0.953171 0.431345 0.956705 0.440838 0.956187 0.446721 0.953455 0.450530 0.946436 0.449235 0.936048 0.443955 0.917982 0.444852 0.902202 0.442648 0.893793 0.440117 0.890495 0.431284 0.887692 0.426765 0.887456
0 0.357207 0.928250 0.359718 0.920581 0.372041 0.916284 0.381933 0.911008 0.385846 0.907852 0.387213 0.915200 0.384802 0.923397 0.380528 0.928632 0.376607 0.932737 0.371853 0.934401 0.367134 0.935250 0.362571 0.933916 0.357199 0.931224
0 0.277699 0.934890 0.269699 0.936562 0.264687 0.940543 0.264359 0.945654 0.269007 0.950011 0.276717 0.950224 0.280281 0.948763 0.283512 0.945513 0.284339 0.943087 0.282717 0.937811
0 0.271207 0.906884 0.270463 0.909758 0.272335 0.916377 0.282544 0.930015 0.289222 0.934985 0.297183 0.936539 0.310572 0.936351 0.319777 0.937717 0.329474 0.934868 0.331999 0.931264 0.330461 0.926436 0.323162 0.921560 0.319803 0.920688 0.314207 0.921536 0.303138 0.920452 0.299447 0.917790 0.297037 0.911714 0.282937 0.904647 0.274687 0.904977
0 0.251612 0.921817 0.244523 0.921511 0.233954 0.923112 0.224590 0.927752 0.219372 0.934064 0.217180 0.939458 0.218846 0.948408 0.225153 0.954815 0.232203 0.958349 0.236100 0.958678 0.245342 0.956818 0.251060 0.953191 0.256816 0.946337 0.260579 0.935643 0.259246 0.928483 0.255054 0.923136
0 0.161360 0.943471 0.168777 0.942765 0.177252 0.941481 0.182563 0.938795 0.188416 0.934356 0.191675 0.931561 0.199456 0.934358 0.201474 0.937397 0.203892 0.944136 0.203721 0.947925 0.200205 0.949296 0.187776 0.951179 0.180692 0.953715 0.172769 0.956379 0.168907 0.959053 0.164062 0.956442 0.160972 0.952313 0.160005 0.948696
0 0.092683 0.926571 0.112093 1.000000 0.118933 1.000000 0.129252 1.000000 0.138988 1.000000 0.148845 1.000000 0.154025 1.000000 0.159614 1.000000 0.159858 0.995538 0.146706 0.983266 0.144008 0.979074 0.143175 0.974599 0.146899 0.967132 0.148303 0.960937 0.152733 0.953824 0.152272 0.947912 0.142894 0.938750 0.121039 0.927797 0.113161 0.926689 0.109431 0.927254 0.101470 0.925700
0 0.969933 0.793655 0.964332 0.787601 0.961594 0.786636 0.955999 0.787483 0.942699 0.795020 0.935571 0.797941 0.928733 0.798977 0.927950 0.805077 0.930399 0.807927 0.933841 0.809247 0.943871 0.808187 0.968817 0.797965
0 0.919070 0.747064 0.919114 0.750739 0.922184 0.753494 0.920197 0.756556 0.925266 0.770053 0.926523 0.783667 0.923253 0.790144 0.913766 0.797563 0.903537 0.807856 0.902921 0.814852 0.899197 0.822318 0.898703 0.826534 0.902612 0.840667 0.905683 0.843422 0.907842 0.848157 0.920494 0.857743 0.936498 0.861301 0.951632 0.863609 0.962534 0.863798 0.965976 0.865117 0.970494 0.865353 0.979114 0.863586 0.989184 0.859300 0.996351 0.853152 1.000000 0.847829 1.000000 0.838667 1.000000 0.832119 1.000000 0.814218 0.992277 0.793490 0.988956 0.789392 0.980868 0.783715 0.977670 0.776838 0.974683 0.774529 0.969909 0.766050 0.954519 0.755497 0.932542 0.747324 0.927568 0.748077 0.924127 0.746758
0 0.803261 0.808325 0.801190 0.810939 0.803267 0.815226 0.812182 0.818477 0.827936 0.820691 0.835153 0.825119 0.841005 0.832516 0.844087 0.849074 0.848772 0.850205 0.854118 0.848014 0.857182 0.843869 0.859202 0.830679 0.856619 0.816805 0.852966 0.810917 0.844672 0.807572 0.809394 0.806935
0 0.783539 0.819135 0.767752 0.827049 0.759604 0.848530 0.758655 0.853735 0.760321 0.862686 0.764141 0.869469 0.775755 0.876913 0.792009 0.881812 0.802206 0.881648 0.804194 0.878586 0.801123 0.875830 0.789843 0.870177 0.784197 0.860449 0.782730 0.842265 0.784217 0.836518 0.788274 0.830842 0.789801 0.821868 0.785403 0.818853
0 0.726027 0.802081 0.717201 0.806179 0.710573 0.811785 0.704778 0.821866 0.705157 0.827330 0.710348 0.838047 0.715077 0.842853 0.729634 0.848930 0.734941 0.849966 0.743811 0.849542 0.749778 0.847258 0.762495 0.836588 0.766508 0.827238 0.764758 0.817840 0.762515 0.812658 0.757619 0.806958 0.748371 0.801917
0 0.621078 0.815222 0.619545 0.817294 0.617693 0.831379 0.619314 0.836656 0.620724 0.837362 0.629345 0.835596 0.632742 0.833241 0.644843 0.829567 0.646914 0.826952 0.641478 0.821794 0.634390 0.821487 0.625679 0.815905
0 0.584448 0.847087 0.594572 0.845880 0.607965 0.847734 0.615024 0.846992 0.624880 0.841937 0.633976 0.837641 0.641388 0.838787 0.643872 0.844885 0.643706 0.848798 0.641896 0.853605 0.638631 0.855397 0.628306 0.857932 0.608616 0.860916 0.592368 0.863055 0.584374 0.863618 0.582944 0.863186 0.578447 0.858364 0.577801 0.854895 0.579170 0.850156
0 0.549570 0.841186 0.579305 0.830827 0.583396 0.832508 0.584078 0.836169 0.566998 0.845861 0.562312 0.847202 0.554593 0.849416
0 0.481440 0.826734 0.495790 0.826520 0.510461 0.821780 0.516973 0.827507 0.509492 0.835359 0.501680 0.839345 0.495902 0.839659 0.478243 0.832538 0.477837 0.830358
0 0.468442 0.812580 0.460238 0.816584 0.452989 0.822284 0.449342 0.823296 0.444042 0.829161 0.440855 0.836086 0.437471 0.852244 0.439054 0.860747 0.442584 0.869415 0.455364 0.883123 0.463203 0.887457 0.472740 0.890614 0.491520 0.891910 0.505198 0.889837 0.515434 0.886446 0.532215 0.877001 0.535112 0.871961 0.546790 0.859148 0.548477 0.844167 0.544112 0.831024 0.537472 0.822827 0.528678 0.816797 0.517565 0.812039 0.500733 0.810908 0.488171 0.808670
0 0.435829 0.870898 0.426791 0.870427 0.415684 0.872570 0.407935 0.875585 0.400519 0.880389 0.389245 0.881638 0.385393 0.884982 0.383616 0.892614 0.385616 0.903354 0.390974 0.914966 0.397281 0.921373 0.401261 0.922150 0.403331 0.919536 0.402280 0.903590 0.406210 0.893792 0.420420 0.884276 0.428791 0.881168 0.435130 0.877446 0.437201 0.874832
0 0.403481 0.855093 0.394777 0.856412 0.377413 0.862724 0.379035 0.868000 0.389572 0.876526 0.392225 0.877045 0.396494 0.875938 0.406019 0.865292 0.408044 0.859003
0 0.357845 0.860627 0.337329 0.863736 0.334015 0.866538 0.334226 0.871108 0.339411 0.874924 0.346295 0.877562 0.356243 0.876055 0.362953 0.870896 0.362492 0.864985
0 0.295320 0.892188 0.296775 0.896568 0.311369 0.899419 0.328444 0.894991 0.335943 0.890634 0.337225 0.887219 0.336892 0.885429 0.334777 0.884369 0.321471 0.885004 0.305928 0.887359 0.302447 0.889267 0.297473 0.890021
0 0.291488 0.871601 0.287136 0.872261 0.274124 0.877913 0.268823 0.883778 0.269118 0.888795 0.270694 0.890397 0.282635 0.892729 0.291172 0.890515 0.294942 0.886723 0.296884 0.879987 0.295968 0.875064
0 0.346880 0.836060 0.336349 0.834435 0.328971 0.836013 0.325036 0.838910 0.322761 0.843856 0.322889 0.847978 0.320203 0.857587 0.316517 0.861827 0.309723 0.866538 0.306121 0.871225 0.305460 0.874546 0.306582 0.877137 0.311061 0.880600 0.318317 0.881801 0.326771 0.879139 0.331239 0.868799 0.347846 0.851559 0.350617 0.842396 0.349950 0.838816
0 0.288643 0.842583 0.290059 0.850191 0.299142 0.854337 0.310499 0.853536 0.320607 0.846023 0.320062 0.839663 0.315666 0.836648 0.312641 0.837567 0.311647 0.839098 0.308660 0.836789 0.303975 0.835659 0.299084 0.836860 0.295187 0.836530 0.290547 0.839074
0 0.242437 0.858787 0.229836 0.859776 0.222624 0.862249 0.219433 0.862272 0.216036 0.864628 0.213549 0.865004 0.205928 0.872141 0.201960 0.885166 0.205581 0.901183 0.212964 0.906506 0.223745 0.909474 0.227641 0.909804 0.240076 0.907920 0.249607 0.904175 0.260625 0.894683 0.266048 0.886039 0.266497 0.878149 0.262799 0.868586 0.253218 0.861755
0 0.209011 0.844065 0.204204 0.845714 0.192315 0.853957 0.174746 0.862601 0.171515 0.865851 0.171227 0.867736 0.175669 0.874425 0.184295 0.879560 0.191301 0.879419 0.203524 0.872965 0.206505 0.868372 0.215742 0.859611 0.218267 0.856007 0.218677 0.851343 0.216767 0.847952
0 0.201011 0.890372 0.195992 0.887451 0.179533 0.884883 0.169047 0.886932 0.164945 0.888934 0.152139 0.892255 0.137596 0.899980 0.132750 0.904855 0.133044 0.909872 0.139268 0.915832 0.152497 0.921650 0.157804 0.922686 0.173058 0.922216 0.181967 0.918565 0.191787 0.912936 0.198952 0.906789 0.201934 0.902196
0 0.117616 0.902547 0.112643 0.903300 0.108002 0.905844 0.104650 0.911874 0.106977 0.917503 0.111456 0.920966 0.120161 0.919647 0.125378 0.913335 0.125205 0.905538 0.120892 0.902971
0 1.000000 0.762306 1.000000 0.758843 1.000000 0.758961 1.000000 0.765108 0.997847 0.765038 0.992207 0.762211 0.984747 0.763341 0.981887 0.765155 0.981478 0.769819 0.983220 0.772316 0.991059 0.776650 0.996449 0.778134 1.000000 0.778016 1.000000 0.769301 1.000000 0.766334
0 0.988869 0.737409 0.981120 0.740423 0.974658 0.746924 0.971550 0.747395 0.967531 0.749845 0.963845 0.754084 0.964845 0.759455 0.967293 0.762305 0.977785 0.767157 0.986074 0.763601 0.996560 0.761552 0.998629 0.758937 1.000000 0.749775 1.000000 0.744405 0.997079 0.740306
0 0.976782 0.710251 0.978486 0.715975 0.984293 0.719696 0.991965 0.723135 1.000000 0.724313 1.000000 0.723371 1.000000 0.713714 1.000000 0.707967 1.000000 0.704034 1.000000 0.702173 1.000000 0.705776 0.981793 0.706271 0.978769 0.707189
0 0.877549 0.719764 0.882485 0.722238 0.891606 0.723156 0.897496 0.727326 0.904835 0.728974 0.915821 0.729611 0.923986 0.728834 0.933895 0.730553 0.944547 0.729400 0.954206 0.729777 0.967718 0.726809 0.971320 0.722122 0.974750 0.709639 0.973250 0.701583 0.966988 0.698851 0.958407 0.697390 0.939132 0.700310 0.930551 0.698850 0.913059 0.701040 0.903611 0.705232 0.893292 0.708176 0.882312 0.714441 0.880947 0.717409
0 0.853756 0.767083 0.845840 0.769203 0.842693 0.772901 0.842988 0.777918 0.846846 0.781475 0.851615 0.783053 0.859614 0.781381 0.862761 0.777683 0.862549 0.773113 0.860723 0.770169 0.857031 0.767507
0 0.872857 0.756367 0.869626 0.759617 0.868594 0.764375 0.869883 0.767861 0.874612 0.772666 0.892943 0.781852 0.906095 0.794124 0.909453 0.794996 0.916747 0.792970 0.923830 0.786376 0.923452 0.780911 0.918972 0.777449 0.903006 0.770665 0.897321 0.764164 0.895949 0.760230 0.886451 0.753847 0.883714 0.752881 0.878740 0.753635
0 0.895797 0.728503 0.884279 0.735310 0.879889 0.739196 0.878773 0.743507 0.881016 0.748688 0.884958 0.752693 0.891303 0.755873 0.897937 0.757168 0.914602 0.757404 0.916755 0.755237 0.914633 0.747276 0.917442 0.734887 0.916859 0.731754 0.912628 0.729634
0 0.848386 0.741669 0.842502 0.744401 0.827426 0.759569 0.824529 0.764609 0.813556 0.777776 0.812895 0.781097 0.815882 0.783405 0.825790 0.785125 0.834495 0.783806 0.839507 0.779826 0.844302 0.764374 0.846911 0.761218 0.849392 0.753940 0.850295 0.745060
0 0.848439 0.707610 0.844375 0.706385 0.822243 0.711119 0.819384 0.712932 0.818973 0.717596 0.822749 0.720705 0.828761 0.722095 0.842067 0.721459 0.848406 0.717738 0.850143 0.713334
0 0.821347 0.682265 0.809989 0.683066 0.805182 0.684715 0.801247 0.687612 0.802829 0.696114 0.810834 0.701344 0.815020 0.699789 0.825250 0.689496 0.824333 0.684574
0 0.735215 0.693475 0.728877 0.697196 0.728428 0.705087 0.729466 0.707230 0.739003 0.710387 0.744554 0.705864 0.744631 0.699411 0.740606 0.694959
0 0.731021 0.777397 0.728905 0.776337 0.712740 0.778786 0.703748 0.781989 0.663875 0.787570 0.652562 0.792046 0.629642 0.795978 0.626244 0.798334 0.632058 0.808956 0.651349 0.826740 0.659892 0.831428 0.664494 0.832111 0.670712 0.831169 0.692056 0.825634 0.703907 0.820617 0.719970 0.797017 0.725598 0.786041 0.730899 0.780176
0 0.711359 0.716416 0.709660 0.717593 0.709872 0.722163 0.716184 0.735471 0.717850 0.744421 0.714459 0.753678 0.710690 0.757470 0.711979 0.760956 0.702537 0.772050 0.695327 0.774522 0.695083 0.780081 0.698691 0.782295 0.704908 0.781353 0.712036 0.778433 0.718952 0.770943 0.727561 0.755374 0.728836 0.745058 0.726753 0.733869 0.724511 0.728687 0.717704 0.719596 0.714634 0.716840
0 0.671505 0.698066 0.669807 0.699244 0.668608 0.703107 0.669415 0.724611 0.670908 0.725766 0.674805 0.726095 0.690887 0.723199 0.694822 0.720302 0.696021 0.716439 0.689791 0.703578 0.684812 0.697431 0.681369 0.696112
0 0.644611 0.708123 0.638977 0.712198 0.640560 0.720701 0.646033 0.722632 0.652873 0.721596 0.657263 0.717710 0.657924 0.714389 0.656635 0.710903 0.652238 0.707888
0 0.653212 0.730287 0.657236 0.734739 0.673157 0.737849 0.687374 0.735234 0.692636 0.732597 0.693546 0.730618 0.692963 0.727486 0.690848 0.726425 0.672235 0.726025 0.656692 0.728380
0 0.695206 0.732667 0.680951 0.738508 0.678676 0.743455 0.682002 0.754454 0.686027 0.758906 0.692456 0.762533 0.695025 0.762604 0.703025 0.760932 0.707788 0.755609 0.709274 0.749862 0.707775 0.741807 0.705076 0.737614 0.701302 0.734505
0 0.681175 0.756880 0.679560 0.758506 0.678239 0.765148 0.670612 0.765383 0.667215 0.767738 0.665311 0.771248 0.663112 0.769740 0.660543 0.769669 0.657396 0.773367 0.659593 0.774875 0.664202 0.782459 0.671003 0.784650 0.681654 0.783496 0.690109 0.780835 0.693506 0.778479 0.694455 0.773274 0.690424 0.761921 0.685239 0.758105
0 0.631328 0.780998 0.631539 0.785568 0.639917 0.789360 0.645140 0.789949 0.653139 0.788277 0.662087 0.781399 0.660465 0.776123 0.654992 0.774192 0.643884 0.776335 0.639820 0.775110 0.632859 0.778926
0 0.511149 0.770876 0.544662 0.764639 0.600674 0.719009 0.606632 0.716362 0.643606 0.728752 0.662558 0.752578 0.638261 0.773671 0.619723 0.799699 0.616974 0.823910 0.602498 0.828427 0.580433 0.831190 0.560668 0.828958 0.539957 0.821650 0.528968 0.814609 0.511856 0.796307
0 0.539315 0.750305 0.533052 0.747573 0.527457 0.748421 0.524060 0.750776 0.509056 0.752589 0.506446 0.755746 0.507529 0.761563 0.509978 0.764413 0.523329 0.767452 0.528303 0.766698 0.539115 0.759538 0.540481 0.756571
0 0.502422 0.751294 0.491480 0.754332 0.485141 0.758053 0.481328 0.758171 0.477809 0.763306 0.479514 0.769029 0.498922 0.777132 0.502818 0.777462 0.505510 0.774753 0.506953 0.765332 0.505574 0.754497
0 0.472785 0.753483 0.466990 0.763564 0.466957 0.773693 0.470616 0.786482 0.475929 0.794420 0.485473 0.804478 0.493145 0.807917 0.503842 0.810437 0.509688 0.810932 0.514578 0.809731 0.516026 0.807211 0.513412 0.803466 0.504163 0.798425 0.495043 0.797506 0.491435 0.795292 0.485749 0.788791 0.479603 0.776378 0.476393 0.755698
0 0.371163 0.780826 0.466455 0.764883 0.463570 0.771841 0.436832 0.841605 0.433130 0.844172 0.374334 0.790377 0.370534 0.784934
0 0.368264 0.782664 0.366066 0.781157 0.361463 0.780473 0.341818 0.784830 0.338377 0.783511 0.332781 0.784359 0.324494 0.787916 0.312764 0.790153 0.306297 0.789752 0.302817 0.791660 0.296183 0.790364 0.280268 0.794156 0.273141 0.797077 0.268667 0.800515 0.267468 0.804378 0.270256 0.815920 0.274363 0.820819 0.280831 0.821220 0.328454 0.812624 0.348515 0.810504 0.353861 0.808314 0.365219 0.807513 0.368782 0.806053 0.372756 0.799929 0.370424 0.787398
0 0.264960 0.828686 0.259948 0.832666 0.261114 0.838932 0.267543 0.842559 0.275087 0.841876 0.278773 0.837636 0.277357 0.830029 0.271094 0.827296
0 0.091539 0.851741 0.087482 0.857417 0.088898 0.865025 0.093211 0.867592 0.097813 0.868276 0.102165 0.867616 0.108088 0.861657 0.107088 0.856287 0.099249 0.851953 0.094897 0.852612
0 0.733647 0.654140 0.729006 0.656684 0.725404 0.661371 0.721385 0.663820 0.722218 0.668296 0.729852 0.674961 0.736281 0.678589 0.747471 0.676893 0.754804 0.671641 0.756541 0.667236 0.755541 0.661866 0.751933 0.659652 0.738582 0.656613 0.736134 0.653763
0 0.695573 0.679695 0.692010 0.681155 0.689939 0.683770 0.694593 0.695028 0.700527 0.702872 0.705552 0.712694 0.710610 0.712388 0.734671 0.687115 0.734377 0.682098 0.732178 0.680591 0.718167 0.680873 0.714726 0.679554 0.703784 0.682592
0 0.563492 0.715352 0.565569 0.719639 0.576349 0.722607 0.586919 0.721006 0.596533 0.717708 0.599226 0.715000 0.597149 0.710713 0.583759 0.710901 0.577125 0.709605 0.567883 0.711466
0 0.563167 0.675829 0.565161 0.679668 0.568769 0.681882 0.582658 0.684379 0.593228 0.682778 0.603668 0.677055 0.605739 0.674440 0.605156 0.671308 0.602707 0.668458 0.589812 0.664429 0.582268 0.665112 0.580735 0.667185 0.574314 0.670459 0.565776 0.672673
0 0.594720 0.683932 0.592112 0.687088 0.594772 0.694508 0.609744 0.702823 0.616755 0.709583 0.619409 0.710101 0.629273 0.708146 0.638388 0.702164 0.637305 0.696346 0.631915 0.694862 0.626152 0.694815 0.623332 0.693401 0.620884 0.690551 0.617808 0.680894 0.614199 0.678680 0.605950 0.679010
0 0.627461 0.674370 0.628832 0.678304 0.644093 0.684734 0.656361 0.681955 0.660585 0.677174 0.655483 0.673805 0.647150 0.673687 0.636370 0.670719 0.630774 0.671567
0 0.701478 0.653032 0.697498 0.652255 0.678064 0.661181 0.670731 0.666434 0.661373 0.677975 0.659514 0.685159 0.660597 0.690976 0.665076 0.694439 0.672909 0.691872 0.677505 0.685654 0.683595 0.680590 0.685332 0.676185 0.691338 0.670674 0.698715 0.669096 0.708201 0.661677 0.708695 0.657460
0 0.703914 0.642080 0.699773 0.647309 0.699984 0.651878 0.710894 0.658968 0.716906 0.660358 0.722584 0.659958 0.724488 0.656448 0.720751 0.650112 0.708887 0.641326
0 0.756543 0.622602 0.748543 0.624274 0.744563 0.623497 0.735199 0.628137 0.724180 0.637629 0.721367 0.643117 0.722655 0.646602 0.728334 0.646202 0.740436 0.642528 0.744204 0.638736 0.751165 0.634921 0.759157 0.626347
0 0.717785 0.623873 0.719323 0.628702 0.727238 0.626582 0.734866 0.626346 0.743942 0.623591 0.755921 0.622696 0.757453 0.620623 0.756371 0.614806 0.749653 0.613062 0.732245 0.615700 0.726899 0.617891
0 0.578930 0.640310 0.571891 0.650579 0.573429 0.655408 0.580063 0.656704 0.584332 0.655597 0.593370 0.656068 0.602612 0.654207 0.602234 0.648743 0.592729 0.635458 0.584025 0.636777
0 0.518122 0.646762 0.518955 0.651238 0.532723 0.656514 0.545202 0.658304 0.551631 0.661932 0.574269 0.666784 0.579243 0.666031 0.580319 0.664947 0.579319 0.659577 0.564348 0.651262 0.557797 0.650414 0.542165 0.645420 0.531717 0.644242 0.519199 0.645679
0 0.509892 0.667796 0.512673 0.672436 0.518935 0.675168 0.535555 0.671730 0.545170 0.668433 0.548028 0.666619 0.549765 0.662214 0.544747 0.659294 0.538280 0.658893 0.529531 0.656537 0.526589 0.657904 0.520827 0.657856 0.519295 0.659929 0.515026 0.661036
0 0.515680 0.650814 0.513482 0.649306 0.505566 0.651426 0.500637 0.655854 0.499271 0.658821 0.496868 0.659646 0.493638 0.662896 0.481703 0.667465 0.467698 0.674649 0.475453 0.678535 0.482625 0.679289 0.493195 0.677688 0.501687 0.671800 0.509065 0.670222 0.510552 0.664475 0.516597 0.655736
0 0.482107 0.655900 0.479743 0.653498 0.470788 0.653474 0.451765 0.657737 0.444221 0.658420 0.436100 0.662871 0.435318 0.668972 0.437849 0.672269 0.446848 0.675967 0.455552 0.674649 0.470268 0.674720 0.471428 0.674084 0.471839 0.669420 0.476441 0.670103 0.480126 0.665864 0.482402 0.660917
0 0.428318 0.676014 0.427620 0.682562 0.430734 0.688992 0.437868 0.692973 0.444168 0.692478 0.446488 0.691207 0.450712 0.686425 0.450084 0.679618 0.444278 0.675897 0.433208 0.674813
0 0.579011 0.685392 0.565994 0.684143 0.557455 0.686357 0.554847 0.689513 0.555020 0.697310 0.553450 0.702609 0.540854 0.710500 0.541148 0.715517 0.554416 0.718108 0.562415 0.716436 0.568627 0.708592 0.575049 0.705318 0.575088 0.702092 0.581382 0.694696 0.582081 0.688148
0 0.507121 0.721593 0.513050 0.722535 0.517529 0.725997 0.521017 0.730991 0.526002 0.744040 0.524887 0.748350 0.521489 0.750705 0.505946 0.753060 0.500845 0.749692 0.499378 0.731508 0.503186 0.724490
0 0.470903 0.688428 0.469370 0.690501 0.469498 0.694623 0.475388 0.698792 0.482977 0.701783 0.486047 0.704539 0.488989 0.703173 0.494713 0.706447 0.497327 0.710192 0.499898 0.710263 0.504128 0.712383 0.513794 0.719661 0.517979 0.718107 0.521126 0.714409 0.520498 0.707602 0.511698 0.694671 0.496604 0.689135 0.484663 0.686803 0.477574 0.686497
0 0.502519 0.720909 0.500070 0.718059 0.495469 0.717376 0.486393 0.720132 0.460281 0.724088 0.454852 0.725831 0.452864 0.728893 0.456018 0.732096 0.460786 0.733675 0.477823 0.732474 0.488847 0.729883 0.500076 0.724961
0 0.454819 0.735959 0.451172 0.736972 0.450428 0.739845 0.441814 0.748513 0.440244 0.753812 0.443274 0.759795 0.452274 0.763493 0.460356 0.762269 0.466157 0.759089 0.470380 0.754308 0.471330 0.749102 0.473938 0.745946 0.470535 0.741400 0.462780 0.737514 0.459133 0.738526
0 0.433022 0.697849 0.426728 0.705244 0.423049 0.716385 0.423593 0.722745 0.426374 0.727385 0.431514 0.727526 0.452941 0.722439 0.455595 0.722957 0.468113 0.721521 0.470100 0.718459 0.469267 0.713984 0.464575 0.705952 0.461506 0.703196 0.445995 0.695423 0.439445 0.694575
0 0.408922 0.726348 0.404159 0.731671 0.405409 0.738384 0.410966 0.740763 0.419048 0.739538 0.423810 0.734215 0.422022 0.728044 0.415677 0.724864
0 0.379489 0.726206 0.375304 0.727760 0.371701 0.732448 0.368227 0.741256 0.361849 0.748205 0.351203 0.756260 0.346767 0.756472 0.346274 0.760688 0.364021 0.766742 0.369533 0.765446 0.370899 0.762479 0.374751 0.759134 0.375495 0.756260 0.382577 0.749666 0.393018 0.743942 0.397287 0.742835 0.399275 0.739773 0.399147 0.735651 0.395993 0.732448
0 0.392586 0.676366 0.389355 0.679617 0.383055 0.680111 0.377170 0.682843 0.376343 0.685269 0.380208 0.695727 0.381086 0.703877 0.377528 0.712239 0.371355 0.716855 0.374054 0.721048 0.381104 0.724581 0.385790 0.725711 0.390141 0.725052 0.397314 0.725806 0.407717 0.723310 0.418325 0.718481 0.422632 0.714147 0.423292 0.710826 0.422088 0.707788 0.416075 0.706398 0.411595 0.702936 0.409140 0.693184 0.410544 0.686990 0.409628 0.682067 0.405937 0.679405
0 0.349774 0.734849 0.347409 0.732447 0.333981 0.735862 0.328219 0.735815 0.305344 0.743422 0.300165 0.746507 0.299216 0.751713 0.300254 0.753856 0.303779 0.755623 0.331090 0.747804 0.338672 0.743894 0.345967 0.741868 0.349736 0.738076
0 0.287819 0.755740 0.286832 0.764172 0.288537 0.769896 0.294799 0.772628 0.301266 0.773029 0.311303 0.778871 0.315905 0.779554 0.333147 0.776021 0.337910 0.770698 0.339480 0.765398 0.335705 0.762289 0.333134 0.762219 0.324847 0.765775 0.319873 0.766529 0.314483 0.765045 0.299466 0.753055 0.291300 0.753832
0 0.189547 0.818485 0.185567 0.817708 0.177401 0.818485 0.164845 0.823148 0.152494 0.825480 0.147648 0.830355 0.148481 0.834830 0.155948 0.840601 0.162582 0.841897 0.166934 0.841237 0.177580 0.833182 0.184085 0.830356 0.190835 0.821971
0 0.275249 0.791235 0.270853 0.788220 0.266955 0.787891 0.242542 0.790669 0.235332 0.793142 0.199489 0.810077 0.192322 0.816224 0.192451 0.820346 0.196598 0.822018 0.203974 0.820440 0.211769 0.821100 0.228639 0.819004 0.240823 0.815778 0.250270 0.811585 0.259840 0.804614 0.266263 0.801340 0.273967 0.794651
0 0.211203 0.697867 0.210543 0.701188 0.211914 0.705121 0.218554 0.713318 0.222540 0.720997 0.226316 0.724106 0.230584 0.722999 0.236219 0.718924 0.246986 0.708090 0.249634 0.701707 0.249135 0.699022 0.242873 0.696289 0.238975 0.695960 0.220696 0.697349 0.214850 0.696854
0 0.261242 0.702249 0.253864 0.703827 0.246366 0.708184 0.238288 0.716310 0.237174 0.720620 0.240538 0.728393 0.246761 0.734352 0.250992 0.736472 0.262144 0.738003 0.265625 0.736096 0.274328 0.734777 0.279507 0.731692 0.284437 0.727264 0.286878 0.723212 0.287494 0.716217 0.285623 0.709598 0.281060 0.705688 0.271606 0.702979
0 0.277271 0.733411 0.272175 0.736944 0.269777 0.744670 0.270656 0.752819 0.273020 0.755222 0.284666 0.752537 0.286358 0.744458 0.283783 0.737486
0 0.250317 0.770625 0.247626 0.773334 0.246221 0.779529 0.247221 0.784899 0.248798 0.786500 0.268154 0.784028 0.269148 0.782497 0.268398 0.778469 0.265866 0.775172 0.254586 0.769518
0 0.222231 0.746812 0.224308 0.751099 0.233141 0.753902 0.242716 0.753831 0.261990 0.750911 0.264848 0.749098 0.263477 0.745164 0.260035 0.743845 0.257548 0.744222 0.249088 0.739982 0.233378 0.741442 0.224924 0.744103
0 0.214875 0.724459 0.212426 0.721609 0.208279 0.719936 0.188051 0.721161 0.182706 0.723351 0.175994 0.728509 0.171559 0.728721 0.168617 0.730087 0.163688 0.734515 0.163111 0.738284 0.165560 0.741134 0.178743 0.743278 0.196152 0.740640 0.207754 0.734281 0.213137 0.728864
0 0.103554 0.751449 0.102310 0.751637 0.102444 0.762661 0.097439 0.773542 0.098355 0.778465 0.099682 0.778724 0.104943 0.776086 0.107636 0.773378 0.109367 0.762072 0.111560 0.756678 0.105214 0.753498
0 0.100183 0.736775 0.093601 0.746055 0.086075 0.767441 0.086164 0.774790 0.090196 0.786143 0.092849 0.786662 0.095253 0.785837 0.099599 0.778277 0.106002 0.754299 0.105285 0.740143 0.104330 0.738447
0 0.106187 0.775898 0.100925 0.778536 0.094259 0.787368 0.090496 0.798062 0.090957 0.803974 0.093945 0.806282 0.107295 0.809321 0.117409 0.808709 0.120844 0.803126 0.121954 0.791915 0.119666 0.783058 0.115225 0.776369 0.111161 0.775144
0 0.183729 0.800961 0.180120 0.798747 0.176306 0.798864 0.161263 0.803905 0.150116 0.809275 0.139669 0.808097 0.130965 0.809415 0.128728 0.811135 0.127984 0.814008 0.130266 0.815963 0.137067 0.818154 0.141502 0.817942 0.144239 0.818908 0.149213 0.818154 0.150622 0.818861 0.160486 0.816906 0.178594 0.807721 0.182901 0.803387
0 0.113879 0.755406 0.114924 0.764451 0.119404 0.767913 0.130352 0.771776 0.136242 0.775946 0.143247 0.775804 0.146728 0.773897 0.149419 0.771188 0.147548 0.764569 0.142652 0.758869 0.137550 0.755501 0.124365 0.753357
0 0.141749 0.723115 0.139095 0.722596 0.133666 0.724339 0.126668 0.731382 0.118379 0.734938 0.113989 0.738824 0.112791 0.742687 0.113874 0.748505 0.117482 0.750719 0.123494 0.752109 0.125981 0.751732 0.131736 0.744878 0.142556 0.744619 0.146491 0.741722 0.147690 0.737859 0.146191 0.729804
